sede_sise,distancia_km,cod_mod,nombre_colegio,gestion,tipo_gestion,provincia,distrito,direccion,latitud,longitud
SISE SAN MIGUEL,4.48,0209973,MILITAR LEONCIO PRADO,P£blica de gesti¢n directa,Público,CALLAO,LA PERLA,AVENIDA COSTANERA 1541,-12.0754,-77.1183
SISE SAN MIGUEL,3.05,0209924,DORA MAYER,P£blica de gesti¢n directa,Público,CALLAO,BELLAVISTA,PARQUE LAS AMERICAS 140,-12.05706,-77.09312
SISE COMAS,2.46,0659722,5080 SOR ANA DE LOS ANGELES,P£blica de gesti¢n directa,Público,CALLAO,CALLAO,ALAMEDA ALAMEDA DE LOS MISIONEROS S/N,-12.01107,-77.10339
SISE COMAS,1.48,0498824,5026 JOSE MARIA ARGUEDAS,P£blica de gesti¢n directa,Público,CALLAO,CALLAO,CALLE LAS MORAS S/N,-12.01984,-77.09149
SISE INDEPENDENCIA,4.8,0498824,5026 JOSE MARIA ARGUEDAS,P£blica de gesti¢n directa,Público,CALLAO,CALLAO,CALLE LAS MORAS S/N,-12.01984,-77.09149
SISE COMAS,2.23,1083716,5099 RICARDO PALMA,P£blica de gesti¢n directa,Público,CALLAO,CALLAO,PASAJE JOSE OLAYA S/N,-12.02017,-77.09931
SISE COMAS,4.19,0582890,5031 CESAR VALLEJO,P£blica de gesti¢n directa,Público,CALLAO,CALLAO,JIRON TUMBES S/N,-12.04287,-77.10235
SISE SAN MIGUEL,4.92,0582890,5031 CESAR VALLEJO,P£blica de gesti¢n directa,Público,CALLAO,CALLAO,JIRON TUMBES S/N,-12.04287,-77.10235
SISE SAN MIGUEL,4.81,0209536,CALLAO,P£blica de gesti¢n directa,Público,CALLAO,BELLAVISTA,AVENIDA JUAN PABLO II S/N,-12.06339,-77.11831
SISE SAN MIGUEL,3.82,1083815,5050 SAN PEDRO,P£blica de gesti¢n directa,Público,CALLAO,BELLAVISTA,AVENIDA UNO S/N,-12.06082,-77.10671
SISE COMAS,4.61,0583013,5049 EMMA DETTMANN DE GUTIERREZ,P£blica de gesti¢n directa,Público,CALLAO,CALLAO,CALLE RUY DIAZ 316,-12.05066,-77.09526
SISE SAN MIGUEL,3.77,0583013,5049 EMMA DETTMANN DE GUTIERREZ,P£blica de gesti¢n directa,Público,CALLAO,CALLAO,CALLE RUY DIAZ 316,-12.05066,-77.09526
SISE SAN MIGUEL,4.84,0209908,GENERAL PRADO,P£blica de gesti¢n directa,Público,CALLAO,BELLAVISTA,AVENIDA JUAN PABLO II S/N,-12.06422,-77.11895
SISE COMAS,3.43,0705772,4015 AUGUSTO SALAZAR BONDY,P£blica de gesti¢n directa,Público,CALLAO,CARMEN DE LA LEGUA REYNOSO,JIRON ANGEL QUISPE 350,-12.04198,-77.08676
SISE SAN MIGUEL,4.32,0705772,4015 AUGUSTO SALAZAR BONDY,P£blica de gesti¢n directa,Público,CALLAO,CARMEN DE LA LEGUA REYNOSO,JIRON ANGEL QUISPE 350,-12.04198,-77.08676
SISE COMAS,3.94,0209965,RAUL PORRAS BARRENECHEA,P£blica de gesti¢n directa,Público,CALLAO,CARMEN DE LA LEGUA REYNOSO,JIRON PIURA Y LIMA S/N,-12.04327,-77.09718
SISE SAN MIGUEL,4.59,0209965,RAUL PORRAS BARRENECHEA,P£blica de gesti¢n directa,Público,CALLAO,CARMEN DE LA LEGUA REYNOSO,JIRON PIURA Y LIMA S/N,-12.04327,-77.09718
SISE COMAS,4.29,1083674,5097 SAN JUAN MACIAS,P£blica de gesti¢n directa,Público,CALLAO,CALLAO,AVENIDA CANADA MZ P,-11.99755,-77.11748
SISE COMAS,1.67,1098441,CORAZON DE JESUS,Privada,Privado,CALLAO,CALLAO,CALLE 2 MZ J LOTE 4-5,-12.02103,-77.09283
SISE INDEPENDENCIA,4.99,1098441,CORAZON DE JESUS,Privada,Privado,CALLAO,CALLAO,CALLE 2 MZ J LOTE 4-5,-12.02103,-77.09283
SISE COMAS,2.36,1098201,VIRGEN DE CHAPI,Privada,Privado,CALLAO,CALLAO,CALLE 5 MZ N LOTE 14,-12.00975,-77.10239
SISE COMAS,2.54,1099597,TALENTUS SCHOOL,Privada,Privado,CALLAO,CALLAO,AVENIDA PACASMAYO MZ B LOTE 4,-12.00635,-77.10346
SISE COMAS,2.28,0879817,5095 JULIO RAMON RIBEYRO,P£blica de gesti¢n directa,Público,CALLAO,CALLAO,AVENIDA OMICRON S/N,-12.0253,-77.0965
SISE COMAS,3.35,0659623,5036 RAFAEL BELAUNDE DIEZ CANSECO,P£blica de gesti¢n directa,Público,CALLAO,CALLAO,JIRON SANTOS CHOCANO S/N,-12.03769,-77.09641
SISE COMAS,1.92,0693390,NI¥O JESUS MARISCAL CHAPERITO,Privada,Privado,CALLAO,CALLAO,AVENIDA PACASMAYO 4737,-12.02095,-77.09563
SISE SAN MIGUEL,4.24,1191998,THOMAS JEFFERSON,Privada,Privado,CALLAO,LA PERLA,JIRON CAHUIDE 2280,-12.0735,-77.11576
SISE COMAS,3.22,0583070,SANTA ANGELA MERICI,Privada,Privado,CALLAO,CARMEN DE LA LEGUA REYNOSO,JIRON VICTOR.A. BELAUNDE S/N,-12.03898,-77.09077
SISE SAN MIGUEL,4.76,0583070,SANTA ANGELA MERICI,Privada,Privado,CALLAO,CARMEN DE LA LEGUA REYNOSO,JIRON VICTOR.A. BELAUNDE S/N,-12.03898,-77.09077
SISE COMAS,3.55,0880260,BARBARA D'ACHILLE,Privada,Privado,CALLAO,CARMEN DE LA LEGUA REYNOSO,AVENIDA LOPEZ PAZOS 380,-12.04015,-77.09553
SISE SAN MIGUEL,4.82,0880260,BARBARA D'ACHILLE,Privada,Privado,CALLAO,CARMEN DE LA LEGUA REYNOSO,AVENIDA LOPEZ PAZOS 380,-12.04015,-77.09553
SISE COMAS,2.53,0880302,JEAN CALVIN LEFRANC,Privada,Privado,CALLAO,CALLAO,CALLE LOS JAZMINES MZ C LOTE 8-12,-12.00717,-77.10353
SISE COMAS,2.92,1099431,BEATA ANA MARIA JAVOUHEY,Privada,Privado,CALLAO,CALLAO,CALLE 1 S/N II ETAPA S/N,-12.03284,-77.09672
SISE COMAS,1.51,0728576,VIRGEN DE GUADALUPE,Privada,Privado,CALLAO,CALLAO,MZ E-1 LOTE 8 - 9 ETAPA I,-12.01059,-77.09462
SISE INDEPENDENCIA,4.45,0728576,VIRGEN DE GUADALUPE,Privada,Privado,CALLAO,CALLAO,MZ E-1 LOTE 8 - 9 ETAPA I,-12.01059,-77.09462
SISE COMAS,2.73,1098326,MADRE TERESA DE CALCUTA,Privada,Privado,CALLAO,CALLAO,URB. LOS JAZMINES MZ A LOTE 3 Y 4,-12.00773,-77.10553
SISE COMAS,1.68,1099316,LOS OLIVOS,Privada,Privado,CALLAO,CALLAO,CALLE LOS ALAMOS MZ G LOTE 18-19,-12.02196,-77.09209
SISE COMAS,4.31,1099555,SAN BENITO DE PALERMO,Privada,Privado,CALLAO,CALLAO,PASAJE CANADA MZ D1 LOTE 7-8,-11.99852,-77.11808
SISE COMAS,1.88,0880286,SAN IGNACIO DE LOYOLA,Privada,Privado,CALLAO,CALLAO,CALLE EUCARIS 164,-12.00991,-77.09796
SISE INDEPENDENCIA,4.73,0880286,SAN IGNACIO DE LOYOLA,Privada,Privado,CALLAO,CALLAO,CALLE EUCARIS 164,-12.00991,-77.09796
SISE COMAS,3.11,1098482,ALFREDO REBAZA ACOSTA DE LOS JAZMINES,Privada,Privado,CALLAO,CALLAO,MZ U LOTE 10 ZONA IV,-12.00359,-77.10818
SISE COMAS,1.93,1099357,FLORENCE NIGHTINGALE,Privada,Privado,CALLAO,CALLAO,CALLE GUSTAVO PONS MUSSO MZ A LOTE 2-3,-12.01716,-77.09765
SISE COMAS,3.53,0880245,REGINA PACIS,Privada,Privado,CALLAO,CARMEN DE LA LEGUA REYNOSO,AVENIDA 1 DE MAYO 486,-12.04056,-77.09428
SISE SAN MIGUEL,4.72,0880245,REGINA PACIS,Privada,Privado,CALLAO,CARMEN DE LA LEGUA REYNOSO,AVENIDA 1 DE MAYO 486,-12.04056,-77.09428
SISE COMAS,2.29,1099639,SAN LAZARO,Privada,Privado,CALLAO,CALLAO,COOP. ALBINO HERRERA PRIMERA ETAPA MZ H LOTE 20-21,-12.00885,-77.1016
SISE COMAS,2.47,0782227,JESUS SALVADOR,Privada,Privado,CALLAO,CALLAO,AVENIDA LOS DOMINICOS 1215,-12.0023,-77.10136
SISE INDEPENDENCIA,4.76,0782227,JESUS SALVADOR,Privada,Privado,CALLAO,CALLAO,AVENIDA LOS DOMINICOS 1215,-12.0023,-77.10136
SISE COMAS,1.67,0883793,SANTISIMA MARIA DE GUADALUPE,Privada,Privado,CALLAO,CALLAO,CALLE LOS FLAMENCOS 182,-12.01008,-77.09605
SISE INDEPENDENCIA,4.56,0883793,SANTISIMA MARIA DE GUADALUPE,Privada,Privado,CALLAO,CALLAO,CALLE LOS FLAMENCOS 182,-12.01008,-77.09605
SISE COMAS,2.91,0583161,SANTA CRUZ,Privada,Privado,CALLAO,CALLAO,AVENIDA QUILCA 6TA CDRA S/N,-12.03214,-77.09748
SISE SAN MIGUEL,4.49,1083708,KAREN HORNEY,Privada,Privado,CALLAO,BELLAVISTA,CALLE VALLE RIESTRA 385,-12.06045,-77.11358
SISE COMAS,1.71,0705780,NI¥O JESUS DE PRAGA,Privada,Privado,CALLAO,CALLAO,CALLE CESAR VALLEJO MZ G LOTE 1-5,-12.01704,-77.09554
SISE INDEPENDENCIA,4.93,0705780,NI¥O JESUS DE PRAGA,Privada,Privado,CALLAO,CALLAO,CALLE CESAR VALLEJO MZ G LOTE 1-5,-12.01704,-77.09554
SISE COMAS,1.86,0478479,JUAN INGUNZA VALDIVIA,P£blica de gesti¢n directa,Público,CALLAO,CALLAO,AVENIDA NENUFARES 401,-12.01202,-77.0979
SISE INDEPENDENCIA,4.84,0478479,JUAN INGUNZA VALDIVIA,P£blica de gesti¢n directa,Público,CALLAO,CALLAO,AVENIDA NENUFARES 401,-12.01202,-77.0979
SISE COMAS,1.13,0782078,5085 RAMIRO PRIALE PRIALE,P£blica de gesti¢n directa,Público,CALLAO,CALLAO,CALLE LOS FAISANES CUADRA 1 MZ O,-12.01514,-77.09056
SISE INDEPENDENCIA,4.38,0782078,5085 RAMIRO PRIALE PRIALE,P£blica de gesti¢n directa,Público,CALLAO,CALLAO,CALLE LOS FAISANES CUADRA 1 MZ O,-12.01514,-77.09056
SISE COMAS,3.05,1195239,JOSE MARIA ESCRIVA DE BALAGUER,Privada,Privado,CALLAO,CALLAO,CALLE MARTE 175,-12.03502,-77.09557
SISE COMAS,4.81,0582866,4018 ABRAHAM VALDELOMAR,P£blica de gesti¢n directa,Público,CALLAO,CALLAO,AVENIDA PROCERES S/N,-12.04283,-77.11144
SISE COMAS,4.15,0209510,POLITECNICO NACIONAL DEL CALLAO,P£blica de gesti¢n directa,Público,CALLAO,CALLAO,AVENIDA ELMER FAUCETT S/N,-12.044294,-77.099361
SISE SAN MIGUEL,4.61,0209510,POLITECNICO NACIONAL DEL CALLAO,P£blica de gesti¢n directa,Público,CALLAO,CALLAO,AVENIDA ELMER FAUCETT S/N,-12.044294,-77.099361
SISE SAN MIGUEL,4.89,1083864,EL FUNDAMENTO,Privada,Privado,CALLAO,LA PERLA,AVENIDA SANTA ROSA 405,-12.06899,-77.12096
SISE SAN MIGUEL,3.89,0664664,SANTA MARIA REYNA DE LOS ANGELES,Privada,Privado,CALLAO,LA PERLA,JIRON UCAYALI 195,-12.07202,-77.11222
SISE COMAS,3.92,1097922,JERUSALEN,Privada,Privado,CALLAO,CALLAO,AVENIDA MORALES DUAREZ MZ 2U,-12.04123,-77.10048
SISE SAN MIGUEL,4.96,1097922,JERUSALEN,Privada,Privado,CALLAO,CALLAO,AVENIDA MORALES DUAREZ MZ 2U,-12.04123,-77.10048
SISE COMAS,1.26,1099670,NUESTRA SE¥ORA DE BELEN,Privada,Privado,CALLAO,CALLAO,CALLE LAS HIEDRAS,-12.01647,-77.09123
SISE INDEPENDENCIA,4.53,1099670,NUESTRA SE¥ORA DE BELEN,Privada,Privado,CALLAO,CALLAO,CALLE LAS HIEDRAS,-12.01647,-77.09123
SISE COMAS,2.92,0601518,TUPAC AMARU,Privada,Privado,CALLAO,CARMEN DE LA LEGUA REYNOSO,LOPEZ PAZOS,-12.03774,-77.08447
SISE SAN MIGUEL,4.73,0601518,TUPAC AMARU,Privada,Privado,CALLAO,CARMEN DE LA LEGUA REYNOSO,LOPEZ PAZOS,-12.03774,-77.08447
SISE SAN MIGUEL,4.67,1085661,PADRE ETERNO,Privada,Privado,CALLAO,BELLAVISTA,AVENIDA COLONIAL 2756,-12.05701,-77.11346
SISE SAN MIGUEL,3.01,1189505,VIRGEN DEL ROSARIO,Privada,Privado,CALLAO,BELLAVISTA,CALLE SEBASTIAN BARRANCA 209,-12.05689,-77.09229
SISE SAN MIGUEL,3.24,1083542,SANTISIMA TRINIDAD,Privada,Privado,CALLAO,BELLAVISTA,URB. SAGRADA FAMILIA MZ E LOTE 13,-12.06239,-77.10133
SISE SAN MIGUEL,3.37,0656421,MARISCAL SANTA CRUZ,Privada,Privado,CALLAO,BELLAVISTA,AVENIDA SAN JOSE 289,-12.05494,-77.09523
SISE COMAS,1.67,1194398,SAN MARCOS,Privada,Privado,CALLAO,CALLAO,MZ B1 LOTE 22 ETAPA I,-12.01035,-77.09608
SISE INDEPENDENCIA,4.57,1194398,SAN MARCOS,Privada,Privado,CALLAO,CALLAO,MZ B1 LOTE 22 ETAPA I,-12.01035,-77.09608
SISE SAN MIGUEL,4.66,1222355,PORTADORES DE LUZ,Privada,Privado,CALLAO,BELLAVISTA,CALLE ALBERTO SABOGAL 136,-12.05805,-77.11405
SISE SAN MIGUEL,4.95,0210443,CONCORDIA UNIVERSAL,Privada,Privado,CALLAO,LA PERLA,AVENIDA SANTA ROSA 448,-12.06908,-77.12146
SISE SAN MIGUEL,2.97,1222074,INGENIERIA BELLAVISTA,Privada,Privado,CALLAO,BELLAVISTA,JIRON SEBASTIAN BARRANCA 348,-12.0581,-77.09343
SISE COMAS,1.84,1221472,FRANCISCO DE ZELA,Privada,Privado,CALLAO,CALLAO,AVENIDA NENUFARES 382,-12.01256,-77.09765
SISE INDEPENDENCIA,4.85,1221472,FRANCISCO DE ZELA,Privada,Privado,CALLAO,CALLAO,AVENIDA NENUFARES 382,-12.01256,-77.09765
SISE SAN MIGUEL,4.51,1221555,JESUS MAESTRO,Privada,Privado,CALLAO,BELLAVISTA,VALLE RIESTRA 250,-12.05987,-77.11347
SISE SAN MIGUEL,4.51,1221431,LOS LIBERTADORES,Privada,Privado,CALLAO,LA PERLA,JIRON DOS DE MAYO 701,-12.06962,-77.11743
SISE SAN MIGUEL,4.51,0582742,SAN JOSE,Privada,Privado,CALLAO,LA PERLA,JIRON MARISCAL R. CASTILLA CUADRA 8,-12.06897,-77.11733
SISE COMAS,1.7,0659896,5074 ALCIDES SPELUCIN VEGA,P£blica de gesti¢n directa,Público,CALLAO,CALLAO,CALLE 7 S/N,-12.00959,-77.09624
SISE INDEPENDENCIA,4.55,0659896,5074 ALCIDES SPELUCIN VEGA,P£blica de gesti¢n directa,Público,CALLAO,CALLAO,CALLE 7 S/N,-12.00959,-77.09624
SISE SAN MIGUEL,4.64,1228956,EURO HIGH SCHOOL,Privada,Privado,CALLAO,BELLAVISTA,CALLE JOSE PARODI 431,-12.05724,-77.11323
SISE SAN MIGUEL,4.38,1191584,NUESTRA SE¥ORA DE FATIMA,Privada,Privado,CALLAO,LA PERLA,AVENIDA MARISCAL CASTILLA 951 MZ B-3 LOTE 11,-12.06959,-77.11624
SISE COMAS,1.94,1098284,JESUS DIVINO MAESTRO,Privada,Privado,CALLAO,CALLAO,AVENIDA LOS NENUFARES 614,-12.01068,-77.09856
SISE INDEPENDENCIA,4.83,1098284,JESUS DIVINO MAESTRO,Privada,Privado,CALLAO,CALLAO,AVENIDA LOS NENUFARES 614,-12.01068,-77.09856
SISE COMAS,4.89,1239789,JORDAN DE JESUS,Privada,Privado,CALLAO,CALLAO,CALLE 200 MILLAS,-11.99636,-77.12294
SISE COMAS,2.47,1238427,JUAN BAUTISTA,Privada,Privado,CALLAO,CALLAO,CALLE ALFA SECTOR 3 MZ D4,-12.02724,-77.09703
SISE COMAS,4.55,1262740,PARADISE HOME SCHOOL,Privada,Privado,CALLAO,CALLAO,ALONSO MARTIN DE BENITO,-12.05041,-77.0942
SISE SAN MIGUEL,3.74,1262740,PARADISE HOME SCHOOL,Privada,Privado,CALLAO,CALLAO,ALONSO MARTIN DE BENITO,-12.05041,-77.0942
SISE COMAS,4.98,1262781,MARIA REINA DE CORAZONES,Privada,Privado,CALLAO,CALLAO,SANTA CRUZ MZ X LOTE 20,-12.04606,-77.11013
SISE SAN MIGUEL,3.58,1381383,VIRGEN DE LA ESPERANZA,Privada,Privado,CALLAO,LA PERLA,CALLE MADRID 156,-12.07354,-77.10963
SISE SAN MIGUEL,3.89,1381441,CRISTO VICTORIOSO,Privada,Privado,CALLAO,BELLAVISTA,AVENIDA DOS MZ T2 LOTE 12,-12.06255,-77.10851
SISE SAN MIGUEL,3.5,1099654,LICEO NAVAL CAPITAN DE NAVIO GERMAN ASTETE,P£blica de gesti¢n directa,Público,CALLAO,LA PERLA,CALLE GRITOS DE HUAURA 310,-12.06667,-77.10662
SISE COMAS,2.85,1266840,5126,P£blica de gesti¢n directa,Público,CALLAO,CALLAO,CALLE SEXTA S/N,-12.00561,-77.10623
SISE SAN MIGUEL,4.29,1381664,MI AMIGO JESUS,Privada,Privado,CALLAO,LA PERLA,AVENIDA PACIFICO 138,-12.07163,-77.11591
SISE COMAS,1.73,1381680,SENOR DE GUALAMITA,Privada,Privado,CALLAO,CALLAO,CALLE LAS MAGNOLIAS 1,-12.01292,-77.09663
SISE INDEPENDENCIA,4.77,1381680,SENOR DE GUALAMITA,Privada,Privado,CALLAO,CALLAO,CALLE LAS MAGNOLIAS 1,-12.01292,-77.09663
SISE SAN MIGUEL,4.68,1381821,JESUS ES MI LUZ,Privada,Privado,CALLAO,CALLAO,CALLE 5 MZ P1 LOTE 25,-12.0558,-77.11271
SISE COMAS,4.67,0764928,2093 SANTA ROSA,P£blica de gesti¢n directa,Público,CALLAO,CALLAO,AVENIDA LA REGLA MZ D,-11.989659,-77.117276
SISE SAN MIGUEL,4.75,1381946,SARITA COLONIA ZAMBRANO,Privada,Privado,CALLAO,CALLAO,LOS PILARES MZ B LOTE 1,-12.05401,-77.11226
SISE SAN MIGUEL,3.39,1382142,MARISCAL ANDRES AVELINO CACERES,Privada,Privado,CALLAO,LA PERLA,JIRON CONTRALMIRANTE LIZARDO MONTERO 290,-12.06864,-77.10637
SISE COMAS,2.4,1382381,THALES DE MILETO,Privada,Privado,CALLAO,CALLAO,CALLE 7 S/N MZ N LOTE 24,-12.00908,-77.1027
SISE SAN MIGUEL,3.84,1382910,EUROAMERICA,Privada,Privado,CALLAO,LA PERLA,AVENIDA HAYA DE LA TORRE 709,-12.073953,-77.112102
SISE COMAS,4.69,1383165,LA SAGRADA FAMILIA DEL CALLAO,Privada,Privado,CALLAO,CALLAO,AVENIDA ARGENTINA 4266,-12.0489,-77.10106
SISE SAN MIGUEL,4.29,1383165,LA SAGRADA FAMILIA DEL CALLAO,Privada,Privado,CALLAO,CALLAO,AVENIDA ARGENTINA 4266,-12.0489,-77.10106
SISE COMAS,2.44,1383199,5139 LAS COLINAS,P£blica de gesti¢n directa,Público,CALLAO,CALLAO,CALLE 8 Y 10 S/N,-12.00322,-77.1015
SISE INDEPENDENCIA,4.8,1383199,5139 LAS COLINAS,P£blica de gesti¢n directa,Público,CALLAO,CALLAO,CALLE 8 Y 10 S/N,-12.00322,-77.1015
SISE COMAS,4.92,1383819,HONORES OQUENDO,Privada,Privado,CALLAO,CALLAO,AVENIDA LOS ALISOS MZ A LOTE 8-18,-11.97957,-77.11181
SISE COMAS,3.73,1384221,B. GROUP,Privada,Privado,CALLAO,CARMEN DE LA LEGUA REYNOSO,AVENIDA MANCO CAPAC 245-241,-12.04137,-77.09671
SISE SAN MIGUEL,4.75,1384221,B. GROUP,Privada,Privado,CALLAO,CARMEN DE LA LEGUA REYNOSO,AVENIDA MANCO CAPAC 245-241,-12.04137,-77.09671
SISE COMAS,4.82,1384387,NEIL ARMSTRONG SCHOOL,Privada,Privado,CALLAO,CALLAO,JIRON JOSE CARLOS MARIATEGUI MZ F LOTE 27 ZONA 4,-12.0451,-77.10904
SISE COMAS,4.95,1384411,MARIA INMACULADA DE SAN JOSE,Privada,Privado,CALLAO,BELLAVISTA,CALLE JUAN SALCEDO 260,-12.05485,-77.09187
SISE SAN MIGUEL,3.18,1384411,MARIA INMACULADA DE SAN JOSE,Privada,Privado,CALLAO,BELLAVISTA,CALLE JUAN SALCEDO 260,-12.05485,-77.09187
SISE ATE,4.64,1076579,20955-2 NACIONES UNIDAS,P£blica de gesti¢n directa,Público,HUAROCHIRI,SAN ANTONIO,JIRON LAS PONCEANAS S/N MZ A,-11.979292,-76.910761
SISE SAN JUAN DE MIRAFLORES,1.01,1071398,SANTA URSULA,Privada,Privado,LIMA,SAN JUAN DE MIRAFLORES,JIRON FELIPE OLIVA 183 MZ A LOTE 24,-12.15147,-76.97427
SISE SURCO,1.6,1071398,SANTA URSULA,Privada,Privado,LIMA,SAN JUAN DE MIRAFLORES,JIRON FELIPE OLIVA 183 MZ A LOTE 24,-12.15147,-76.97427
SISE SAN JUAN DE MIRAFLORES,1.38,1193945,PAULO FREIRE,Privada,Privado,LIMA,SAN JUAN DE MIRAFLORES,JIRON JUAN NEYRA 349 MZ M LOTE 11,-12.14853,-76.97653
SISE SURCO,1.27,1193945,PAULO FREIRE,Privada,Privado,LIMA,SAN JUAN DE MIRAFLORES,JIRON JUAN NEYRA 349 MZ M LOTE 11,-12.14853,-76.97653
SISE SAN JUAN DE MIRAFLORES,2.54,1193820,MIGUEL GRAU,Privada,Privado,LIMA,SAN JUAN DE MIRAFLORES,MIGUEL GRAU,-12.13911,-76.9652
SISE SURCO,2.59,1193820,MIGUEL GRAU,Privada,Privado,LIMA,SAN JUAN DE MIRAFLORES,MIGUEL GRAU,-12.13911,-76.9652
SISE VILLA EL SALVADOR,3.59,0874537,CRISTO EL SALVADOR,Privada,Privado,LIMA,VILLA EL SALVADOR,LOTE 2 SECTOR 3,-12.22343,-76.93093
SISE VILLA EL SALVADOR,1.64,0874271,JUAN ESPINOZA MEDRANO,Privada,Privado,LIMA,VILLA EL SALVADOR,AVENIDA LOS ALAMOS 1248 MZ D LOTE 12 SECTOR 2,-12.20411,-76.94568
SISE VILLA EL SALVADOR,3.05,0777334,PEDRO RUIZ GALLO,Privada,Privado,LIMA,VILLA EL SALVADOR,MZ C LOTE 21 SECTOR 3,-12.21775,-76.92852
SISE SAN JUAN DE MIRAFLORES,2.24,0870956,7208,P£blica de gesti¢n directa,Público,LIMA,SAN JUAN DE MIRAFLORES,JIRON MARISCAL CASTILLA MZ A LOTE 01 ETAPA 1,-12.17325,-76.95738
SISE SURCO,4.49,0870956,7208,P£blica de gesti¢n directa,Público,LIMA,SAN JUAN DE MIRAFLORES,JIRON MARISCAL CASTILLA MZ A LOTE 01 ETAPA 1,-12.17325,-76.95738
SISE VILLA EL SALVADOR,2.99,0870956,7208,P£blica de gesti¢n directa,Público,LIMA,SAN JUAN DE MIRAFLORES,JIRON MARISCAL CASTILLA MZ A LOTE 01 ETAPA 1,-12.17325,-76.95738
SISE SAN JUAN DE MIRAFLORES,2.35,0643262,6151 SAN LUIS GONZAGA,P£blica de gesti¢n directa,Público,LIMA,SAN JUAN DE MIRAFLORES,JIRON FRANCISCO BOLOGNESI S/N ZONA C,-12.13945,-76.97141
SISE SURCO,1.94,0643262,6151 SAN LUIS GONZAGA,P£blica de gesti¢n directa,Público,LIMA,SAN JUAN DE MIRAFLORES,JIRON FRANCISCO BOLOGNESI S/N ZONA C,-12.13945,-76.97141
SISE SAN JUAN DE MIRAFLORES,2.85,0501601,6038 OLLANTAY,P£blica de gesti¢n directa,Público,LIMA,SAN JUAN DE MIRAFLORES,AVENIDA EDILBERTO RAMOS OLLANTAY S/N,-12.1366,-76.96388
SISE SURCO,2.82,0501601,6038 OLLANTAY,P£blica de gesti¢n directa,Público,LIMA,SAN JUAN DE MIRAFLORES,AVENIDA EDILBERTO RAMOS OLLANTAY S/N,-12.1366,-76.96388
SISE SAN JUAN DE MIRAFLORES,3.17,0493841,6020 MICAELA BASTIDAS,P£blica de gesti¢n directa,Público,LIMA,VILLA MARIA DEL TRIUNFO,JIRON HUAYNA CAPAC S/N,-12.17549,-76.94849
SISE VILLA EL SALVADOR,2.17,0493841,6020 MICAELA BASTIDAS,P£blica de gesti¢n directa,Público,LIMA,VILLA MARIA DEL TRIUNFO,JIRON HUAYNA CAPAC S/N,-12.17549,-76.94849
SISE SAN JUAN DE MIRAFLORES,3.14,0493544,7055 TUPAC AMARU II,P£blica de gesti¢n directa,Público,LIMA,VILLA MARIA DEL TRIUNFO,JIRON MARIANO MELGAR S/N,-12.16337,-76.94462
SISE VILLA EL SALVADOR,3.25,0493544,7055 TUPAC AMARU II,P£blica de gesti¢n directa,Público,LIMA,VILLA MARIA DEL TRIUNFO,JIRON MARIANO MELGAR S/N,-12.16337,-76.94462
SISE VILLA EL SALVADOR,3.26,0759613,6057 VIRGEN DE LOURDES,P£blica de gesti¢n directa,Público,LIMA,VILLA MARIA DEL TRIUNFO,JIRON CASMA P-14 S/N,-12.17111,-76.91622
SISE SAN JUAN DE MIRAFLORES,4.58,0872515,7106 VILLA LIMATAMBO,P£blica de gesti¢n directa,Público,LIMA,VILLA MARIA DEL TRIUNFO,AVENIDA PROLONGACION JOSE CARLOS MARIATEGUI 3467,-12.1338,-76.9413
SISE VILLA EL SALVADOR,1.03,0492876,6024 JOSE MARIA ARGUEDAS,P£blica de gesti¢n directa,Público,LIMA,VILLA MARIA DEL TRIUNFO,AVENIDA SAN FRANCISCO Y UNION S/N,-12.19654,-76.92936
SISE SAN JUAN DE MIRAFLORES,3.25,0647057,6081 MANUEL SCORZA TORRES,P£blica de gesti¢n directa,Público,LIMA,VILLA MARIA DEL TRIUNFO,AVENIDA RAMON CASTILLA 351,-12.14004,-76.95208
SISE SURCO,3.95,0647057,6081 MANUEL SCORZA TORRES,P£blica de gesti¢n directa,Público,LIMA,VILLA MARIA DEL TRIUNFO,AVENIDA RAMON CASTILLA 351,-12.14004,-76.95208
SISE SAN JUAN DE MIRAFLORES,3.13,0493239,7054,P£blica de gesti¢n directa,Público,LIMA,VILLA MARIA DEL TRIUNFO,AVENIDA VILLA MARIA 800,-12.16208,-76.94455
SISE VILLA EL SALVADOR,3.39,0493239,7054,P£blica de gesti¢n directa,Público,LIMA,VILLA MARIA DEL TRIUNFO,AVENIDA VILLA MARIA 800,-12.16208,-76.94455
SISE VILLA EL SALVADOR,1.77,0329573,6152 STELLA MARIS,P£blica de gesti¢n directa,Público,LIMA,VILLA MARIA DEL TRIUNFO,AVENIDA ATAHUALPA Y SIMON BOLIVAR,-12.203396,-76.926378
SISE SAN JUAN DE MIRAFLORES,0.51,0500611,7062 NACIONES UNIDAS,P£blica de gesti¢n directa,Público,LIMA,SAN JUAN DE MIRAFLORES,JIRON JOAQUIN BERNAL 3 ZONA A,-12.15619,-76.97483
SISE SURCO,1.82,0500611,7062 NACIONES UNIDAS,P£blica de gesti¢n directa,Público,LIMA,SAN JUAN DE MIRAFLORES,JIRON JOAQUIN BERNAL 3 ZONA A,-12.15619,-76.97483
SISE SAN JUAN DE MIRAFLORES,1.45,0501908,7060 ANDRES AVELINO CACERES,P£blica de gesti¢n directa,Público,LIMA,SAN JUAN DE MIRAFLORES,AVENIDA LOS LIBERTADORES MZ 8-9,-12.15274,-76.96267
SISE SURCO,2.84,0501908,7060 ANDRES AVELINO CACERES,P£blica de gesti¢n directa,Público,LIMA,SAN JUAN DE MIRAFLORES,AVENIDA LOS LIBERTADORES MZ 8-9,-12.15274,-76.96267
SISE SAN JUAN DE MIRAFLORES,1.07,0501700,7069 CESAR VALLEJO,P£blica de gesti¢n directa,Público,LIMA,SAN JUAN DE MIRAFLORES,JIRON GABRIEL TORRES 200,-12.15099,-76.97448
SISE SURCO,1.56,0501700,7069 CESAR VALLEJO,P£blica de gesti¢n directa,Público,LIMA,SAN JUAN DE MIRAFLORES,JIRON GABRIEL TORRES 200,-12.15099,-76.97448
SISE SAN JUAN DE MIRAFLORES,1.03,0502104,6045 DOLORES CAVERO DE GRAU,P£blica de gesti¢n directa,Público,LIMA,SAN JUAN DE MIRAFLORES,JIRON MARIANO PASTOR SEVILLA ZONA K,-12.15338,-76.96729
SISE SURCO,2.39,0502104,6045 DOLORES CAVERO DE GRAU,P£blica de gesti¢n directa,Público,LIMA,SAN JUAN DE MIRAFLORES,JIRON MARIANO PASTOR SEVILLA ZONA K,-12.15338,-76.96729
SISE SAN JUAN DE MIRAFLORES,1.92,0583476,6089 JORGE BASADRE GROHMANN,P£blica de gesti¢n directa,Público,LIMA,SAN JUAN DE MIRAFLORES,AVENIDA CONFRATERNIDAD 43-44,-12.14668,-76.96287
SISE SURCO,2.72,0583476,6089 JORGE BASADRE GROHMANN,P£blica de gesti¢n directa,Público,LIMA,SAN JUAN DE MIRAFLORES,AVENIDA CONFRATERNIDAD 43-44,-12.14668,-76.96287
SISE SAN JUAN DE MIRAFLORES,1.68,0694547,7059 JOSE ANTONIO ENCINAS FRANCO,P£blica de gesti¢n directa,Público,LIMA,SAN JUAN DE MIRAFLORES,AVENIDA CENTENARIO,-12.14751,-76.96546
SISE SURCO,2.45,0694547,7059 JOSE ANTONIO ENCINAS FRANCO,P£blica de gesti¢n directa,Público,LIMA,SAN JUAN DE MIRAFLORES,AVENIDA CENTENARIO,-12.14751,-76.96546
SISE SAN JUAN DE MIRAFLORES,1.1,0773788,6037 INCA PACHACUTEC,P£blica de gesti¢n directa,Público,LIMA,SAN JUAN DE MIRAFLORES,AVENIDA LOS HEROES 921,-12.15682,-76.964
SISE SURCO,2.86,0773788,6037 INCA PACHACUTEC,P£blica de gesti¢n directa,Público,LIMA,SAN JUAN DE MIRAFLORES,AVENIDA LOS HEROES 921,-12.15682,-76.964
SISE VILLA EL SALVADOR,4.84,0773788,6037 INCA PACHACUTEC,P£blica de gesti¢n directa,Público,LIMA,SAN JUAN DE MIRAFLORES,AVENIDA LOS HEROES 921,-12.15682,-76.964
SISE SAN JUAN DE MIRAFLORES,0.56,0501411,7061 LOS HEROES DE SAN JUAN,P£blica de gesti¢n directa,Público,LIMA,SAN JUAN DE MIRAFLORES,JIRON JOAQUIN BERNAL CUADRA 4 S/N ZONA A,-12.15593,-76.97544
SISE SURCO,1.75,0501411,7061 LOS HEROES DE SAN JUAN,P£blica de gesti¢n directa,Público,LIMA,SAN JUAN DE MIRAFLORES,JIRON JOAQUIN BERNAL CUADRA 4 S/N ZONA A,-12.15593,-76.97544
SISE SAN JUAN DE MIRAFLORES,1.79,1032481,7041 VIRGEN DE LA MERCED,P£blica de gesti¢n directa,Público,LIMA,SAN JUAN DE MIRAFLORES,VILLA SOLIDARIDAD ETAPA I,-12.16793,-76.95869
SISE SURCO,4.0,1032481,7041 VIRGEN DE LA MERCED,P£blica de gesti¢n directa,Público,LIMA,SAN JUAN DE MIRAFLORES,VILLA SOLIDARIDAD ETAPA I,-12.16793,-76.95869
SISE VILLA EL SALVADOR,3.52,1032481,7041 VIRGEN DE LA MERCED,P£blica de gesti¢n directa,Público,LIMA,SAN JUAN DE MIRAFLORES,VILLA SOLIDARIDAD ETAPA I,-12.16793,-76.95869
SISE VILLA EL SALVADOR,1.18,0500348,6063 JOSE CARLOS MARIATEGUI,P£blica de gesti¢n directa,Público,LIMA,VILLA EL SALVADOR,AVENIDA EL SOL S/N SECTOR 2,-12.200725,-76.943242
SISE VILLA EL SALVADOR,3.74,0607143,6067 JUAN VELASCO ALVARADO,P£blica de gesti¢n directa,Público,LIMA,VILLA EL SALVADOR,AVENIDA CENTRAL /TALARA S/N SECTOR 3,-12.2242,-76.9284
SISE SAN JUAN DE MIRAFLORES,4.94,0874214,7090 FORJADORES DEL PERU,P£blica de gesti¢n directa,Público,LIMA,VILLA EL SALVADOR,PARQUE INDUSTRIAL SECTOR 8,-12.19227,-76.94151
SISE VILLA EL SALVADOR,0.45,0874214,7090 FORJADORES DEL PERU,P£blica de gesti¢n directa,Público,LIMA,VILLA EL SALVADOR,PARQUE INDUSTRIAL SECTOR 8,-12.19227,-76.94151
SISE VILLA EL SALVADOR,4.36,0874222,7077 VIRGEN DEL CARMEN,P£blica de gesti¢n directa,Público,LIMA,VILLA EL SALVADOR,AVENIDA EL SOL SEIS MZ G1 LOTE 2,-12.21796,-76.96735
SISE VILLA EL SALVADOR,4.15,0874206,7091 REPUBLICA DEL PERU,P£blica de gesti¢n directa,Público,LIMA,VILLA EL SALVADOR,MZ E SECTOR 7,-12.22856,-76.94364
SISE SAN JUAN DE MIRAFLORES,3.31,0870949,7082 JUAN DE ESPINOSA MEDRANO,P£blica de gesti¢n directa,Público,LIMA,SAN JUAN DE MIRAFLORES,AVENIDA SOLIDARIDAD S/N MZ A6 LOTE 27,-12.13264,-76.96277
SISE SURCO,3.11,0870949,7082 JUAN DE ESPINOSA MEDRANO,P£blica de gesti¢n directa,Público,LIMA,SAN JUAN DE MIRAFLORES,AVENIDA SOLIDARIDAD S/N MZ A6 LOTE 27,-12.13264,-76.96277
SISE SAN JUAN DE MIRAFLORES,1.31,0870931,7207 MARISCAL RAMON CASTILLA,P£blica de gesti¢n directa,Público,LIMA,SAN JUAN DE MIRAFLORES,AVENIDA PROLONGACION CESAR CANEVARO 2,-12.17117,-76.9682
SISE SURCO,3.52,0870931,7207 MARISCAL RAMON CASTILLA,P£blica de gesti¢n directa,Público,LIMA,SAN JUAN DE MIRAFLORES,AVENIDA PROLONGACION CESAR CANEVARO 2,-12.17117,-76.9682
SISE VILLA EL SALVADOR,4.05,0870931,7207 MARISCAL RAMON CASTILLA,P£blica de gesti¢n directa,Público,LIMA,SAN JUAN DE MIRAFLORES,AVENIDA PROLONGACION CESAR CANEVARO 2,-12.17117,-76.9682
SISE SAN JUAN DE MIRAFLORES,2.7,0773846,7100 REPUBLICA ALEMANA,P£blica de gesti¢n directa,Público,LIMA,SAN JUAN DE MIRAFLORES,AVENIDA ANDRES AVELINO CACERES,-12.18017,-76.95866
SISE SURCO,4.95,0773846,7100 REPUBLICA ALEMANA,P£blica de gesti¢n directa,Público,LIMA,SAN JUAN DE MIRAFLORES,AVENIDA ANDRES AVELINO CACERES,-12.18017,-76.95866
SISE VILLA EL SALVADOR,2.64,0773846,7100 REPUBLICA ALEMANA,P£blica de gesti¢n directa,Público,LIMA,SAN JUAN DE MIRAFLORES,AVENIDA ANDRES AVELINO CACERES,-12.18017,-76.95866
SISE SAN JUAN DE MIRAFLORES,1.81,0694539,6041,P£blica de gesti¢n directa,Público,LIMA,SAN JUAN DE MIRAFLORES,JIRON PROL GABRIEL TORRES C 2,-12.1444,-76.97127
SISE SURCO,1.82,0694539,6041,P£blica de gesti¢n directa,Público,LIMA,SAN JUAN DE MIRAFLORES,JIRON PROL GABRIEL TORRES C 2,-12.1444,-76.97127
SISE SAN JUAN DE MIRAFLORES,1.43,0704809,PADRE ILUMINATO,P£blica de gesti¢n privada,Privado,LIMA,SAN JUAN DE MIRAFLORES,AVENIDA PEDRO MIOTTA 180 ZONA B,-12.17301,-76.9765
SISE SURCO,3.25,0704809,PADRE ILUMINATO,P£blica de gesti¢n privada,Privado,LIMA,SAN JUAN DE MIRAFLORES,AVENIDA PEDRO MIOTTA 180 ZONA B,-12.17301,-76.9765
SISE VILLA EL SALVADOR,4.73,0704809,PADRE ILUMINATO,P£blica de gesti¢n privada,Privado,LIMA,SAN JUAN DE MIRAFLORES,AVENIDA PEDRO MIOTTA 180 ZONA B,-12.17301,-76.9765
SISE VILLA EL SALVADOR,2.97,0325670,6069 PACHACUTEC,P£blica de gesti¢n directa,Público,LIMA,VILLA EL SALVADOR,AVENIDA LAS AMERICAS S/N SECTOR 3,-12.21846,-76.93606
SISE SAN JUAN DE MIRAFLORES,4.75,0501502,REPUBLICA DE BOLIVIA,P£blica de gesti¢n directa,Público,LIMA,VILLA EL SALVADOR,AVENIDA LOS ALAMOS S/N SECTOR 1,-12.19653,-76.94983
SISE VILLA EL SALVADOR,1.45,0501502,REPUBLICA DE BOLIVIA,P£blica de gesti¢n directa,Público,LIMA,VILLA EL SALVADOR,AVENIDA LOS ALAMOS S/N SECTOR 1,-12.19653,-76.94983
SISE VILLA EL SALVADOR,2.76,0647172,6099 PERU ESPA¥A,P£blica de gesti¢n directa,Público,LIMA,VILLA EL SALVADOR,GRUPO 2A S/N SECTOR 6,-12.21089,-76.9536
SISE VILLA EL SALVADOR,1.83,0481853,6065 PERU INGLATERRA,P£blica de gesti¢n directa,Público,LIMA,VILLA EL SALVADOR,CALLE SANTA ROSA S/N SECTOR 2,-12.2076,-76.9419
SISE SAN JUAN DE MIRAFLORES,4.12,0583534,6070 HEROES DEL ALTO CENEPA,P£blica de gesti¢n directa,Público,LIMA,VILLA EL SALVADOR,AVENIDA MODELO S/N SECTOR 1,-12.19135,-76.95236
SISE VILLA EL SALVADOR,1.62,0583534,6070 HEROES DEL ALTO CENEPA,P£blica de gesti¢n directa,Público,LIMA,VILLA EL SALVADOR,AVENIDA MODELO S/N SECTOR 1,-12.19135,-76.95236
SISE VILLA EL SALVADOR,4.19,0777243,7093 REPUBLICA DE FRANCIA,P£blica de gesti¢n directa,Público,LIMA,VILLA EL SALVADOR,AVENIDA MICAELA BASTIDAS / TALARA S/N SECTOR 3,-12.2293,-76.93405
SISE VILLA EL SALVADOR,2.39,1053669,7094 SASAKAWA,P£blica de gesti¢n directa,Público,LIMA,VILLA EL SALVADOR,AVENIDA EL SOL / PASTOR SEVILLA,-12.20551,-76.95434
SISE VILLA EL SALVADOR,1.16,0481903,7072 SAN MARTIN DE PORRES,P£blica de gesti¢n directa,Público,LIMA,VILLA EL SALVADOR,AVENIDA REVOLUCION MZ A,-12.19936,-76.94483
SISE VILLA EL SALVADOR,4.11,0874198,7213 PERUANO JAPONES,P£blica de gesti¢n directa,Público,LIMA,VILLA EL SALVADOR,AVENIDA 200 MILLAS S/N SECTOR 1,-12.2248,-76.9204
SISE VILLA EL SALVADOR,2.04,0502633,6064 FRANCISCO BOLOGNESI,P£blica de gesti¢n directa,Público,LIMA,VILLA EL SALVADOR,AVENIDA JORGE CHAVEZ S/N SECTOR 2,-12.21011,-76.93622
SISE VILLA EL SALVADOR,3.16,0583500,6076 REPUBLICA DE NICARAGUA,P£blica de gesti¢n directa,Público,LIMA,VILLA EL SALVADOR,AVENIDA MICAELA BASTIDAS GRUPO RESIDENCIAL 26 LOTE 1 Y 2 SECTOR 3,-12.2201,-76.93966
SISE SAN JUAN DE MIRAFLORES,4.99,0643163,6080 ROSA DE AMERICA,P£blica de gesti¢n directa,Público,LIMA,VILLA EL SALVADOR,AVENIDA REVOLUCION MZ Q1 LOTE 1 SECTOR 1,-12.19712,-76.94673
SISE VILLA EL SALVADOR,1.17,0643163,6080 ROSA DE AMERICA,P£blica de gesti¢n directa,Público,LIMA,VILLA EL SALVADOR,AVENIDA REVOLUCION MZ Q1 LOTE 1 SECTOR 1,-12.19712,-76.94673
SISE SAN JUAN DE MIRAFLORES,0.15,0520486,JAVIER HERAUD,P£blica de gesti¢n directa,Público,LIMA,SAN JUAN DE MIRAFLORES,AVENIDA SAN JUAN 690 ZONA E,-12.16179,-76.97289
SISE SURCO,2.39,0520486,JAVIER HERAUD,P£blica de gesti¢n directa,Público,LIMA,SAN JUAN DE MIRAFLORES,AVENIDA SAN JUAN 690 ZONA E,-12.16179,-76.97289
SISE SAN JUAN DE MIRAFLORES,1.35,0482042,CESAR VALLEJO,P£blica de gesti¢n directa,Público,LIMA,SAN JUAN DE MIRAFLORES,AVENIDA NEPOMUCENO VARGAS CUADRA 3 S/N,-12.1485,-76.97524
SISE SURCO,1.41,0482042,CESAR VALLEJO,P£blica de gesti¢n directa,Público,LIMA,SAN JUAN DE MIRAFLORES,AVENIDA NEPOMUCENO VARGAS CUADRA 3 S/N,-12.1485,-76.97524
SISE SAN JUAN DE MIRAFLORES,1.26,0329326,FE Y ALEGRIA 3,P£blica de gesti¢n privada,Privado,LIMA,SAN JUAN DE MIRAFLORES,AVENIDA NEPOMUCENO VARGAS 567,-12.14995,-76.96923
SISE SURCO,2.08,0329326,FE Y ALEGRIA 3,P£blica de gesti¢n privada,Privado,LIMA,SAN JUAN DE MIRAFLORES,AVENIDA NEPOMUCENO VARGAS 567,-12.14995,-76.96923
SISE VILLA EL SALVADOR,3.41,0874602,MI DULCE JESUS,Privada,Privado,LIMA,VILLA EL SALVADOR,MZ M LOTE 15-16 SECTOR 6,-12.22169,-76.94446
SISE SAN JUAN DE MIRAFLORES,4.69,0603878,6060 JULIO CESAR TELLO,P£blica de gesti¢n directa,Público,LIMA,VILLA MARIA DEL TRIUNFO,AVENIDA PROL PACHACUTEC 4355,-12.18649,-76.93929
SISE VILLA EL SALVADOR,0.62,0603878,6060 JULIO CESAR TELLO,P£blica de gesti¢n directa,Público,LIMA,VILLA MARIA DEL TRIUNFO,AVENIDA PROL PACHACUTEC 4355,-12.18649,-76.93929
SISE SAN JUAN DE MIRAFLORES,4.03,0694570,6059 SAGRADO CORAZON DE JESUS,P£blica de gesti¢n directa,Público,LIMA,VILLA MARIA DEL TRIUNFO,JIRON COTAHUASI 120,-12.1421,-76.94138
SISE SAN JUAN DE MIRAFLORES,3.44,0694588,6019 MARIANO MELGAR,P£blica de gesti¢n directa,Público,LIMA,VILLA MARIA DEL TRIUNFO,AVENIDA LA UNION 1115,-12.17847,-76.9476
SISE VILLA EL SALVADOR,1.85,0694588,6019 MARIANO MELGAR,P£blica de gesti¢n directa,Público,LIMA,VILLA MARIA DEL TRIUNFO,AVENIDA LA UNION 1115,-12.17847,-76.9476
SISE SAN JUAN DE MIRAFLORES,2.21,0493635,7057 SOBERANA ORDEN MILITAR DE MALTA,P£blica de gesti¢n directa,Público,LIMA,VILLA MARIA DEL TRIUNFO,JIRON CAHUIDE 101,-12.15515,-76.95377
SISE SURCO,3.85,0493635,7057 SOBERANA ORDEN MILITAR DE MALTA,P£blica de gesti¢n directa,Público,LIMA,VILLA MARIA DEL TRIUNFO,JIRON CAHUIDE 101,-12.15515,-76.95377
SISE VILLA EL SALVADOR,4.44,0493635,7057 SOBERANA ORDEN MILITAR DE MALTA,P£blica de gesti¢n directa,Público,LIMA,VILLA MARIA DEL TRIUNFO,JIRON CAHUIDE 101,-12.15515,-76.95377
SISE VILLA EL SALVADOR,3.44,1053628,7233 MATSU UTSUMI,P£blica de gesti¢n directa,Público,LIMA,VILLA MARIA DEL TRIUNFO,CALLE GUADALUPE,-12.21601,-76.91784
SISE SAN JUAN DE MIRAFLORES,2.68,0694554,7074 LA INMACULADA,P£blica de gesti¢n directa,Público,LIMA,SAN JUAN DE MIRAFLORES,JIRON CUZCO S/N,-12.137,-76.96824
SISE SURCO,2.36,0694554,7074 LA INMACULADA,P£blica de gesti¢n directa,Público,LIMA,SAN JUAN DE MIRAFLORES,JIRON CUZCO S/N,-12.137,-76.96824
SISE SAN JUAN DE MIRAFLORES,1.06,0773994,SOL DE ALEGRIA,Privada,Privado,LIMA,SAN JUAN DE MIRAFLORES,JIRON SAMUEL VILLARAN 299,-12.15168,-76.96988
SISE SURCO,2.06,0773994,SOL DE ALEGRIA,Privada,Privado,LIMA,SAN JUAN DE MIRAFLORES,JIRON SAMUEL VILLARAN 299,-12.15168,-76.96988
SISE SAN JUAN DE MIRAFLORES,0.74,1032689,L'HERMITAGE,Privada,Privado,LIMA,SAN JUAN DE MIRAFLORES,JIRON ANTONIO OLIVEIRA 1143 ZONA D,-12.15682,-76.96774
SISE SURCO,2.5,1032689,L'HERMITAGE,Privada,Privado,LIMA,SAN JUAN DE MIRAFLORES,JIRON ANTONIO OLIVEIRA 1143 ZONA D,-12.15682,-76.96774
SISE VILLA EL SALVADOR,4.1,0523720,SALAMANCA,Privada,Privado,LIMA,VILLA MARIA DEL TRIUNFO,AVENIDA FERROCARRIL 700,-12.20829,-76.90367
SISE SAN JUAN DE MIRAFLORES,2.93,0872697,CESAR ABRAHAM VALLEJO MENDOZA,Privada,Privado,LIMA,VILLA MARIA DEL TRIUNFO,AVENIDA JOSE CARLOS MARIATEGUI 1925,-12.14663,-76.95041
SISE SURCO,4.08,0872697,CESAR ABRAHAM VALLEJO MENDOZA,Privada,Privado,LIMA,VILLA MARIA DEL TRIUNFO,AVENIDA JOSE CARLOS MARIATEGUI 1925,-12.14663,-76.95041
SISE SAN JUAN DE MIRAFLORES,4.32,0872663,MANUEL SCORZA TORRES,Privada,Privado,LIMA,VILLA MARIA DEL TRIUNFO,JIRON TACNA 124,-12.1784,-76.93805
SISE VILLA EL SALVADOR,1.49,0872663,MANUEL SCORZA TORRES,Privada,Privado,LIMA,VILLA MARIA DEL TRIUNFO,JIRON TACNA 124,-12.1784,-76.93805
SISE SAN JUAN DE MIRAFLORES,4.63,0872705,EL REDENTOR,Privada,Privado,LIMA,VILLA MARIA DEL TRIUNFO,JIRON FAUSTINO SANCHEZ CARRION 148,-12.17541,-76.93352
SISE VILLA EL SALVADOR,1.87,0872705,EL REDENTOR,Privada,Privado,LIMA,VILLA MARIA DEL TRIUNFO,JIRON FAUSTINO SANCHEZ CARRION 148,-12.17541,-76.93352
SISE SAN JUAN DE MIRAFLORES,1.05,1071091,CAPITAN ENRIQUE OPPENHEIMER,Privada,Privado,LIMA,SAN JUAN DE MIRAFLORES,JIRON ENRIQUE OPPENHERIMER 901 ZONA C,-12.16724,-76.96649
SISE SURCO,3.31,1071091,CAPITAN ENRIQUE OPPENHEIMER,Privada,Privado,LIMA,SAN JUAN DE MIRAFLORES,JIRON ENRIQUE OPPENHERIMER 901 ZONA C,-12.16724,-76.96649
SISE VILLA EL SALVADOR,4.17,1071091,CAPITAN ENRIQUE OPPENHEIMER,Privada,Privado,LIMA,SAN JUAN DE MIRAFLORES,JIRON ENRIQUE OPPENHERIMER 901 ZONA C,-12.16724,-76.96649
SISE SAN JUAN DE MIRAFLORES,0.66,0870998,SAN MARCOS,Privada,Privado,LIMA,SAN JUAN DE MIRAFLORES,JIRON JOAQUIN BERNAL 778 MZ 01 LOTE 32 ZONA E,-12.15913,-76.96745
SISE SURCO,2.66,0870998,SAN MARCOS,Privada,Privado,LIMA,SAN JUAN DE MIRAFLORES,JIRON JOAQUIN BERNAL 778 MZ 01 LOTE 32 ZONA E,-12.15913,-76.96745
SISE VILLA EL SALVADOR,4.88,0870998,SAN MARCOS,Privada,Privado,LIMA,SAN JUAN DE MIRAFLORES,JIRON JOAQUIN BERNAL 778 MZ 01 LOTE 32 ZONA E,-12.15913,-76.96745
SISE SAN JUAN DE MIRAFLORES,0.17,0329441,MANUEL ANTONIO RAMIREZ BARINAGA,Privada,Privado,LIMA,SAN JUAN DE MIRAFLORES,AVENIDA SAN JUAN 888 ZONA E,-12.15903,-76.97303
SISE SURCO,2.17,0329441,MANUEL ANTONIO RAMIREZ BARINAGA,Privada,Privado,LIMA,SAN JUAN DE MIRAFLORES,AVENIDA SAN JUAN 888 ZONA E,-12.15903,-76.97303
SISE SAN JUAN DE MIRAFLORES,0.97,0870980,ALBERT EINSTEIN,Privada,Privado,LIMA,SAN JUAN DE MIRAFLORES,AVENIDA LOS HEROES 799-B,-12.15593,-76.96582
SISE SURCO,2.64,0870980,ALBERT EINSTEIN,Privada,Privado,LIMA,SAN JUAN DE MIRAFLORES,AVENIDA LOS HEROES 799-B,-12.15593,-76.96582
SISE SAN JUAN DE MIRAFLORES,0.76,0704825,ROSARIO DEL SOLAR,Privada,Privado,LIMA,SAN JUAN DE MIRAFLORES,CALLE ROSARIO DEL SOLAR 412 ZONA C-2,-12.16497,-76.96808
SISE SURCO,3.01,0704825,ROSARIO DEL SOLAR,Privada,Privado,LIMA,SAN JUAN DE MIRAFLORES,CALLE ROSARIO DEL SOLAR 412 ZONA C-2,-12.16497,-76.96808
SISE VILLA EL SALVADOR,4.47,0704825,ROSARIO DEL SOLAR,Privada,Privado,LIMA,SAN JUAN DE MIRAFLORES,CALLE ROSARIO DEL SOLAR 412 ZONA C-2,-12.16497,-76.96808
SISE SAN JUAN DE MIRAFLORES,0.87,0871186,VILLA SAN JUAN,Privada,Privado,LIMA,SAN JUAN DE MIRAFLORES,AVENIDA PEDRO SILVA 410 ZONA B,-12.16837,-76.9736
SISE SURCO,2.93,0871186,VILLA SAN JUAN,Privada,Privado,LIMA,SAN JUAN DE MIRAFLORES,AVENIDA PEDRO SILVA 410 ZONA B,-12.16837,-76.9736
SISE VILLA EL SALVADOR,4.71,0871186,VILLA SAN JUAN,Privada,Privado,LIMA,SAN JUAN DE MIRAFLORES,AVENIDA PEDRO SILVA 410 ZONA B,-12.16837,-76.9736
SISE VILLA EL SALVADOR,0.29,0872614,VON HUMBOLDT,Privada,Privado,LIMA,VILLA MARIA DEL TRIUNFO,AVENIDA 27 DE DICIEMBRE 178 MZ A LOTE 8-10,-12.19259,-76.93489
SISE SAN JUAN DE MIRAFLORES,3.27,1069723,SAGRADO CORAZON DE JESUS,Privada,Privado,LIMA,VILLA MARIA DEL TRIUNFO,AVENIDA SANTA CRUZ 1427,-12.17071,-76.94516
SISE VILLA EL SALVADOR,2.49,1069723,SAGRADO CORAZON DE JESUS,Privada,Privado,LIMA,VILLA MARIA DEL TRIUNFO,AVENIDA SANTA CRUZ 1427,-12.17071,-76.94516
SISE VILLA EL SALVADOR,1.31,0872580,JESUS MI REDENTOR,Privada,Privado,LIMA,VILLA MARIA DEL TRIUNFO,AVENIDA SANTA ROSA 200 ZONA I,-12.19932,-76.92818
SISE SAN JUAN DE MIRAFLORES,4.17,0647073,MARCO POLO,Privada,Privado,LIMA,VILLA MARIA DEL TRIUNFO,AVENIDA 26 DE NOVIEMBRE S/N,-12.17657,-76.93865
SISE VILLA EL SALVADOR,1.7,0647073,MARCO POLO,Privada,Privado,LIMA,VILLA MARIA DEL TRIUNFO,AVENIDA 26 DE NOVIEMBRE S/N,-12.17657,-76.93865
SISE SAN JUAN DE MIRAFLORES,2.52,0325605,JOSE CARLOS MARIATEGUI,P£blica de gesti¢n directa,Público,LIMA,VILLA MARIA DEL TRIUNFO,AVENIDA PRIMAVERA 1245,-12.15161,-76.95205
SISE SURCO,3.95,0325605,JOSE CARLOS MARIATEGUI,P£blica de gesti¢n directa,Público,LIMA,VILLA MARIA DEL TRIUNFO,AVENIDA PRIMAVERA 1245,-12.15161,-76.95205
SISE VILLA EL SALVADOR,4.74,0325605,JOSE CARLOS MARIATEGUI,P£blica de gesti¢n directa,Público,LIMA,VILLA MARIA DEL TRIUNFO,AVENIDA PRIMAVERA 1245,-12.15161,-76.95205
SISE SAN JUAN DE MIRAFLORES,4.1,0499699,REPUBLICA DEL ECUADOR,P£blica de gesti¢n directa,Público,LIMA,VILLA MARIA DEL TRIUNFO,AVENIDA 26 DE NOVIEMBRE,-12.17799,-76.94009
SISE VILLA EL SALVADOR,1.56,0499699,REPUBLICA DEL ECUADOR,P£blica de gesti¢n directa,Público,LIMA,VILLA MARIA DEL TRIUNFO,AVENIDA 26 DE NOVIEMBRE,-12.17799,-76.94009
SISE VILLA EL SALVADOR,3.76,0325647,JUAN GUERRERO QUIMPER,P£blica de gesti¢n directa,Público,LIMA,VILLA MARIA DEL TRIUNFO,AVENIDA MARIAM QUIMPER 850,-12.21146,-76.90931
SISE SAN JUAN DE MIRAFLORES,2.41,0325704,TUPAC AMARU,P£blica de gesti¢n directa,Público,LIMA,VILLA MARIA DEL TRIUNFO,AVENIDA PACHACUTEC 2080,-12.167058,-76.952204
SISE SURCO,4.53,0325704,TUPAC AMARU,P£blica de gesti¢n directa,Público,LIMA,VILLA MARIA DEL TRIUNFO,AVENIDA PACHACUTEC 2080,-12.167058,-76.952204
SISE VILLA EL SALVADOR,3.18,0325704,TUPAC AMARU,P£blica de gesti¢n directa,Público,LIMA,VILLA MARIA DEL TRIUNFO,AVENIDA PACHACUTEC 2080,-12.167058,-76.952204
SISE SAN JUAN DE MIRAFLORES,4.09,0325589,MARISCAL ELOY GASPAR URETA,P£blica de gesti¢n directa,Público,LIMA,VILLA MARIA DEL TRIUNFO,AVENIDA 26 DE NOVIEMBRE S/N MZ P LOTE 01,-12.17868,-76.94059
SISE VILLA EL SALVADOR,1.49,0325589,MARISCAL ELOY GASPAR URETA,P£blica de gesti¢n directa,Público,LIMA,VILLA MARIA DEL TRIUNFO,AVENIDA 26 DE NOVIEMBRE S/N MZ P LOTE 01,-12.17868,-76.94059
SISE SAN JUAN DE MIRAFLORES,0.27,0329755,JULIO CESAR ESCOBAR,P£blica de gesti¢n directa,Público,LIMA,SAN JUAN DE MIRAFLORES,JIRON GENARO NUMALLONA S/N ZONA A,-12.16274,-76.9744
SISE SURCO,2.37,0329755,JULIO CESAR ESCOBAR,P£blica de gesti¢n directa,Público,LIMA,SAN JUAN DE MIRAFLORES,JIRON GENARO NUMALLONA S/N ZONA A,-12.16274,-76.9744
SISE SAN JUAN DE MIRAFLORES,1.0,1033356,MONTE CARMELO,Privada,Privado,LIMA,SAN JUAN DE MIRAFLORES,JIRON ANDRES GUZMAN Y GENARO NUMA LLONA MZ H1 LOTE 14 ZONA C,-12.16443,-76.96505
SISE SURCO,3.22,1033356,MONTE CARMELO,Privada,Privado,LIMA,SAN JUAN DE MIRAFLORES,JIRON ANDRES GUZMAN Y GENARO NUMA LLONA MZ H1 LOTE 14 ZONA C,-12.16443,-76.96505
SISE VILLA EL SALVADOR,4.27,1033356,MONTE CARMELO,Privada,Privado,LIMA,SAN JUAN DE MIRAFLORES,JIRON ANDRES GUZMAN Y GENARO NUMA LLONA MZ H1 LOTE 14 ZONA C,-12.16443,-76.96505
SISE SAN JUAN DE MIRAFLORES,0.33,0871236,ROSA DE SANTA MARIA,Privada,Privado,LIMA,SAN JUAN DE MIRAFLORES,JIRON PEDRO BERTONELLI 615-617-621-625 MZ N1 LOTE 16 AL 19 ZONA A,-12.16351,-76.97354
SISE SURCO,2.49,0871236,ROSA DE SANTA MARIA,Privada,Privado,LIMA,SAN JUAN DE MIRAFLORES,JIRON PEDRO BERTONELLI 615-617-621-625 MZ N1 LOTE 16 AL 19 ZONA A,-12.16351,-76.97354
SISE SAN JUAN DE MIRAFLORES,0.27,0871061,SACO OLIVEROS,Privada,Privado,LIMA,SAN JUAN DE MIRAFLORES,AVENIDA BELISARIO SUAREZ 363 ZONA A,-12.16039,-76.97578
SISE SURCO,2.07,0871061,SACO OLIVEROS,Privada,Privado,LIMA,SAN JUAN DE MIRAFLORES,AVENIDA BELISARIO SUAREZ 363 ZONA A,-12.16039,-76.97578
SISE SAN JUAN DE MIRAFLORES,0.7,0329359,FERMIN TANGUIS,Privada,Privado,LIMA,SAN JUAN DE MIRAFLORES,JIRON JOAQUIN BERNAL 370 ZONA A,-12.1553,-76.97698
SISE SURCO,1.57,0329359,FERMIN TANGUIS,Privada,Privado,LIMA,SAN JUAN DE MIRAFLORES,JIRON JOAQUIN BERNAL 370 ZONA A,-12.1553,-76.97698
SISE SAN JUAN DE MIRAFLORES,0.59,0871012,LINCOLN,Privada,Privado,LIMA,SAN JUAN DE MIRAFLORES,JIRON JUSTO NAVEDA 479-483 ZONA B,-12.16575,-76.97234
SISE SURCO,2.77,0871012,LINCOLN,Privada,Privado,LIMA,SAN JUAN DE MIRAFLORES,JIRON JUSTO NAVEDA 479-483 ZONA B,-12.16575,-76.97234
SISE VILLA EL SALVADOR,4.77,0871012,LINCOLN,Privada,Privado,LIMA,SAN JUAN DE MIRAFLORES,JIRON JUSTO NAVEDA 479-483 ZONA B,-12.16575,-76.97234
SISE VILLA EL SALVADOR,3.78,0872689,EXPHADIS,Privada,Privado,LIMA,VILLA MARIA DEL TRIUNFO,AVENIDA MARIAM QUIMPER 897,-12.21138,-76.90904
SISE SAN JUAN DE MIRAFLORES,2.36,1034602,SAN MIGUEL DE LAS HERAS,Privada,Privado,LIMA,VILLA MARIA DEL TRIUNFO,JIRON TUPAC AMARU 300,-12.15183,-76.95358
SISE SURCO,3.79,1034602,SAN MIGUEL DE LAS HERAS,Privada,Privado,LIMA,VILLA MARIA DEL TRIUNFO,JIRON TUPAC AMARU 300,-12.15183,-76.95358
SISE VILLA EL SALVADOR,4.77,1034602,SAN MIGUEL DE LAS HERAS,Privada,Privado,LIMA,VILLA MARIA DEL TRIUNFO,JIRON TUPAC AMARU 300,-12.15183,-76.95358
SISE VILLA EL SALVADOR,4.44,0872713,KERPEN HORREN,Privada,Privado,LIMA,VILLA MARIA DEL TRIUNFO,JIRON PUTUMAYO 205,-12.22021,-76.90872
SISE SAN JUAN DE MIRAFLORES,4.75,1069764,SAN IGNACIO,Privada,Privado,LIMA,VILLA MARIA DEL TRIUNFO,AVENIDA 26 DE NOVIEMBRE 1177,-12.17113,-76.931
SISE VILLA EL SALVADOR,2.4,1069764,SAN IGNACIO,Privada,Privado,LIMA,VILLA MARIA DEL TRIUNFO,AVENIDA 26 DE NOVIEMBRE 1177,-12.17113,-76.931
SISE SAN JUAN DE MIRAFLORES,3.23,1070531,SANTA MARIA EDUVIGES,Privada,Privado,LIMA,SAN JUAN DE MIRAFLORES,MZ H3 LOTE 12,-12.13319,-76.96336
SISE SURCO,3.03,1070531,SANTA MARIA EDUVIGES,Privada,Privado,LIMA,SAN JUAN DE MIRAFLORES,MZ H3 LOTE 12,-12.13319,-76.96336
SISE SAN JUAN DE MIRAFLORES,3.12,0493742,7073,P£blica de gesti¢n directa,Público,LIMA,VILLA MARIA DEL TRIUNFO,AVENIDA MARIA PARADO DE BELLIDO,-12.17158,-76.94697
SISE VILLA EL SALVADOR,2.47,0493742,7073,P£blica de gesti¢n directa,Público,LIMA,VILLA MARIA DEL TRIUNFO,AVENIDA MARIA PARADO DE BELLIDO,-12.17158,-76.94697
SISE VILLA EL SALVADOR,2.05,0874248,HANS CHRISTIAN ANDERSEN,Privada,Privado,LIMA,VILLA EL SALVADOR,MZ D LOTE 24 SECTOR 2,-12.21006,-76.9396
SISE VILLA EL SALVADOR,1.15,0329243,SANTA ROSA DE LIMA,Privada,Privado,LIMA,VILLA EL SALVADOR,AVENIDA REVOLUCION MZ DEF LOTE 14 SECTOR 1,-12.19957,-76.94444
SISE VILLA EL SALVADOR,1.5,0874305,ALMIRANTE GUILLERMO BROWN,Privada,Privado,LIMA,VILLA EL SALVADOR,MZ G LOTE 1 SECTOR 2,-12.20521,-76.93652
SISE SAN JUAN DE MIRAFLORES,2.06,0872523,ENRIQUE LOPEZ ALBUJAR,Privada,Privado,LIMA,VILLA MARIA DEL TRIUNFO,JIRON SANTA BEATRIZ 399,-12.15555,-76.95512
SISE SURCO,3.72,0872523,ENRIQUE LOPEZ ALBUJAR,Privada,Privado,LIMA,VILLA MARIA DEL TRIUNFO,JIRON SANTA BEATRIZ 399,-12.15555,-76.95512
SISE VILLA EL SALVADOR,4.46,0872523,ENRIQUE LOPEZ ALBUJAR,Privada,Privado,LIMA,VILLA MARIA DEL TRIUNFO,JIRON SANTA BEATRIZ 399,-12.15555,-76.95512
SISE VILLA EL SALVADOR,3.73,0874263,EMMANUEL,Privada,Privado,LIMA,VILLA EL SALVADOR,MZ D LOTE 36 ETAPA IV SECTOR 1,-12.22194,-76.92251
SISE VILLA EL SALVADOR,3.5,0874578,SAGRADO CORAZON,Privada,Privado,LIMA,VILLA EL SALVADOR,AVENIDA 3 DE OCTUBRE S/N MZ N LOTE 13 SECTOR 3,-12.22297,-76.94142
SISE VILLA EL SALVADOR,3.06,0481820,FE Y ALEGRIA 17,P£blica de gesti¢n privada,Privado,LIMA,VILLA EL SALVADOR,AVENIDA REVOLUCION S/N SECTOR 3,-12.21903,-76.93344
SISE VILLA EL SALVADOR,1.42,0874545,JOSE DE ARIMATEA,Privada,Privado,LIMA,VILLA EL SALVADOR,MZ A LOTE 1-24,-12.20378,-76.942
SISE SAN JUAN DE MIRAFLORES,3.11,0329342,REVERENDO HERMANO GASTON MARIA DE VILLA,Privada,Privado,LIMA,VILLA MARIA DEL TRIUNFO,AVENIDA SANTA ROSA 500,-12.16669,-76.94543
SISE VILLA EL SALVADOR,2.92,0329342,REVERENDO HERMANO GASTON MARIA DE VILLA,Privada,Privado,LIMA,VILLA MARIA DEL TRIUNFO,AVENIDA SANTA ROSA 500,-12.16669,-76.94543
SISE VILLA EL SALVADOR,0.8,0582999,MARIA MILAGROSA,Privada,Privado,LIMA,VILLA MARIA DEL TRIUNFO,AVENIDA PACHACUTEC 5483,-12.197441,-76.932959
SISE SAN JUAN DE MIRAFLORES,3.25,0643155,JOSE MARIA ARGUEDAS,Privada,Privado,LIMA,VILLA MARIA DEL TRIUNFO,AVENIDA LATINO AMERICA VALLECITO BAJO 555,-12.14824,-76.94623
SISE SURCO,4.54,0643155,JOSE MARIA ARGUEDAS,Privada,Privado,LIMA,VILLA MARIA DEL TRIUNFO,AVENIDA LATINO AMERICA VALLECITO BAJO 555,-12.14824,-76.94623
SISE VILLA EL SALVADOR,4.93,0643155,JOSE MARIA ARGUEDAS,Privada,Privado,LIMA,VILLA MARIA DEL TRIUNFO,AVENIDA LATINO AMERICA VALLECITO BAJO 555,-12.14824,-76.94623
SISE VILLA EL SALVADOR,1.5,0872739,LA ALBORADA,Privada,Privado,LIMA,VILLA MARIA DEL TRIUNFO,JIRON JOSE OLAYA MZ 3E LOTE 2 ZONA I,-12.19914,-76.92592
SISE VILLA EL SALVADOR,2.2,1070523,NUESTRA SE¥ORA DE LA MERCED,Privada,Privado,LIMA,VILLA EL SALVADOR,AVENIDA PASTOR SEVILLA MZ J LOTE 22,-12.2019,-76.95481
SISE SAN JUAN DE MIRAFLORES,3.8,0582932,FE Y ALEGRIA 24,P£blica de gesti¢n privada,Privado,LIMA,VILLA MARIA DEL TRIUNFO,AVENIDA JOSE C MARIATEGUI CUADRA 28,-12.13874,-76.94646
SISE SURCO,4.58,0582932,FE Y ALEGRIA 24,P£blica de gesti¢n privada,Privado,LIMA,VILLA MARIA DEL TRIUNFO,AVENIDA JOSE C MARIATEGUI CUADRA 28,-12.13874,-76.94646
SISE SAN JUAN DE MIRAFLORES,0.99,0764134,ANDRES BELLO,Privada,Privado,LIMA,SAN JUAN DE MIRAFLORES,JIRON JOSE DEL CARMEN VERASTEGUI 250 ZONA C,-12.16794,-76.96825
SISE SURCO,3.24,0764134,ANDRES BELLO,Privada,Privado,LIMA,SAN JUAN DE MIRAFLORES,JIRON JOSE DEL CARMEN VERASTEGUI 250 ZONA C,-12.16794,-76.96825
SISE VILLA EL SALVADOR,4.27,0764134,ANDRES BELLO,Privada,Privado,LIMA,SAN JUAN DE MIRAFLORES,JIRON JOSE DEL CARMEN VERASTEGUI 250 ZONA C,-12.16794,-76.96825
SISE SAN JUAN DE MIRAFLORES,0.24,0871129,VIRGEN MARIA,Privada,Privado,LIMA,SAN JUAN DE MIRAFLORES,JIRON DANIEL TIMORAN 335 ZONA A,-12.16217,-76.97479
SISE SURCO,2.29,0871129,VIRGEN MARIA,Privada,Privado,LIMA,SAN JUAN DE MIRAFLORES,JIRON DANIEL TIMORAN 335 ZONA A,-12.16217,-76.97479
SISE SAN JUAN DE MIRAFLORES,1.32,0728519,HEROES DEL PACIFICO,Privada,Privado,LIMA,SAN JUAN DE MIRAFLORES,AVENIDA CESAR CANEVARO 325,-12.17175,-76.96933
SISE SURCO,3.5,0728519,HEROES DEL PACIFICO,Privada,Privado,LIMA,SAN JUAN DE MIRAFLORES,AVENIDA CESAR CANEVARO 325,-12.17175,-76.96933
SISE VILLA EL SALVADOR,4.12,0728519,HEROES DEL PACIFICO,Privada,Privado,LIMA,SAN JUAN DE MIRAFLORES,AVENIDA CESAR CANEVARO 325,-12.17175,-76.96933
SISE SAN JUAN DE MIRAFLORES,0.71,0325498,SAN JUAN,P£blica de gesti¢n directa,Público,LIMA,SAN JUAN DE MIRAFLORES,AVENIDA BILLINGHURSTH S/N ZONA D,-12.16058,-76.96679
SISE SURCO,2.81,0325498,SAN JUAN,P£blica de gesti¢n directa,Público,LIMA,SAN JUAN DE MIRAFLORES,AVENIDA BILLINGHURSTH S/N ZONA D,-12.16058,-76.96679
SISE VILLA EL SALVADOR,4.71,0325498,SAN JUAN,P£blica de gesti¢n directa,Público,LIMA,SAN JUAN DE MIRAFLORES,AVENIDA BILLINGHURSTH S/N ZONA D,-12.16058,-76.96679
SISE VILLA EL SALVADOR,2.41,0502435,6066 VILLA EL SALVADOR,P£blica de gesti¢n directa,Público,LIMA,VILLA EL SALVADOR,AVENIDA LOS ALAMOS S/N SECTOR 2,-12.21334,-76.93987
SISE VILLA EL SALVADOR,2.03,0643148,6048 JORGE BASADRE,P£blica de gesti¢n directa,Público,LIMA,VILLA EL SALVADOR,AVENIDA MICAELA BASTIDAS S/N SECTOR 2,-12.2074,-76.94711
SISE SAN JUAN DE MIRAFLORES,3.14,0773812,7087 EL NAZARENO,P£blica de gesti¢n directa,Público,LIMA,SAN JUAN DE MIRAFLORES,JIRON BELEN S/N,-12.13769,-76.95633
SISE SURCO,3.56,0773812,7087 EL NAZARENO,P£blica de gesti¢n directa,Público,LIMA,SAN JUAN DE MIRAFLORES,JIRON BELEN S/N,-12.13769,-76.95633
SISE SAN JUAN DE MIRAFLORES,1.19,0501809,7067 TORIBIO SEMINARIO,P£blica de gesti¢n directa,Público,LIMA,SAN JUAN DE MIRAFLORES,JIRON BUENAVENTURA REY S/N,-12.15079,-76.97775
SISE SURCO,1.23,0501809,7067 TORIBIO SEMINARIO,P£blica de gesti¢n directa,Público,LIMA,SAN JUAN DE MIRAFLORES,JIRON BUENAVENTURA REY S/N,-12.15079,-76.97775
SISE SAN JUAN DE MIRAFLORES,1.58,0871038,REDIMER JESUS DE VILLA,Privada,Privado,LIMA,VILLA MARIA DEL TRIUNFO,AVENIDA EL SOL 973,-12.1576,-76.95909
SISE SURCO,3.39,0871038,REDIMER JESUS DE VILLA,Privada,Privado,LIMA,VILLA MARIA DEL TRIUNFO,AVENIDA EL SOL 973,-12.1576,-76.95909
SISE VILLA EL SALVADOR,4.47,0871038,REDIMER JESUS DE VILLA,Privada,Privado,LIMA,VILLA MARIA DEL TRIUNFO,AVENIDA EL SOL 973,-12.1576,-76.95909
SISE SAN JUAN DE MIRAFLORES,2.48,0773879,ISAAC NEWTON,Privada,Privado,LIMA,SAN JUAN DE MIRAFLORES,LOS MILAGROS MZ D LOTE 21-22,-12.18218,-76.97882
SISE SURCO,4.14,0773879,ISAAC NEWTON,Privada,Privado,LIMA,SAN JUAN DE MIRAFLORES,LOS MILAGROS MZ D LOTE 21-22,-12.18218,-76.97882
SISE VILLA EL SALVADOR,4.62,0773879,ISAAC NEWTON,Privada,Privado,LIMA,SAN JUAN DE MIRAFLORES,LOS MILAGROS MZ D LOTE 21-22,-12.18218,-76.97882
SISE VILLA EL SALVADOR,4.92,0764167,JOHANNES KEPLER,Privada,Privado,LIMA,VILLA MARIA DEL TRIUNFO,AVENIDA LIMA 2207,-12.22576,-76.9084
SISE VILLA EL SALVADOR,4.73,0774018,CARLOS MANUEL COX,Privada,Privado,LIMA,VILLA MARIA DEL TRIUNFO,AVENIDA LIMA P 11 1980,-12.22343,-76.90835
SISE VILLA EL SALVADOR,3.84,0583567,6068 MANUEL GONZALES PRADA,P£blica de gesti¢n directa,Público,LIMA,VILLA EL SALVADOR,AVENIDA LOS ALAMOS S/N SECTOR 3,-12.225876,-76.932018
SISE SAN JUAN DE MIRAFLORES,4.21,0777276,RICARDO PALMA,Privada,Privado,LIMA,VILLA EL SALVADOR,MZ L LOTE 3-4,-12.19354,-76.95428
SISE VILLA EL SALVADOR,1.84,0777276,RICARDO PALMA,Privada,Privado,LIMA,VILLA EL SALVADOR,MZ L LOTE 3-4,-12.19354,-76.95428
SISE SAN JUAN DE MIRAFLORES,3.52,0774026,7080 JORGE BERNALES SALAS,P£blica de gesti¢n directa,Público,LIMA,VILLA MARIA DEL TRIUNFO,JIRON INDEPENDENCIA 196,-12.14994,-76.9428
SISE SURCO,4.92,0774026,7080 JORGE BERNALES SALAS,P£blica de gesti¢n directa,Público,LIMA,VILLA MARIA DEL TRIUNFO,JIRON INDEPENDENCIA 196,-12.14994,-76.9428
SISE VILLA EL SALVADOR,4.69,0774026,7080 JORGE BERNALES SALAS,P£blica de gesti¢n directa,Público,LIMA,VILLA MARIA DEL TRIUNFO,JIRON INDEPENDENCIA 196,-12.14994,-76.9428
SISE SAN JUAN DE MIRAFLORES,3.36,0583021,FE Y ALEGRIA 23,P£blica de gesti¢n privada,Privado,LIMA,VILLA MARIA DEL TRIUNFO,AVENIDA GARCILASO DE LA VEGA 156,-12.14954,-76.94456
SISE SURCO,4.73,0583021,FE Y ALEGRIA 23,P£blica de gesti¢n privada,Privado,LIMA,VILLA MARIA DEL TRIUNFO,AVENIDA GARCILASO DE LA VEGA 156,-12.14954,-76.94456
SISE VILLA EL SALVADOR,4.76,0583021,FE Y ALEGRIA 23,P£blica de gesti¢n privada,Privado,LIMA,VILLA MARIA DEL TRIUNFO,AVENIDA GARCILASO DE LA VEGA 156,-12.14954,-76.94456
SISE SAN JUAN DE MIRAFLORES,3.91,1034131,JUAN XXIII,Privada,Privado,LIMA,VILLA EL SALVADOR,GRUPO 21A MZ D LOTE 13,-12.19282,-76.95905
SISE VILLA EL SALVADOR,2.35,1034131,JUAN XXIII,Privada,Privado,LIMA,VILLA EL SALVADOR,GRUPO 21A MZ D LOTE 13,-12.19282,-76.95905
SISE SAN JUAN DE MIRAFLORES,4.69,0874321,FRANCISCO ANTONIO DE ZELA,Privada,Privado,LIMA,VILLA EL SALVADOR,AVENIDA PASTOR SEVILLA S/N MZ J LOTE 4,-12.19925,-76.95622
SISE VILLA EL SALVADOR,2.2,0874321,FRANCISCO ANTONIO DE ZELA,Privada,Privado,LIMA,VILLA EL SALVADOR,AVENIDA PASTOR SEVILLA S/N MZ J LOTE 4,-12.19925,-76.95622
SISE VILLA EL SALVADOR,4.13,0582965,NUESTRO SALVADOR,Privada,Privado,LIMA,VILLA MARIA DEL TRIUNFO,AVENIDA MARIAM QUIMPER 1300,-12.21743,-76.91001
SISE SAN JUAN DE MIRAFLORES,3.41,0872671,INGENIERIA DE CARMELITAS,Privada,Privado,LIMA,VILLA MARIA DEL TRIUNFO,AVENIDA VILLA MARIA 1148-1150,-12.16049,-76.94194
SISE VILLA EL SALVADOR,3.51,0872671,INGENIERIA DE CARMELITAS,Privada,Privado,LIMA,VILLA MARIA DEL TRIUNFO,AVENIDA VILLA MARIA 1148-1150,-12.16049,-76.94194
SISE VILLA EL SALVADOR,1.69,1034685,URIBE'S SCHOOL,Privada,Privado,LIMA,VILLA EL SALVADOR,GRUPO 16 MZ C LOTE 17 SECTOR 2,-12.2039,-76.94676
SISE SAN JUAN DE MIRAFLORES,2.11,1070960,GUSTAVO ADOLFO BECQUER,Privada,Privado,LIMA,VILLA MARIA DEL TRIUNFO,AVENIDA JULIO C TELLO 695,-12.15286,-76.95559
SISE SURCO,3.6,1070960,GUSTAVO ADOLFO BECQUER,Privada,Privado,LIMA,VILLA MARIA DEL TRIUNFO,AVENIDA JULIO C TELLO 695,-12.15286,-76.95559
SISE VILLA EL SALVADOR,4.75,1070960,GUSTAVO ADOLFO BECQUER,Privada,Privado,LIMA,VILLA MARIA DEL TRIUNFO,AVENIDA JULIO C TELLO 695,-12.15286,-76.95559
SISE VILLA EL SALVADOR,0.37,0872598,GASTON MARIA DE TABLADA DE LURIN,Privada,Privado,LIMA,VILLA MARIA DEL TRIUNFO,AVENIDA HUAYNA CAPAC PAR11 301 SECTOR II,-12.19044,-76.93428
SISE SAN JUAN DE MIRAFLORES,1.92,0759571,7099 HECTOR PRETELL CARBONELL,P£blica de gesti¢n directa,Público,LIMA,SAN JUAN DE MIRAFLORES,AVENIDA LAS ALAMEDAS DE PAMPAS,-12.17726,-76.96907
SISE SURCO,4.03,0759571,7099 HECTOR PRETELL CARBONELL,P£blica de gesti¢n directa,Público,LIMA,SAN JUAN DE MIRAFLORES,AVENIDA LAS ALAMEDAS DE PAMPAS,-12.17726,-76.96907
SISE VILLA EL SALVADOR,3.8,0759571,7099 HECTOR PRETELL CARBONELL,P£blica de gesti¢n directa,Público,LIMA,SAN JUAN DE MIRAFLORES,AVENIDA LAS ALAMEDAS DE PAMPAS,-12.17726,-76.96907
SISE VILLA EL SALVADOR,2.11,0874446,SAGRADO CORAZON DE JESUS,Privada,Privado,LIMA,VILLA EL SALVADOR,GRUPO 14 SECTOR 2,-12.21069,-76.9388
SISE SAN JUAN DE MIRAFLORES,4.5,0874560,EL UNIVERSO,Privada,Privado,LIMA,VILLA EL SALVADOR,AVENIDA 1 DE MAYO 1171 MZ N LOTE 18,-12.19594,-76.95324
SISE VILLA EL SALVADOR,1.78,0874560,EL UNIVERSO,Privada,Privado,LIMA,VILLA EL SALVADOR,AVENIDA 1 DE MAYO 1171 MZ N LOTE 18,-12.19594,-76.95324
SISE VILLA EL SALVADOR,2.14,0759555,ALEXANDER VON HUMBOLDT,Privada,Privado,LIMA,VILLA EL SALVADOR,MZ E-F LOTE 13-15 SECTOR 2,-12.21104,-76.93659
SISE VILLA EL SALVADOR,2.0,0874453,VILLARREAL,Privada,Privado,LIMA,VILLA EL SALVADOR,AVENIDA LOS ALAMOS S/N MZ I LOTE E 5 SECTOR 2,-12.2091,-76.94237
SISE SAN JUAN DE MIRAFLORES,4.87,0759530,ADVENTISTA SALVADOR,Privada,Privado,LIMA,VILLA EL SALVADOR,AVENIDA MICAELA BASTIDAS S/N MZ M LOTE 14 SECTOR 1,-12.19922,-76.95228
SISE VILLA EL SALVADOR,1.81,0759530,ADVENTISTA SALVADOR,Privada,Privado,LIMA,VILLA EL SALVADOR,AVENIDA MICAELA BASTIDAS S/N MZ M LOTE 14 SECTOR 1,-12.19922,-76.95228
SISE VILLA EL SALVADOR,4.03,0777300,DANIEL ALCIDES CARRION,Privada,Privado,LIMA,VILLA EL SALVADOR,MZ K LOTE 12 SECTOR 3,-12.22781,-76.9336
SISE SAN JUAN DE MIRAFLORES,0.92,0871194,RVDO. WILLIAM M'CARTHY SCHOOL,Privada,Privado,LIMA,SAN JUAN DE MIRAFLORES,JIRON GREGORIO MONTES 209,-12.15302,-76.96981
SISE SURCO,2.12,0871194,RVDO. WILLIAM M'CARTHY SCHOOL,Privada,Privado,LIMA,SAN JUAN DE MIRAFLORES,JIRON GREGORIO MONTES 209,-12.15302,-76.96981
SISE SAN JUAN DE MIRAFLORES,1.05,0583385,REVERENDO HERMANO GASTON MARIA,Privada,Privado,LIMA,SAN JUAN DE MIRAFLORES,AVENIDA LOS HEROES 940 ZONA D,-12.1576,-76.96416
SISE SURCO,2.89,0583385,REVERENDO HERMANO GASTON MARIA,Privada,Privado,LIMA,SAN JUAN DE MIRAFLORES,AVENIDA LOS HEROES 940 ZONA D,-12.1576,-76.96416
SISE VILLA EL SALVADOR,4.78,0583385,REVERENDO HERMANO GASTON MARIA,Privada,Privado,LIMA,SAN JUAN DE MIRAFLORES,AVENIDA LOS HEROES 940 ZONA D,-12.1576,-76.96416
SISE SAN JUAN DE MIRAFLORES,1.07,1071315,COSMOS,Privada,Privado,LIMA,SAN JUAN DE MIRAFLORES,JIRON ENRIQUE OPPENHEIMER 915 ZONA C,-12.16727,-76.96625
SISE SURCO,3.33,1071315,COSMOS,Privada,Privado,LIMA,SAN JUAN DE MIRAFLORES,JIRON ENRIQUE OPPENHEIMER 915 ZONA C,-12.16727,-76.96625
SISE VILLA EL SALVADOR,4.15,1071315,COSMOS,Privada,Privado,LIMA,SAN JUAN DE MIRAFLORES,JIRON ENRIQUE OPPENHEIMER 915 ZONA C,-12.16727,-76.96625
SISE SAN JUAN DE MIRAFLORES,4.12,0874230,JAVIER PEREZ DE CUELLAR,Privada,Privado,LIMA,VILLA EL SALVADOR,PARQUE INDUSTRIAL DE CONO SUR PARCELA 1 MZ A-1 LOTE 3,-12.18443,-76.94443
SISE VILLA EL SALVADOR,1.11,0874230,JAVIER PEREZ DE CUELLAR,Privada,Privado,LIMA,VILLA EL SALVADOR,PARQUE INDUSTRIAL DE CONO SUR PARCELA 1 MZ A-1 LOTE 3,-12.18443,-76.94443
SISE VILLA EL SALVADOR,3.17,0874297,JOHN VON NEUMANN,Privada,Privado,LIMA,VILLA EL SALVADOR,AVENIDA JOSE CARLOS MARIATEGUI MZ F LOTE 10 Y 21 SECTOR 3,-12.21938,-76.93037
SISE SAN JUAN DE MIRAFLORES,1.71,0871160,SE¥OR DE ANIMAS,Privada,Privado,LIMA,SAN JUAN DE MIRAFLORES,CALLE LA FLORIDA 151 MZ D LOTE 24,-12.17415,-76.966
SISE SURCO,3.93,0871160,SE¥OR DE ANIMAS,Privada,Privado,LIMA,SAN JUAN DE MIRAFLORES,CALLE LA FLORIDA 151 MZ D LOTE 24,-12.17415,-76.966
SISE VILLA EL SALVADOR,3.67,0871160,SE¥OR DE ANIMAS,Privada,Privado,LIMA,SAN JUAN DE MIRAFLORES,CALLE LA FLORIDA 151 MZ D LOTE 24,-12.17415,-76.966
SISE VILLA EL SALVADOR,1.93,1071281,7088 VICE-ALMIRANTE GERONIMO CAFFERATA MARAZZI,P£blica de gesti¢n directa,Público,LIMA,VILLA MARIA DEL TRIUNFO,AVENIDA FLORA TRISTAN 1050 ZONA II,-12.18866,-76.91993
SISE SAN JUAN DE MIRAFLORES,3.91,1193986,JORGE BASADRE GROHMANN,Privada,Privado,LIMA,VILLA EL SALVADOR,MZ L LOTE 6-7-8,-12.19373,-76.96148
SISE VILLA EL SALVADOR,2.62,1193986,JORGE BASADRE GROHMANN,Privada,Privado,LIMA,VILLA EL SALVADOR,MZ L LOTE 6-7-8,-12.19373,-76.96148
SISE SAN JUAN DE MIRAFLORES,4.71,1194380,7220,P£blica de gesti¢n directa,Público,LIMA,VILLA MARIA DEL TRIUNFO,AVENIDA CAMINOS DEL INCA PARAISO S/N,-12.14775,-76.93205
SISE VILLA EL SALVADOR,4.93,1194380,7220,P£blica de gesti¢n directa,Público,LIMA,VILLA MARIA DEL TRIUNFO,AVENIDA CAMINOS DEL INCA PARAISO S/N,-12.14775,-76.93205
SISE VILLA EL SALVADOR,4.31,1197318,ELIAS AGUIRRE,Privada,Privado,LIMA,VILLA EL SALVADOR,MZ N LOTE 40,-12.2281,-76.9236
SISE SAN JUAN DE MIRAFLORES,4.81,0874438,SAN AGUSTIN DE VILLA,Privada,Privado,LIMA,VILLA EL SALVADOR,MZ A LOTE 10,-12.19737,-76.95012
SISE VILLA EL SALVADOR,1.51,0874438,SAN AGUSTIN DE VILLA,Privada,Privado,LIMA,VILLA EL SALVADOR,MZ A LOTE 10,-12.19737,-76.95012
SISE VILLA EL SALVADOR,3.7,0502336,6071 REPUBLICA FEDERAL DE ALEMANIA,P£blica de gesti¢n directa,Público,LIMA,VILLA EL SALVADOR,SECTOR 6 SECTOR 6,-12.2239,-76.94643
SISE SAN JUAN DE MIRAFLORES,4.92,0583591,6062 PERU EEUU,P£blica de gesti¢n directa,Público,LIMA,VILLA EL SALVADOR,AVENIDA MICAELA BASTIDAS GRUPO 24 SECTOR I,-12.19948,-76.95185
SISE VILLA EL SALVADOR,1.79,0583591,6062 PERU EEUU,P£blica de gesti¢n directa,Público,LIMA,VILLA EL SALVADOR,AVENIDA MICAELA BASTIDAS GRUPO 24 SECTOR I,-12.19948,-76.95185
SISE VILLA EL SALVADOR,4.45,0694604,7084 PERUANO SUIZO,P£blica de gesti¢n directa,Público,LIMA,VILLA EL SALVADOR,MZ S LOTE 01 ETAPA I,-12.22934,-76.92323
SISE SAN JUAN DE MIRAFLORES,1.25,1197037,SANTA MARIA VIRGEN,Privada,Privado,LIMA,SAN JUAN DE MIRAFLORES,AVENIDA DEFENSORES DE LIMA 776 MZ 3 LOTE 20 ZONA K,-12.15225,-76.96552
SISE SURCO,2.53,1197037,SANTA MARIA VIRGEN,Privada,Privado,LIMA,SAN JUAN DE MIRAFLORES,AVENIDA DEFENSORES DE LIMA 776 MZ 3 LOTE 20 ZONA K,-12.15225,-76.96552
SISE SAN JUAN DE MIRAFLORES,2.59,1195668,MARIA DE LOS ANGELES,Privada,Privado,LIMA,VILLA MARIA DEL TRIUNFO,JIRON UNION 551,-12.16255,-76.94962
SISE SURCO,4.55,1195668,MARIA DE LOS ANGELES,Privada,Privado,LIMA,VILLA MARIA DEL TRIUNFO,JIRON UNION 551,-12.16255,-76.94962
SISE VILLA EL SALVADOR,3.51,1195668,MARIA DE LOS ANGELES,Privada,Privado,LIMA,VILLA MARIA DEL TRIUNFO,JIRON UNION 551,-12.16255,-76.94962
SISE VILLA EL SALVADOR,2.75,0694612,HIPOLITO UNANUE,Privada,Privado,LIMA,VILLA EL SALVADOR,MZ M LOTE 3 SECTOR 2,-12.21541,-76.94492
SISE VILLA EL SALVADOR,4.14,0759548,PROLOG DE VILLA EL SALVADOR,Privada,Privado,LIMA,VILLA EL SALVADOR,MZ I LOTE 08 SECTOR 3,-12.22776,-76.92756
SISE VILLA EL SALVADOR,3.66,1070481,JEAN PIAGET DE PACHACAMAC,Privada,Privado,LIMA,VILLA EL SALVADOR,BARRIO 2 MZ F LOTE 36 ETAPA IV ZONA 1,-12.22147,-76.92303
SISE VILLA EL SALVADOR,2.71,0874495,ALFONSO UGARTE,Privada,Privado,LIMA,VILLA EL SALVADOR,AVENIDA PASTOR SEVILLA MZ M LOTE 21 SECTOR 2,-12.21409,-76.94756
SISE VILLA EL SALVADOR,1.75,1034057,ALEXANDER GRAHAM BELL,Privada,Privado,LIMA,VILLA EL SALVADOR,AVENIDA JUAN VELASCO MZ H LOTE 17 72 SECTOR 2,-12.20743,-76.93902
SISE SAN JUAN DE MIRAFLORES,3.73,0872747,SAN FRANCISCO DE ASIS,Privada,Privado,LIMA,VILLA MARIA DEL TRIUNFO,JIRON SANTA CRUZ DE FLORES 494,-12.18257,-76.94748
SISE VILLA EL SALVADOR,1.5,0872747,SAN FRANCISCO DE ASIS,Privada,Privado,LIMA,VILLA MARIA DEL TRIUNFO,JIRON SANTA CRUZ DE FLORES 494,-12.18257,-76.94748
SISE SAN JUAN DE MIRAFLORES,3.7,0872721,LEONCIO PRADO,Privada,Privado,LIMA,VILLA MARIA DEL TRIUNFO,AVENIDA JOSE CARLOS MARIATEGUII 3027 MZ A LOTE 3,-12.13917,-76.94722
SISE SURCO,4.49,0872721,LEONCIO PRADO,Privada,Privado,LIMA,VILLA MARIA DEL TRIUNFO,AVENIDA JOSE CARLOS MARIATEGUII 3027 MZ A LOTE 3,-12.13917,-76.94722
SISE SAN JUAN DE MIRAFLORES,3.05,1034487,VILLA MARIA,Privada,Privado,LIMA,VILLA MARIA DEL TRIUNFO,AVENIDA EL TRIUNFO 634,-12.16431,-76.94557
SISE VILLA EL SALVADOR,3.18,1034487,VILLA MARIA,Privada,Privado,LIMA,VILLA MARIA DEL TRIUNFO,AVENIDA EL TRIUNFO 634,-12.16431,-76.94557
SISE SAN JUAN DE MIRAFLORES,1.95,1034529,PROLOG,Privada,Privado,LIMA,VILLA MARIA DEL TRIUNFO,AVENIDA JOSE C. MARIATEGUI 528,-12.15424,-76.95658
SISE SURCO,3.53,1034529,PROLOG,Privada,Privado,LIMA,VILLA MARIA DEL TRIUNFO,AVENIDA JOSE C. MARIATEGUI 528,-12.15424,-76.95658
SISE VILLA EL SALVADOR,4.66,1034529,PROLOG,Privada,Privado,LIMA,VILLA MARIA DEL TRIUNFO,AVENIDA JOSE C. MARIATEGUI 528,-12.15424,-76.95658
SISE VILLA EL SALVADOR,3.85,0874313,MANUEL GONZALES PRADA,Privada,Privado,LIMA,VILLA EL SALVADOR,MZ E LOTE 32 ETAPA IV SECTOR 1,-12.22294,-76.9221
SISE VILLA EL SALVADOR,3.72,0874255,PATRON SANTIAGO DE YANACA,Privada,Privado,LIMA,VILLA EL SALVADOR,GRUPO 9 LOTE 4-5,-12.2225,-76.95098
SISE VILLA EL SALVADOR,1.81,0872754,CIRO ALEGRIA BAZAN,Privada,Privado,LIMA,VILLA MARIA DEL TRIUNFO,ESQ TACNA/CORDOVA,-12.19999,-76.92308
SISE VILLA EL SALVADOR,3.75,1196203,LISCAY,Privada,Privado,LIMA,VILLA MARIA DEL TRIUNFO,MZ E LOTE 20 SECTOR 1,-12.22067,-76.91972
SISE VILLA EL SALVADOR,4.48,1194901,EL DIVINO MAESTRO,Privada,Privado,LIMA,VILLA EL SALVADOR,MZ L LOTE 01 ETAPA 1RA,-12.23037,-76.92559
SISE SAN JUAN DE MIRAFLORES,3.16,0759563,7079 RAMIRO PRIALE PRIALE,P£blica de gesti¢n directa,Público,LIMA,SAN JUAN DE MIRAFLORES,AVENIDA MIGUEL IGLESIAS S/N,-12.18584,-76.96004
SISE VILLA EL SALVADOR,2.54,0759563,7079 RAMIRO PRIALE PRIALE,P£blica de gesti¢n directa,Público,LIMA,SAN JUAN DE MIRAFLORES,AVENIDA MIGUEL IGLESIAS S/N,-12.18584,-76.96004
SISE SAN JUAN DE MIRAFLORES,3.73,1194265,7221,P£blica de gesti¢n directa,Público,LIMA,SAN JUAN DE MIRAFLORES,AVENIDA EDILBERTO RAMOS JAVIER,-12.13061,-76.95784
SISE SURCO,3.69,1194265,7221,P£blica de gesti¢n directa,Público,LIMA,SAN JUAN DE MIRAFLORES,AVENIDA EDILBERTO RAMOS JAVIER,-12.13061,-76.95784
SISE SAN JUAN DE MIRAFLORES,1.01,1197599,SAN JUAN BAUTISTA,Privada,Privado,LIMA,SAN JUAN DE MIRAFLORES,AVENIDA GUILLERMO BILLINGHURST 1126 ZONA D,-12.15295,-76.97851
SISE SURCO,1.28,1197599,SAN JUAN BAUTISTA,Privada,Privado,LIMA,SAN JUAN DE MIRAFLORES,AVENIDA GUILLERMO BILLINGHURST 1126 ZONA D,-12.15295,-76.97851
SISE VILLA EL SALVADOR,1.33,1197078,ELOHIM SCHOOL,Privada,Privado,LIMA,VILLA EL SALVADOR,AVENIDA EL SOL 825 SECTOR 2,-12.20145,-76.94468
SISE SAN JUAN DE MIRAFLORES,2.27,1195189,7227 HORACIO ZEBALLOS GAMEZ,P£blica de gesti¢n directa,Público,LIMA,SAN JUAN DE MIRAFLORES,HORACIO ZEVALLOS GAMEZ,-12.1408,-76.97873
SISE SURCO,1.16,1195189,7227 HORACIO ZEBALLOS GAMEZ,P£blica de gesti¢n directa,Público,LIMA,SAN JUAN DE MIRAFLORES,HORACIO ZEVALLOS GAMEZ,-12.1408,-76.97873
SISE VILLA EL SALVADOR,3.36,0872622,CARLOS VALDERRAMA,Privada,Privado,LIMA,VILLA MARIA DEL TRIUNFO,AVENIDA CHIMU 147,-12.16823,-76.91804
SISE SAN JUAN DE MIRAFLORES,2.26,0647040,KIRITSU,Privada,Privado,LIMA,VILLA MARIA DEL TRIUNFO,JIRON JORGE CHAVEZ 340,-12.16127,-76.95254
SISE SURCO,4.2,0647040,KIRITSU,Privada,Privado,LIMA,VILLA MARIA DEL TRIUNFO,JIRON JORGE CHAVEZ 340,-12.16127,-76.95254
SISE VILLA EL SALVADOR,3.77,0647040,KIRITSU,Privada,Privado,LIMA,VILLA MARIA DEL TRIUNFO,JIRON JORGE CHAVEZ 340,-12.16127,-76.95254
SISE SAN JUAN DE MIRAFLORES,3.03,0871111,PITAGORAS,Privada,Privado,LIMA,SAN JUAN DE MIRAFLORES,CARRETERA PANAMERICANA SUR KM.18.5 MZ A LOTE 2,-12.18782,-76.97432
SISE SURCO,4.87,0871111,PITAGORAS,Privada,Privado,LIMA,SAN JUAN DE MIRAFLORES,CARRETERA PANAMERICANA SUR KM.18.5 MZ A LOTE 2,-12.18782,-76.97432
SISE VILLA EL SALVADOR,4.03,0871111,PITAGORAS,Privada,Privado,LIMA,SAN JUAN DE MIRAFLORES,CARRETERA PANAMERICANA SUR KM.18.5 MZ A LOTE 2,-12.18782,-76.97432
SISE SAN JUAN DE MIRAFLORES,2.8,0872531,MICAELA BASTIDAS,Privada,Privado,LIMA,VILLA MARIA DEL TRIUNFO,JIRON CAHUIDE 175,-12.17224,-76.95051
SISE VILLA EL SALVADOR,2.59,0872531,MICAELA BASTIDAS,Privada,Privado,LIMA,VILLA MARIA DEL TRIUNFO,JIRON CAHUIDE 175,-12.17224,-76.95051
SISE VILLA EL SALVADOR,1.21,0872549,SAN MARTIN DE PORRES DE TABLADA,Privada,Privado,LIMA,VILLA MARIA DEL TRIUNFO,JIRON RICARDO PALMA 214 SECTOR II,-12.189914,-76.926439
SISE VILLA EL SALVADOR,0.34,0874347,SAN PABLO DE TARSO,Privada,Privado,LIMA,VILLA EL SALVADOR,PARQUE INDUSTRIAL MZ D LOTE 18 SECTOR 8,-12.19305,-76.94027
SISE VILLA EL SALVADOR,3.78,1195874,7231,P£blica de gesti¢n directa,Público,LIMA,VILLA MARIA DEL TRIUNFO,AVENIDA PROLONGACION PACHACUTEC,-12.22028,-76.91843
SISE SAN JUAN DE MIRAFLORES,4.21,1197888,LOS INGENIEROS SCHOOL,Privada,Privado,LIMA,VILLA EL SALVADOR,CALLE ONCE S/N MZ 9 LOTE 23-24,-12.1971,-76.9631
SISE VILLA EL SALVADOR,2.85,1197888,LOS INGENIEROS SCHOOL,Privada,Privado,LIMA,VILLA EL SALVADOR,CALLE ONCE S/N MZ 9 LOTE 23-24,-12.1971,-76.9631
SISE SAN JUAN DE MIRAFLORES,1.1,1197524,SAN JUAN APOSTOL,Privada,Privado,LIMA,SAN JUAN DE MIRAFLORES,AVENIDA TOMAS GUZMAN 233 ZONA C,-12.16802,-76.96672
SISE SURCO,3.36,1197524,SAN JUAN APOSTOL,Privada,Privado,LIMA,SAN JUAN DE MIRAFLORES,AVENIDA TOMAS GUZMAN 233 ZONA C,-12.16802,-76.96672
SISE VILLA EL SALVADOR,4.14,1197524,SAN JUAN APOSTOL,Privada,Privado,LIMA,SAN JUAN DE MIRAFLORES,AVENIDA TOMAS GUZMAN 233 ZONA C,-12.16802,-76.96672
SISE VILLA EL SALVADOR,4.2,1240670,PROCERES DE LA INDEPENDENCIA,Privada,Privado,LIMA,VILLA MARIA DEL TRIUNFO,JIRON SECHURA S/N MZ 81 LOTE 7A,-12.21675,-76.9085
SISE SAN JUAN DE MIRAFLORES,4.3,1240993,VIRGEN DEL ROSARIO EN EL ENC.2M,Privada,Privado,LIMA,VILLA MARIA DEL TRIUNFO,AVENIDA 2 DE MAYO 501,-12.17471,-76.93656
SISE VILLA EL SALVADOR,1.9,1240993,VIRGEN DEL ROSARIO EN EL ENC.2M,Privada,Privado,LIMA,VILLA MARIA DEL TRIUNFO,AVENIDA 2 DE MAYO 501,-12.17471,-76.93656
SISE VILLA EL SALVADOR,4.3,1240639,SEBASTIAN LORENTE,Privada,Privado,LIMA,VILLA EL SALVADOR,MZ N LOTE 5 SECTOR 7,-12.23022,-76.94175
SISE VILLA EL SALVADOR,3.7,1241553,MARISCAL TORIBIO LUZURIAGA,Privada,Privado,LIMA,VILLA EL SALVADOR,AVENIDA CESAR VALLEJO S/N MZ A-35 LOTE 35,-12.22209,-76.95138
SISE SAN JUAN DE MIRAFLORES,3.04,0871095,NUESTRA SE¥ORA DE GUADALUPE,Privada,Privado,LIMA,SAN JUAN DE MIRAFLORES,MZ H LOTE 8,-12.1845,-76.95979
SISE VILLA EL SALVADOR,2.56,0871095,NUESTRA SE¥ORA DE GUADALUPE,Privada,Privado,LIMA,SAN JUAN DE MIRAFLORES,MZ H LOTE 8,-12.1845,-76.95979
SISE SAN JUAN DE MIRAFLORES,3.93,0872572,HOGAR DEL NI¥O JESUS,Privada,Privado,LIMA,VILLA MARIA DEL TRIUNFO,AVENIDA SANTA ROSA 900 ZONA ANTIGUA,-12.14173,-76.94279
SISE SURCO,4.93,0872572,HOGAR DEL NI¥O JESUS,Privada,Privado,LIMA,VILLA MARIA DEL TRIUNFO,AVENIDA SANTA ROSA 900 ZONA ANTIGUA,-12.14173,-76.94279
SISE SAN JUAN DE LURIGANCHO,2.01,0872762,PASCUAL SACO OLIVEROS,Privada,Privado,LIMA,EL AGUSTINO,CALLE LOS MIRLOS S/N,-12.03405,-76.99737
SISE VILLA EL SALVADOR,2.66,0824797,MARISCAL OSCAR R. BENAVIDES,Privada,Privado,LIMA,VILLA EL SALVADOR,MZ K LOTE 1 SECTOR 6,-12.21026,-76.95304
SISE SAN JUAN DE MIRAFLORES,2.13,1240407,LAS AMERICAS,Privada,Privado,LIMA,SAN JUAN DE MIRAFLORES,AVENIDA MIGUEL IGLESIAS MZ C LOTE 1,-12.17657,-76.96267
SISE SURCO,4.37,1240407,LAS AMERICAS,Privada,Privado,LIMA,SAN JUAN DE MIRAFLORES,AVENIDA MIGUEL IGLESIAS MZ C LOTE 1,-12.17657,-76.96267
SISE VILLA EL SALVADOR,3.22,1240407,LAS AMERICAS,Privada,Privado,LIMA,SAN JUAN DE MIRAFLORES,AVENIDA MIGUEL IGLESIAS MZ C LOTE 1,-12.17657,-76.96267
SISE SAN JUAN DE MIRAFLORES,1.19,1240720,6096 ANTONIO RAIMONDI,P£blica de gesti¢n directa,Público,LIMA,SAN JUAN DE MIRAFLORES,AVENIDA PEDRO SILVA 1095 ZONA C,-12.16712,-76.96474
SISE SURCO,3.44,1240720,6096 ANTONIO RAIMONDI,P£blica de gesti¢n directa,Público,LIMA,SAN JUAN DE MIRAFLORES,AVENIDA PEDRO SILVA 1095 ZONA C,-12.16712,-76.96474
SISE VILLA EL SALVADOR,4.04,1240720,6096 ANTONIO RAIMONDI,P£blica de gesti¢n directa,Público,LIMA,SAN JUAN DE MIRAFLORES,AVENIDA PEDRO SILVA 1095 ZONA C,-12.16712,-76.96474
SISE SAN JUAN DE MIRAFLORES,0.92,1241124,MARIA AUXILIADORA,Privada,Privado,LIMA,SAN JUAN DE MIRAFLORES,CARRETERA PANAMERICANA SUR MZ E LOTE 24,-12.16501,-76.98044
SISE SURCO,2.26,1241124,MARIA AUXILIADORA,Privada,Privado,LIMA,SAN JUAN DE MIRAFLORES,CARRETERA PANAMERICANA SUR MZ E LOTE 24,-12.16501,-76.98044
SISE SAN JUAN DE MIRAFLORES,1.67,1242353,INGENIERIA SAN JUAN,Privada,Privado,LIMA,SAN JUAN DE MIRAFLORES,MZ L LOTE 25,-12.14566,-76.97098
SISE SURCO,1.84,1242353,INGENIERIA SAN JUAN,Privada,Privado,LIMA,SAN JUAN DE MIRAFLORES,MZ L LOTE 25,-12.14566,-76.97098
SISE VILLA EL SALVADOR,3.64,1242361,MILITARIZADO MAX UHLE E.I.R.L.,Privada,Privado,LIMA,VILLA EL SALVADOR,AVENIDA 1 DE MAYO MZ K LOTE 13 SECTOR 2,-12.20637,-76.96747
SISE SAN JUAN DE MIRAFLORES,3.64,1264118,NUESTRA SE¥ORA DE FATIMA,Privada,Privado,LIMA,VILLA MARIA DEL TRIUNFO,MZ G3 LOTE 18 ZONA 3,-12.17726,-76.94459
SISE VILLA EL SALVADOR,1.79,1264118,NUESTRA SE¥ORA DE FATIMA,Privada,Privado,LIMA,VILLA MARIA DEL TRIUNFO,MZ G3 LOTE 18 ZONA 3,-12.17726,-76.94459
SISE SAN JUAN DE MIRAFLORES,0.09,1264159,JEAN PIAGET,Privada,Privado,LIMA,SAN JUAN DE MIRAFLORES,JIRON PEDRO BERTONELLI 795 ZONA A,-12.16092,-76.97411
SISE SURCO,2.23,1264159,JEAN PIAGET,Privada,Privado,LIMA,SAN JUAN DE MIRAFLORES,JIRON PEDRO BERTONELLI 795 ZONA A,-12.16092,-76.97411
SISE SAN JUAN DE MIRAFLORES,0.92,1267079,LEONARD EULER,Privada,Privado,LIMA,SAN JUAN DE MIRAFLORES,JIRON FRANCISCO DE PAULA UGARRIZA 157 ZONA B,-12.16805,-76.97689
SISE SURCO,2.73,1267079,LEONARD EULER,Privada,Privado,LIMA,SAN JUAN DE MIRAFLORES,JIRON FRANCISCO DE PAULA UGARRIZA 157 ZONA B,-12.16805,-76.97689
SISE VILLA EL SALVADOR,0.98,1473545,SANTA MARIA DEL ROSARIO DE TABLADA DE LURIN,Privada,Privado,LIMA,VILLA MARIA DEL TRIUNFO,JIRON SAN FRANCISCO DE ASIS 151,-12.1971,-76.93029
SISE SAN JUAN DE MIRAFLORES,2.2,0694562,7081 JOSE MARIA ARGUEDAS A,P£blica de gesti¢n directa,Público,LIMA,SAN JUAN DE MIRAFLORES,AVENIDA JOSE MARIA ARGUEDAS 814,-12.17933,-76.97971
SISE SURCO,3.81,0694562,7081 JOSE MARIA ARGUEDAS A,P£blica de gesti¢n directa,Público,LIMA,SAN JUAN DE MIRAFLORES,AVENIDA JOSE MARIA ARGUEDAS 814,-12.17933,-76.97971
SISE VILLA EL SALVADOR,4.8,0694562,7081 JOSE MARIA ARGUEDAS A,P£blica de gesti¢n directa,Público,LIMA,SAN JUAN DE MIRAFLORES,AVENIDA JOSE MARIA ARGUEDAS 814,-12.17933,-76.97971
SISE SAN JUAN DE MIRAFLORES,3.46,1267541,CLARETIANO,Privada,Privado,LIMA,VILLA MARIA DEL TRIUNFO,AVENIDA JOSE MARIA ARGUEDAS 410,-12.14507,-76.94574
SISE SURCO,4.59,1267541,CLARETIANO,Privada,Privado,LIMA,VILLA MARIA DEL TRIUNFO,AVENIDA JOSE MARIA ARGUEDAS 410,-12.14507,-76.94574
SISE SAN JUAN DE MIRAFLORES,2.86,1269539,DIVINO MAESTRO DE PAMPLONA,Privada,Privado,LIMA,SAN JUAN DE MIRAFLORES,AVENIDA MIGUEL GRAU MZ T-3 LOTE 21,-12.13597,-76.96543
SISE SURCO,2.69,1269539,DIVINO MAESTRO DE PAMPLONA,Privada,Privado,LIMA,SAN JUAN DE MIRAFLORES,AVENIDA MIGUEL GRAU MZ T-3 LOTE 21,-12.13597,-76.96543
SISE SAN JUAN DE MIRAFLORES,3.17,0583443,7035,P£blica de gesti¢n directa,Público,LIMA,SAN JUAN DE MIRAFLORES,JIRON PUNO S/N MZ P LOTE 20 ZONA A,-12.13536,-76.95962
SISE SURCO,3.3,0583443,7035,P£blica de gesti¢n directa,Público,LIMA,SAN JUAN DE MIRAFLORES,JIRON PUNO S/N MZ P LOTE 20 ZONA A,-12.13536,-76.95962
SISE VILLA EL SALVADOR,1.11,0643171,6073 JORGE BASADRE,P£blica de gesti¢n directa,Público,LIMA,VILLA MARIA DEL TRIUNFO,AVENIDA RICARDO PALMA MZ X,-12.186,-76.92911
SISE VILLA EL SALVADOR,2.04,1473834,JOSE JESUS,Privada,Privado,LIMA,VILLA EL SALVADOR,MZ G LOTE 12,-12.20648,-76.94862
SISE VILLA EL SALVADOR,3.39,1473842,INGENIERIA,Privada,Privado,LIMA,VILLA EL SALVADOR,MZ P LOTE 1 SECTOR 3,-12.22197,-76.93304
SISE SAN JUAN DE MIRAFLORES,0.59,1473933,COLEGIO EMMI PIKLER LIMA SUR,Privada,Privado,LIMA,SAN JUAN DE MIRAFLORES,AVENIDA JOSE DEL CARMEN VERASTEGUI 533 ZONA C,-12.16274,-76.96842
SISE SURCO,2.82,1473933,COLEGIO EMMI PIKLER LIMA SUR,Privada,Privado,LIMA,SAN JUAN DE MIRAFLORES,AVENIDA JOSE DEL CARMEN VERASTEGUI 533 ZONA C,-12.16274,-76.96842
SISE VILLA EL SALVADOR,4.66,1473933,COLEGIO EMMI PIKLER LIMA SUR,Privada,Privado,LIMA,SAN JUAN DE MIRAFLORES,AVENIDA JOSE DEL CARMEN VERASTEGUI 533 ZONA C,-12.16274,-76.96842
SISE SAN JUAN DE MIRAFLORES,2.85,0871004,MATTER PURISIMA,Privada,Privado,LIMA,VILLA MARIA DEL TRIUNFO,AVENIDA SANTA CRUZ DE FLORES 450,-12.14958,-76.94968
SISE SURCO,4.18,0871004,MATTER PURISIMA,Privada,Privado,LIMA,VILLA MARIA DEL TRIUNFO,AVENIDA SANTA CRUZ DE FLORES 450,-12.14958,-76.94968
SISE VILLA EL SALVADOR,4.88,0871004,MATTER PURISIMA,Privada,Privado,LIMA,VILLA MARIA DEL TRIUNFO,AVENIDA SANTA CRUZ DE FLORES 450,-12.14958,-76.94968
SISE SAN JUAN DE MIRAFLORES,2.0,1267582,CARMELITAS AMERICAN HIGH SCHOOL,Privada,Privado,LIMA,SAN JUAN DE MIRAFLORES,PASAJE EL NAZARENO ESQUINA CON PASAJE BETANIA S/N MZ T2 LOTE 3,-12.17726,-76.96655
SISE SURCO,4.18,1267582,CARMELITAS AMERICAN HIGH SCHOOL,Privada,Privado,LIMA,SAN JUAN DE MIRAFLORES,PASAJE EL NAZARENO ESQUINA CON PASAJE BETANIA S/N MZ T2 LOTE 3,-12.17726,-76.96655
SISE VILLA EL SALVADOR,3.55,1267582,CARMELITAS AMERICAN HIGH SCHOOL,Privada,Privado,LIMA,SAN JUAN DE MIRAFLORES,PASAJE EL NAZARENO ESQUINA CON PASAJE BETANIA S/N MZ T2 LOTE 3,-12.17726,-76.96655
SISE VILLA EL SALVADOR,3.33,0775346,7096 PRINCIPE DE ASTURIAS,P£blica de gesti¢n directa,Público,LIMA,VILLA EL SALVADOR,AVENIDA CESAR VALLEJO S/N SECTOR 6,-12.21975,-76.94824
SISE SAN JUAN DE MIRAFLORES,1.79,1272863,NORBERT WIENER,Privada,Privado,LIMA,VILLA MARIA DEL TRIUNFO,CALLE MARIA PARADO DE BELLIDO,-12.15589,-76.95755
SISE SURCO,3.48,1272863,NORBERT WIENER,Privada,Privado,LIMA,VILLA MARIA DEL TRIUNFO,CALLE MARIA PARADO DE BELLIDO,-12.15589,-76.95755
SISE VILLA EL SALVADOR,4.55,1272863,NORBERT WIENER,Privada,Privado,LIMA,VILLA MARIA DEL TRIUNFO,CALLE MARIA PARADO DE BELLIDO,-12.15589,-76.95755
SISE SAN JUAN DE MIRAFLORES,2.3,1265743,MAGISTER,Privada,Privado,LIMA,VILLA MARIA DEL TRIUNFO,JIRON INTI RAYMI 377,-12.15073,-76.95468
SISE SURCO,3.65,1265743,MAGISTER,Privada,Privado,LIMA,VILLA MARIA DEL TRIUNFO,JIRON INTI RAYMI 377,-12.15073,-76.95468
SISE VILLA EL SALVADOR,4.93,1265743,MAGISTER,Privada,Privado,LIMA,VILLA MARIA DEL TRIUNFO,JIRON INTI RAYMI 377,-12.15073,-76.95468
SISE SAN JUAN DE MIRAFLORES,2.76,1274034,ANGELES DE JESUS,Privada,Privado,LIMA,VILLA MARIA DEL TRIUNFO,JIRON MATEO PUMACAHUA 450,-12.1733,-76.95157
SISE SURCO,4.98,1274034,ANGELES DE JESUS,Privada,Privado,LIMA,VILLA MARIA DEL TRIUNFO,JIRON MATEO PUMACAHUA 450,-12.1733,-76.95157
SISE VILLA EL SALVADOR,2.56,1274034,ANGELES DE JESUS,Privada,Privado,LIMA,VILLA MARIA DEL TRIUNFO,JIRON MATEO PUMACAHUA 450,-12.1733,-76.95157
SISE SAN JUAN DE MIRAFLORES,1.08,1474212,CESAR CANEVARO,Privada,Privado,LIMA,SAN JUAN DE MIRAFLORES,AVENIDA CESAR CANEVARO 186,-12.16899,-76.96835
SISE SURCO,3.32,1474212,CESAR CANEVARO,Privada,Privado,LIMA,SAN JUAN DE MIRAFLORES,AVENIDA CESAR CANEVARO 186,-12.16899,-76.96835
SISE VILLA EL SALVADOR,4.21,1474212,CESAR CANEVARO,Privada,Privado,LIMA,SAN JUAN DE MIRAFLORES,AVENIDA CESAR CANEVARO 186,-12.16899,-76.96835
SISE SAN JUAN DE MIRAFLORES,1.82,1474410,SANTA MARIA,Privada,Privado,LIMA,SAN JUAN DE MIRAFLORES,MZ A LOTE 20,-12.16516,-76.95727
SISE SURCO,3.95,1474410,SANTA MARIA,Privada,Privado,LIMA,SAN JUAN DE MIRAFLORES,MZ A LOTE 20,-12.16516,-76.95727
SISE VILLA EL SALVADOR,3.66,1474410,SANTA MARIA,Privada,Privado,LIMA,SAN JUAN DE MIRAFLORES,MZ A LOTE 20,-12.16516,-76.95727
SISE VILLA EL SALVADOR,1.38,1474444,PALAS ATENEA,Privada,Privado,LIMA,VILLA EL SALVADOR,MZ C LOTE 21 SECTOR 2,-12.20356,-76.94147
SISE VILLA EL SALVADOR,2.59,1474543,PERUANO FRANCES,Privada,Privado,LIMA,VILLA EL SALVADOR,MZ J LOTE 17 SECTOR 2,-12.21243,-76.9485
SISE VILLA EL SALVADOR,4.23,1474618,7217 OLIMPIA GERALDINA MELENDEZ PERALTA,P£blica de gesti¢n directa,Público,LIMA,VILLA MARIA DEL TRIUNFO,CALLE 5 AMPL JOSE GALVEZ S/N,-12.22398,-76.91667
SISE SAN JUAN DE MIRAFLORES,4.11,0694596,6004 SANTIAGO ANTUNEZ DE MAYOLO,P£blica de gesti¢n directa,Público,LIMA,VILLA EL SALVADOR,MZ ¥ LOTE 03 SECTOR 5,-12.19548,-76.96105
SISE VILLA EL SALVADOR,2.6,0694596,6004 SANTIAGO ANTUNEZ DE MAYOLO,P£blica de gesti¢n directa,Público,LIMA,VILLA EL SALVADOR,MZ ¥ LOTE 03 SECTOR 5,-12.19548,-76.96105
SISE SAN JUAN DE MIRAFLORES,3.04,1474691,SANTIAGO APOSTOL,Privada,Privado,LIMA,SAN JUAN DE MIRAFLORES,RICARDO PALMA MZ J LOTE 11,-12.18589,-76.9629
SISE VILLA EL SALVADOR,2.84,1474691,SANTIAGO APOSTOL,Privada,Privado,LIMA,SAN JUAN DE MIRAFLORES,RICARDO PALMA MZ J LOTE 11,-12.18589,-76.9629
SISE SAN JUAN DE MIRAFLORES,2.08,1071059,MARIA EXALTACION,Privada,Privado,LIMA,VILLA MARIA DEL TRIUNFO,PASAJE LOS CIPRECES 515 ZONA 1,-12.16545,-76.95487
SISE SURCO,4.19,1071059,MARIA EXALTACION,Privada,Privado,LIMA,VILLA MARIA DEL TRIUNFO,PASAJE LOS CIPRECES 515 ZONA 1,-12.16545,-76.95487
SISE VILLA EL SALVADOR,3.49,1071059,MARIA EXALTACION,Privada,Privado,LIMA,VILLA MARIA DEL TRIUNFO,PASAJE LOS CIPRECES 515 ZONA 1,-12.16545,-76.95487
SISE VILLA EL SALVADOR,2.68,1474824,VIRGEN DE YAUCA,Privada,Privado,LIMA,VILLA EL SALVADOR,MZ B LOTE 17 SECTOR 6,-12.21191,-76.951
SISE VILLA EL SALVADOR,3.18,1475219,7232 DANIEL ALCIDES CARRION,P£blica de gesti¢n directa,Público,LIMA,VILLA EL SALVADOR,MZ O SECTOR 6,-12.21488,-76.95469
SISE VILLA EL SALVADOR,2.29,1475235,EL ALBA,Privada,Privado,LIMA,VILLA EL SALVADOR,MZ I LOTE I SECTOR 2,-12.21232,-76.93663
SISE SAN JUAN DE MIRAFLORES,3.42,1475250,7230,P£blica de gesti¢n directa,Público,LIMA,SAN JUAN DE MIRAFLORES,CARRETERA PANAMERICANA SUR KM 15.5 MZ A LOTE 02,-12.19112,-76.97687
SISE VILLA EL SALVADOR,4.29,1475250,7230,P£blica de gesti¢n directa,Público,LIMA,SAN JUAN DE MIRAFLORES,CARRETERA PANAMERICANA SUR KM 15.5 MZ A LOTE 02,-12.19112,-76.97687
SISE VILLA EL SALVADOR,1.71,1475318,7226-562 JOSE OLAYA BALANDRA,P£blica de gesti¢n directa,Público,LIMA,VILLA MARIA DEL TRIUNFO,AVENIDA LOS INCAS S/N MZ 15Y LOTE 06 SECTOR 3,-12.18182,-76.92546
SISE SAN JUAN DE MIRAFLORES,1.62,1475326,JHON NAPIER,Privada,Privado,LIMA,SAN JUAN DE MIRAFLORES,JIRON IGNACIO SEMINARIO 1297 ZONA C-2,-12.16956,-76.96163
SISE SURCO,3.87,1475326,JHON NAPIER,Privada,Privado,LIMA,SAN JUAN DE MIRAFLORES,JIRON IGNACIO SEMINARIO 1297 ZONA C-2,-12.16956,-76.96163
SISE VILLA EL SALVADOR,3.61,1475326,JHON NAPIER,Privada,Privado,LIMA,SAN JUAN DE MIRAFLORES,JIRON IGNACIO SEMINARIO 1297 ZONA C-2,-12.16956,-76.96163
SISE SAN JUAN DE MIRAFLORES,3.38,1475383,6084 SAN MARTIN DE PORRES,P£blica de gesti¢n directa,Público,LIMA,VILLA MARIA DEL TRIUNFO,AVENIDA SAN MARTIN 1300,-12.15681,-76.94249
SISE VILLA EL SALVADOR,3.93,1475383,6084 SAN MARTIN DE PORRES,P£blica de gesti¢n directa,Público,LIMA,VILLA MARIA DEL TRIUNFO,AVENIDA SAN MARTIN 1300,-12.15681,-76.94249
SISE SAN JUAN DE MIRAFLORES,1.09,1475102,SANTA ROSITA DE QUIVES,Privada,Privado,LIMA,SAN JUAN DE MIRAFLORES,LOS LIRIOS MZ J LOTE 12,-12.16434,-76.98262
SISE SURCO,2.11,1475102,SANTA ROSITA DE QUIVES,Privada,Privado,LIMA,SAN JUAN DE MIRAFLORES,LOS LIRIOS MZ J LOTE 12,-12.16434,-76.98262
SISE SAN JUAN DE MIRAFLORES,4.16,1475607,NAZARENO,Privada,Privado,LIMA,VILLA MARIA DEL TRIUNFO,AVENIDA ANDRES AVELINO CACERES 284,-12.13515,-76.94528
SISE SURCO,4.79,1475607,NAZARENO,Privada,Privado,LIMA,VILLA MARIA DEL TRIUNFO,AVENIDA ANDRES AVELINO CACERES 284,-12.13515,-76.94528
SISE SAN JUAN DE MIRAFLORES,1.26,1475904,LUZ Y ESPERANZA,Privada,Privado,LIMA,SAN JUAN DE MIRAFLORES,CALLE LOS EUCALIPTOS MZ H LOTE 9,-12.1714,-76.97004
SISE SURCO,3.42,1475904,LUZ Y ESPERANZA,Privada,Privado,LIMA,SAN JUAN DE MIRAFLORES,CALLE LOS EUCALIPTOS MZ H LOTE 9,-12.1714,-76.97004
SISE VILLA EL SALVADOR,4.2,1475904,LUZ Y ESPERANZA,Privada,Privado,LIMA,SAN JUAN DE MIRAFLORES,CALLE LOS EUCALIPTOS MZ H LOTE 9,-12.1714,-76.97004
SISE VILLA EL SALVADOR,4.34,1475920,LA CATOLICA,Privada,Privado,LIMA,VILLA MARIA DEL TRIUNFO,JIRON AMAZONAS 269,-12.21433,-76.9049
SISE VILLA EL SALVADOR,3.65,1475938,JOSE MARIA DE BELEN,Privada,Privado,LIMA,VILLA MARIA DEL TRIUNFO,AVENIDA ARICA 408,-12.20927,-76.90904
SISE VILLA EL SALVADOR,4.56,1475961,TALENTUS V.E.S.,Privada,Privado,LIMA,VILLA EL SALVADOR,LA ENCANTADA GRUPO II MZ D LOTE 16-17,-12.23164,-76.94712
SISE SAN JUAN DE MIRAFLORES,3.83,1476068,SAN ANTONIO DE PADUA PRESBITERO,Privada,Privado,LIMA,VILLA MARIA DEL TRIUNFO,JIRON RICARDO PALMA 232,-12.18151,-76.94537
SISE VILLA EL SALVADOR,1.43,1476068,SAN ANTONIO DE PADUA PRESBITERO,Privada,Privado,LIMA,VILLA MARIA DEL TRIUNFO,JIRON RICARDO PALMA 232,-12.18151,-76.94537
SISE VILLA EL SALVADOR,2.25,1278522,PODEROSO JESUS,Privada,Privado,LIMA,VILLA EL SALVADOR,MZ N LOTE 14 SECTOR 2,-12.21101,-76.94371
SISE SAN JUAN DE MIRAFLORES,0.48,1476225,CHARLES DE GAULLE,Privada,Privado,LIMA,SAN JUAN DE MIRAFLORES,JIRON MAXIMILIANO CARRANZA 550 ZONA D,-12.15655,-76.97169
SISE SURCO,2.12,1476225,CHARLES DE GAULLE,Privada,Privado,LIMA,SAN JUAN DE MIRAFLORES,JIRON MAXIMILIANO CARRANZA 550 ZONA D,-12.15655,-76.97169
SISE SAN JUAN DE MIRAFLORES,2.73,1476258,7101,P£blica de gesti¢n directa,Público,LIMA,SAN JUAN DE MIRAFLORES,CARRETERA PANAMERICANA SUR KM 15,-12.18447,-76.97897
SISE SURCO,4.38,1476258,7101,P£blica de gesti¢n directa,Público,LIMA,SAN JUAN DE MIRAFLORES,CARRETERA PANAMERICANA SUR KM 15,-12.18447,-76.97897
SISE VILLA EL SALVADOR,4.59,1476258,7101,P£blica de gesti¢n directa,Público,LIMA,SAN JUAN DE MIRAFLORES,CARRETERA PANAMERICANA SUR KM 15,-12.18447,-76.97897
SISE SAN JUAN DE MIRAFLORES,2.4,1476290,CHRISTIAN BARNARD DE VILLA,Privada,Privado,LIMA,VILLA MARIA DEL TRIUNFO,JIRON TUPAC AMARU 201,-12.15249,-76.95286
SISE SURCO,3.88,1476290,CHRISTIAN BARNARD DE VILLA,Privada,Privado,LIMA,VILLA MARIA DEL TRIUNFO,JIRON TUPAC AMARU 201,-12.15249,-76.95286
SISE VILLA EL SALVADOR,4.68,1476290,CHRISTIAN BARNARD DE VILLA,Privada,Privado,LIMA,VILLA MARIA DEL TRIUNFO,JIRON TUPAC AMARU 201,-12.15249,-76.95286
SISE VILLA EL SALVADOR,4.05,1476381,SANTISIMA VIRGEN DE COCHARCAS,Privada,Privado,LIMA,VILLA EL SALVADOR,MZ E LOTE 9,-12.22808,-76.93462
SISE SAN JUAN DE MIRAFLORES,2.63,1476449,SAN MARTINCITO DE PORRES,Privada,Privado,LIMA,SAN JUAN DE MIRAFLORES,AVENIDA CENTRAL S/N,-12.13873,-76.9641
SISE SURCO,2.71,1476449,SAN MARTINCITO DE PORRES,Privada,Privado,LIMA,SAN JUAN DE MIRAFLORES,AVENIDA CENTRAL S/N,-12.13873,-76.9641
SISE SAN JUAN DE MIRAFLORES,2.06,1476852,SANTA RITA DE PAMPLONA,Privada,Privado,LIMA,SAN JUAN DE MIRAFLORES,MZ 51 LOTE 26,-12.14428,-76.96428
SISE SURCO,2.58,1476852,SANTA RITA DE PAMPLONA,Privada,Privado,LIMA,SAN JUAN DE MIRAFLORES,MZ 51 LOTE 26,-12.14428,-76.96428
SISE VILLA EL SALVADOR,4.78,1476985,LA SEMILLA DE ABRAHAM VALDELOMAR,Privada,Privado,LIMA,VILLA EL SALVADOR,MZ O' LOTE 16 ETAPA III,-12.23239,-76.92305
SISE SAN JUAN DE MIRAFLORES,1.26,1481621,SACO OLIVEROS HELICOIDAL,Privada,Privado,LIMA,SAN JUAN DE MIRAFLORES,CALLE TORIBIO SEMINARIO 1102 ZONA D,-12.16001,-76.9618
SISE SURCO,3.24,1481621,SACO OLIVEROS HELICOIDAL,Privada,Privado,LIMA,SAN JUAN DE MIRAFLORES,CALLE TORIBIO SEMINARIO 1102 ZONA D,-12.16001,-76.9618
SISE VILLA EL SALVADOR,4.41,1481621,SACO OLIVEROS HELICOIDAL,Privada,Privado,LIMA,SAN JUAN DE MIRAFLORES,CALLE TORIBIO SEMINARIO 1102 ZONA D,-12.16001,-76.9618
SISE SAN JUAN DE MIRAFLORES,3.69,1477066,LATINOAMERICANO,Privada,Privado,LIMA,VILLA MARIA DEL TRIUNFO,AVENIDA EL TRIUNFO 1388 MZ I LOTE 15,-12.16004,-76.93937
SISE VILLA EL SALVADOR,3.53,1477066,LATINOAMERICANO,Privada,Privado,LIMA,VILLA MARIA DEL TRIUNFO,AVENIDA EL TRIUNFO 1388 MZ I LOTE 15,-12.16004,-76.93937
SISE SAN JUAN DE MIRAFLORES,1.19,1477116,EMMANUEL COLLEGE,Privada,Privado,LIMA,SAN JUAN DE MIRAFLORES,JIRON JULIO BELLIDO 1087 ZONA D,-12.16197,-76.96249
SISE SURCO,3.28,1477116,EMMANUEL COLLEGE,Privada,Privado,LIMA,SAN JUAN DE MIRAFLORES,JIRON JULIO BELLIDO 1087 ZONA D,-12.16197,-76.96249
SISE VILLA EL SALVADOR,4.29,1477116,EMMANUEL COLLEGE,Privada,Privado,LIMA,SAN JUAN DE MIRAFLORES,JIRON JULIO BELLIDO 1087 ZONA D,-12.16197,-76.96249
SISE VILLA EL SALVADOR,1.41,1477199,CRISTO REY DE VILLA,Privada,Privado,LIMA,VILLA EL SALVADOR,CALLE SANTA ROSA MZ C LOTE 16-17 SECTOR 2,-12.20437,-76.93648
SISE SAN JUAN DE MIRAFLORES,2.65,1477231,SANTA MARIA,Privada,Privado,LIMA,VILLA MARIA DEL TRIUNFO,PASAJE VIRGEN DE ASUNTA 110-114,-12.16814,-76.95027
SISE SURCO,4.77,1477231,SANTA MARIA,Privada,Privado,LIMA,VILLA MARIA DEL TRIUNFO,PASAJE VIRGEN DE ASUNTA 110-114,-12.16814,-76.95027
SISE VILLA EL SALVADOR,2.97,1477231,SANTA MARIA,Privada,Privado,LIMA,VILLA MARIA DEL TRIUNFO,PASAJE VIRGEN DE ASUNTA 110-114,-12.16814,-76.95027
SISE SAN JUAN DE MIRAFLORES,4.2,1279801,SAN GERARDO,Privada,Privado,LIMA,VILLA MARIA DEL TRIUNFO,JIRON AMAZONAS 933 MZ 207 LOTE 3,-12.14125,-76.94008
SISE VILLA EL SALVADOR,3.66,0305664,TRILCE DE VILLA EL SALVADOR,Privada,Privado,LIMA,VILLA EL SALVADOR,AVENIDA SEPARADORA AGRO INDUSTRIAL SUB PARCELA 34-A2 SUBPARCELA 34-A2,-12.22112,-76.95274
SISE SAN JUAN DE MIRAFLORES,4.66,1477264,6014,P£blica de gesti¢n directa,Público,LIMA,VILLA MARIA DEL TRIUNFO,JIRON MATEO PUMACAHUA 252,-12.17383,-76.93267
SISE VILLA EL SALVADOR,2.06,1477264,6014,P£blica de gesti¢n directa,Público,LIMA,VILLA MARIA DEL TRIUNFO,JIRON MATEO PUMACAHUA 252,-12.17383,-76.93267
SISE VILLA EL SALVADOR,4.48,1279769,HOUSTON,Privada,Privado,LIMA,VILLA EL SALVADOR,GRUPO 2 MZ A LOTE 11,-12.23074,-76.94776
SISE VILLA EL SALVADOR,1.12,1279728,ALMIRANTE MIGUEL GRAU SEMINARIO,Privada,Privado,LIMA,VILLA MARIA DEL TRIUNFO,AVENIDA SAN FRANCISCO 396,-12.19602,-76.92815
SISE SAN JUAN DE MIRAFLORES,3.54,1279363,JEAN PIAGET,Privada,Privado,LIMA,VILLA MARIA DEL TRIUNFO,AVENIDA 9 DE DICIEMBRE 131 ZONA 3,-12.17633,-76.94506
SISE VILLA EL SALVADOR,1.91,1279363,JEAN PIAGET,Privada,Privado,LIMA,VILLA MARIA DEL TRIUNFO,AVENIDA 9 DE DICIEMBRE 131 ZONA 3,-12.17633,-76.94506
SISE SAN JUAN DE MIRAFLORES,1.14,1477272,NI¥O JESUS,Privada,Privado,LIMA,SAN JUAN DE MIRAFLORES,AVENIDA HERNANDO DE LAVALLE 325,-12.15076,-76.9701
SISE SURCO,2.01,1477272,NI¥O JESUS,Privada,Privado,LIMA,SAN JUAN DE MIRAFLORES,AVENIDA HERNANDO DE LAVALLE 325,-12.15076,-76.9701
SISE VILLA EL SALVADOR,3.63,1280163,BENJAMIN FRANKLIN,Privada,Privado,LIMA,VILLA EL SALVADOR,MZ O LOTE 40 ETAPA III,-12.22252,-76.92629
SISE VILLA EL SALVADOR,3.58,1477512,SAN LORENZO,Privada,Privado,LIMA,VILLA EL SALVADOR,MZ VC LOTE 29-30-31 ETAPA III SECTOR 3,-12.22225,-76.9267
SISE VILLA EL SALVADOR,2.92,1477728,JORGE CHAVEZ I,Privada,Privado,LIMA,VILLA EL SALVADOR,AVENIDA CESAR VALLEJO MZ N LOTE 13 SECTOR 3,-12.21747,-76.94312
SISE SAN JUAN DE MIRAFLORES,3.01,1477751,MATER ADMIRABILIS,Privada,Privado,LIMA,VILLA MARIA DEL TRIUNFO,AVENIDA LATINOAMERICANA 291 MZ 44 LOTE 27,-12.14844,-76.94855
SISE SURCO,4.29,1477751,MATER ADMIRABILIS,Privada,Privado,LIMA,VILLA MARIA DEL TRIUNFO,AVENIDA LATINOAMERICANA 291 MZ 44 LOTE 27,-12.14844,-76.94855
SISE VILLA EL SALVADOR,4.97,1477751,MATER ADMIRABILIS,Privada,Privado,LIMA,VILLA MARIA DEL TRIUNFO,AVENIDA LATINOAMERICANA 291 MZ 44 LOTE 27,-12.14844,-76.94855
SISE SAN JUAN DE MIRAFLORES,3.96,1477785,CORAZON INMACULADO DE MARIA,Privada,Privado,LIMA,SAN JUAN DE MIRAFLORES,JIRON DANIEL GARCES 570,-12.13103,-76.95291
SISE SURCO,4.16,1477785,CORAZON INMACULADO DE MARIA,Privada,Privado,LIMA,SAN JUAN DE MIRAFLORES,JIRON DANIEL GARCES 570,-12.13103,-76.95291
SISE SAN JUAN DE MIRAFLORES,0.91,1477983,LATINO,Privada,Privado,LIMA,SAN JUAN DE MIRAFLORES,CALLE JOSE SANTOS CHOCANO 105,-12.15994,-76.98174
SISE SURCO,1.69,1477983,LATINO,Privada,Privado,LIMA,SAN JUAN DE MIRAFLORES,CALLE JOSE SANTOS CHOCANO 105,-12.15994,-76.98174
SISE VILLA EL SALVADOR,2.45,1478072,REINO UNIDO BRITANICO,Privada,Privado,LIMA,VILLA EL SALVADOR,AVENIDA ARRIBA PERU MZ N LOTE 9 SECTOR 2,-12.2105,-76.94926
SISE SAN JUAN DE MIRAFLORES,3.69,1478122,SAN IGNACIO DE LOYOLA,Privada,Privado,LIMA,VILLA MARIA DEL TRIUNFO,CALLE LOS ANDES 254,-12.14899,-76.94149
SISE VILLA EL SALVADOR,4.78,1478122,SAN IGNACIO DE LOYOLA,Privada,Privado,LIMA,VILLA MARIA DEL TRIUNFO,CALLE LOS ANDES 254,-12.14899,-76.94149
SISE SAN JUAN DE MIRAFLORES,2.51,1478239,TRILCE VILLA MARIA,Privada,Privado,LIMA,VILLA MARIA DEL TRIUNFO,AVENIDA PACHACUTEC 2221,-12.16713,-76.95126
SISE SURCO,4.62,1478239,TRILCE VILLA MARIA,Privada,Privado,LIMA,VILLA MARIA DEL TRIUNFO,AVENIDA PACHACUTEC 2221,-12.16713,-76.95126
SISE VILLA EL SALVADOR,3.12,1478239,TRILCE VILLA MARIA,Privada,Privado,LIMA,VILLA MARIA DEL TRIUNFO,AVENIDA PACHACUTEC 2221,-12.16713,-76.95126
SISE VILLA EL SALVADOR,4.44,1478247,MI JESUS,Privada,Privado,LIMA,VILLA EL SALVADOR,MZ E LOTE 5 SECTOR 7,-12.23153,-76.94124
SISE SAN JUAN DE MIRAFLORES,3.6,1478304,VIRGEN SANTA ANA,Privada,Privado,LIMA,SAN JUAN DE MIRAFLORES,MZ E LOTE 8,-12.19292,-76.97501
SISE VILLA EL SALVADOR,4.08,1478304,VIRGEN SANTA ANA,Privada,Privado,LIMA,SAN JUAN DE MIRAFLORES,MZ E LOTE 8,-12.19292,-76.97501
SISE SAN JUAN DE MIRAFLORES,4.39,1478312,SAN JUAN,Privada,Privado,LIMA,VILLA MARIA DEL TRIUNFO,AVENIDA 2 DE MAYO 663,-12.17381,-76.93534
SISE VILLA EL SALVADOR,2.01,1478312,SAN JUAN,Privada,Privado,LIMA,VILLA MARIA DEL TRIUNFO,AVENIDA 2 DE MAYO 663,-12.17381,-76.93534
SISE VILLA EL SALVADOR,2.07,1478361,LINCOLN DE VILLA,Privada,Privado,LIMA,VILLA EL SALVADOR,MZ I LOTE 01 SECTOR 3,-12.20832,-76.94609
SISE VILLA EL SALVADOR,3.55,0874420,JOSE GALVEZ BARRENECHEA,Privada,Privado,LIMA,VILLA EL SALVADOR,MZ P LOTE 21 SECTOR 3,-12.22365,-76.93531
SISE COMAS,2.37,0437509,3701 FE Y ALEGRIA 1,P£blica de gesti¢n privada,Privado,LIMA,SAN MARTIN DE PORRES,AVENIDA JOSE GRANDA 2202,-12.02797,-77.06665
SISE INDEPENDENCIA,4.27,0437509,3701 FE Y ALEGRIA 1,P£blica de gesti¢n privada,Privado,LIMA,SAN MARTIN DE PORRES,AVENIDA JOSE GRANDA 2202,-12.02797,-77.06665
SISE COMAS,4.79,0566083,3709 NUESTRA SE¥ORA DEL ROSARIO,Privada,Privado,LIMA,INDEPENDENCIA,AVENIDA HUANACAURE 337,-11.98135,-77.0495
SISE INDEPENDENCIA,1.46,0566083,3709 NUESTRA SE¥ORA DEL ROSARIO,Privada,Privado,LIMA,INDEPENDENCIA,AVENIDA HUANACAURE 337,-11.98135,-77.0495
SISE COMAS,2.16,0677716,EL BUEN PASTOR,Privada,Privado,LIMA,LOS OLIVOS,JIRON ARIES 782,-11.9956,-77.0697
SISE INDEPENDENCIA,1.27,0677716,EL BUEN PASTOR,Privada,Privado,LIMA,LOS OLIVOS,JIRON ARIES 782,-11.9956,-77.0697
SISE COMAS,1.66,0764944,3704 SAN COLUMBANO,Privada,Privado,LIMA,SAN MARTIN DE PORRES,AVENIDA PACASMAYO 3630,-12.026005,-77.085062
SISE INDEPENDENCIA,4.86,0764944,3704 SAN COLUMBANO,Privada,Privado,LIMA,SAN MARTIN DE PORRES,AVENIDA PACASMAYO 3630,-12.026005,-77.085062
SISE COMAS,4.47,0885186,SAN ROQUE,Privada,Privado,LIMA,LOS OLIVOS,PARQUE RIO CHIRA 525,-11.9732,-77.068967
SISE INDEPENDENCIA,2.17,0885186,SAN ROQUE,Privada,Privado,LIMA,LOS OLIVOS,PARQUE RIO CHIRA 525,-11.9732,-77.068967
SISE COMAS,3.37,0885129,AURELIO BALDOR,Privada,Privado,LIMA,LOS OLIVOS,CALLE 55 MZ T2 LOTE 51-52,-11.99951,-77.05244
SISE INDEPENDENCIA,1.27,0885129,AURELIO BALDOR,Privada,Privado,LIMA,LOS OLIVOS,CALLE 55 MZ T2 LOTE 51-52,-11.99951,-77.05244
SISE COMAS,1.88,1088921,DIVINA MISERICORDIA DE LOS OLIVOS,Privada,Privado,LIMA,LOS OLIVOS,JIRON PACHACUTEC 351,-12.00359,-77.06558
SISE INDEPENDENCIA,1.63,1088921,DIVINA MISERICORDIA DE LOS OLIVOS,Privada,Privado,LIMA,LOS OLIVOS,JIRON PACHACUTEC 351,-12.00359,-77.06558
SISE INDEPENDENCIA,3.59,1010032,BARBARA D'ACHILLE SCHOOL,Privada,Privado,LIMA,LOS OLIVOS,CALLE ELEODORO ZEVALLOS 221,-11.96123,-77.07379
SISE COMAS,2.18,0663088,WILLIAM PRESCOTT,Privada,Privado,LIMA,LOS OLIVOS,CESAR VALLEJO 1368,-11.99218,-77.07909
SISE INDEPENDENCIA,2.16,0663088,WILLIAM PRESCOTT,Privada,Privado,LIMA,LOS OLIVOS,CESAR VALLEJO 1368,-11.99218,-77.07909
SISE COMAS,4.36,0884999,CORAZON DE JESUS,Privada,Privado,LIMA,LOS OLIVOS,MZ F LOTE 12-13,-11.9731,-77.0737
SISE INDEPENDENCIA,2.46,0884999,CORAZON DE JESUS,Privada,Privado,LIMA,LOS OLIVOS,MZ F LOTE 12-13,-11.9731,-77.0737
SISE COMAS,3.63,0598763,BH SCHOOL,Privada,Privado,LIMA,LOS OLIVOS,JIRON PARIAHUANCA 940,-11.97959,-77.07473
SISE INDEPENDENCIA,2.05,0598763,BH SCHOOL,Privada,Privado,LIMA,LOS OLIVOS,JIRON PARIAHUANCA 940,-11.97959,-77.07473
SISE COMAS,2.81,0764985,MARTIN ADAN,Privada,Privado,LIMA,LOS OLIVOS,AVENIDA LAS PALMERAS 3976,-11.98796,-77.07194
SISE INDEPENDENCIA,1.39,0764985,MARTIN ADAN,Privada,Privado,LIMA,LOS OLIVOS,AVENIDA LAS PALMERAS 3976,-11.98796,-77.07194
SISE COMAS,2.37,1088962,EL CARMELO,Privada,Privado,LIMA,LOS OLIVOS,JIRON MERCURIO 7502,-11.99918,-77.06315
SISE INDEPENDENCIA,1.07,1088962,EL CARMELO,Privada,Privado,LIMA,LOS OLIVOS,JIRON MERCURIO 7502,-11.99918,-77.06315
SISE COMAS,1.87,0885038,ISAAC NEWTON,Privada,Privado,LIMA,LOS OLIVOS,PASAJE SAGITARIO 298,-11.99562,-77.07578
SISE INDEPENDENCIA,1.88,0885038,ISAAC NEWTON,Privada,Privado,LIMA,LOS OLIVOS,PASAJE SAGITARIO 298,-11.99562,-77.07578
SISE INDEPENDENCIA,3.01,0663161,NUESTRA SE¥ORA DE LAS MERCEDES,Privada,Privado,LIMA,LOS OLIVOS,CALLE JOSE SATO MZ U LOTE 16-17,-11.965,-77.06943
SISE COMAS,1.26,0884874,CAP. FAP JOSE QUI¥ONES,Privada,Privado,LIMA,SAN MARTIN DE PORRES,CALLE SIMON MARIUS MZ L LOTE 34,-12.00145,-77.08564
SISE INDEPENDENCIA,3.12,0884874,CAP. FAP JOSE QUI¥ONES,Privada,Privado,LIMA,SAN MARTIN DE PORRES,CALLE SIMON MARIUS MZ L LOTE 34,-12.00145,-77.08564
SISE COMAS,2.5,1089556,NUESTRA SE¥ORA DE LA CONSOLACION,Privada,Privado,LIMA,SAN MARTIN DE PORRES,AVENIDA PERU 2304,-12.0316,-77.07004
SISE INDEPENDENCIA,4.74,1089556,NUESTRA SE¥ORA DE LA CONSOLACION,Privada,Privado,LIMA,SAN MARTIN DE PORRES,AVENIDA PERU 2304,-12.0316,-77.07004
SISE COMAS,3.03,0663039,LUIS E. GALVAN,Privada,Privado,LIMA,SAN MARTIN DE PORRES,JIRON EL CHACO 1539,-12.03162,-77.06179
SISE INDEPENDENCIA,4.61,0663039,LUIS E. GALVAN,Privada,Privado,LIMA,SAN MARTIN DE PORRES,JIRON EL CHACO 1539,-12.03162,-77.06179
SISE COMAS,3.03,0764993,NUESTRA SE¥ORA DEL CARMEN DE PALAO,Privada,Privado,LIMA,SAN MARTIN DE PORRES,CALLE PIERRE CONSTANTINI CHEVALLI 323 ETAPA IV,-12.01883,-77.05392
SISE INDEPENDENCIA,3.23,0764993,NUESTRA SE¥ORA DEL CARMEN DE PALAO,Privada,Privado,LIMA,SAN MARTIN DE PORRES,CALLE PIERRE CONSTANTINI CHEVALLI 323 ETAPA IV,-12.01883,-77.05392
SISE COMAS,4.06,0884858,NUESTRA SE¥ORA DE LA NATIVIDAD,Privada,Privado,LIMA,SAN MARTIN DE PORRES,JIRON MACARA 118,-12.03373,-77.05095
SISE INDEPENDENCIA,4.92,0884858,NUESTRA SE¥ORA DE LA NATIVIDAD,Privada,Privado,LIMA,SAN MARTIN DE PORRES,JIRON MACARA 118,-12.03373,-77.05095
SISE COMAS,2.76,1009992,WALDEN SCHOOL,Privada,Privado,LIMA,SAN MARTIN DE PORRES,JIRON AURELIO MIROQUESADA 597,-12.030364,-77.064088
SISE INDEPENDENCIA,4.49,1009992,WALDEN SCHOOL,Privada,Privado,LIMA,SAN MARTIN DE PORRES,JIRON AURELIO MIROQUESADA 597,-12.030364,-77.064088
SISE INDEPENDENCIA,4.18,1010008,CRISTO MORADO,Privada,Privado,LIMA,LOS OLIVOS,JIRON MERCURIO 7501,-11.959939,-77.082048
SISE COMAS,0.84,0764969,BADEN POWELL,Privada,Privado,LIMA,LOS OLIVOS,CALLE 37 MZ J1 LOTE 1-2 ETAPA III,-12.00838,-77.07387
SISE INDEPENDENCIA,2.56,0764969,BADEN POWELL,Privada,Privado,LIMA,LOS OLIVOS,CALLE 37 MZ J1 LOTE 1-2 ETAPA III,-12.00838,-77.07387
SISE COMAS,2.28,0885046,PAMER CARLOS IZAGUIRRE,Privada,Privado,LIMA,LOS OLIVOS,AVENIDA CARLOS IZAGUIRRE 1450,-11.99119,-77.08025
SISE INDEPENDENCIA,2.27,0885046,PAMER CARLOS IZAGUIRRE,Privada,Privado,LIMA,LOS OLIVOS,AVENIDA CARLOS IZAGUIRRE 1450,-11.99119,-77.08025
SISE COMAS,4.91,0885095,MANUEL SCORZA II,Privada,Privado,LIMA,LOS OLIVOS,JIRON RIO LURIN 175,-11.96856,-77.07105
SISE INDEPENDENCIA,2.73,0885095,MANUEL SCORZA II,Privada,Privado,LIMA,LOS OLIVOS,JIRON RIO LURIN 175,-11.96856,-77.07105
SISE SAN JUAN DE LURIGANCHO,3.65,0763599,ENRIQUE NAPOLEON ESPINOSA,Privada,Privado,LIMA,RIMAC,AVENIDA RICARDO BENTIN 570,-12.029107,-77.035682
SISE COMAS,4.41,0875468,JOSE ABELARDO QUI¥ONES,Privada,Privado,LIMA,INDEPENDENCIA,CALLE 2 DE AGOSTO 124-183,-11.979242,-77.057532
SISE INDEPENDENCIA,1.24,0875468,JOSE ABELARDO QUI¥ONES,Privada,Privado,LIMA,INDEPENDENCIA,CALLE 2 DE AGOSTO 124-183,-11.979242,-77.057532
SISE COMAS,1.38,0437541,2009 FE Y ALEGRIA 2,P£blica de gesti¢n privada,Privado,LIMA,SAN MARTIN DE PORRES,JIRON PEDRO IRIGOYEN,-12.023,-77.0755
SISE INDEPENDENCIA,4.04,0437541,2009 FE Y ALEGRIA 2,P£blica de gesti¢n privada,Privado,LIMA,SAN MARTIN DE PORRES,JIRON PEDRO IRIGOYEN,-12.023,-77.0755
SISE COMAS,3.18,1009984,LICEO SAN JUAN,Privada,Privado,LIMA,SAN MARTIN DE PORRES,AVENIDA LOS ALISOS CDRA.14 MZ D2 LOTE 6-7,-11.98311,-77.08202
SISE INDEPENDENCIA,2.59,1009984,LICEO SAN JUAN,Privada,Privado,LIMA,SAN MARTIN DE PORRES,AVENIDA LOS ALISOS CDRA.14 MZ D2 LOTE 6-7,-11.98311,-77.08202
SISE INDEPENDENCIA,4.93,1088244,DORA MAYER DE ZULEN,Privada,Privado,LIMA,RIMAC,CALLE RICARDO BENTIN 749,-12.02727,-77.03435
SISE SAN JUAN DE LURIGANCHO,3.45,1088244,DORA MAYER DE ZULEN,Privada,Privado,LIMA,RIMAC,CALLE RICARDO BENTIN 749,-12.02727,-77.03435
SISE COMAS,4.81,1088285,LA PONTIFICIA,Privada,Privado,LIMA,INDEPENDENCIA,JIRON HUATANAY 311,-11.98185,-77.0487
SISE INDEPENDENCIA,1.49,1088285,LA PONTIFICIA,Privada,Privado,LIMA,INDEPENDENCIA,JIRON HUATANAY 311,-11.98185,-77.0487
SISE COMAS,2.73,0732354,CESAR VALLEJO MENDOZA,Privada,Privado,LIMA,SAN MARTIN DE PORRES,JIRON PINAR DEL RIO 2131,-12.03276,-77.06794
SISE INDEPENDENCIA,4.82,0732354,CESAR VALLEJO MENDOZA,Privada,Privado,LIMA,SAN MARTIN DE PORRES,JIRON PINAR DEL RIO 2131,-12.03276,-77.06794
SISE COMAS,1.31,0884841,ALFA Y OMEGA,Privada,Privado,LIMA,SAN MARTIN DE PORRES,MZ ¥ LOTE 50,-12.0006,-77.0847
SISE INDEPENDENCIA,2.99,0884841,ALFA Y OMEGA,Privada,Privado,LIMA,SAN MARTIN DE PORRES,MZ ¥ LOTE 50,-12.0006,-77.0847
SISE COMAS,0.9,0884940,SAN MIGUEL DE LA SALLE,Privada,Privado,LIMA,SAN MARTIN DE PORRES,JIRON ARNALDO MARQUEZ 3732,-12.01826,-77.08568
SISE INDEPENDENCIA,4.23,0884940,SAN MIGUEL DE LA SALLE,Privada,Privado,LIMA,SAN MARTIN DE PORRES,JIRON ARNALDO MARQUEZ 3732,-12.01826,-77.08568
SISE COMAS,2.56,0884916,SAN ANTONIO DE PADUA,Privada,Privado,LIMA,SAN MARTIN DE PORRES,JIRON VERONA 343,-12.01125,-77.05723
SISE INDEPENDENCIA,2.35,0884916,SAN ANTONIO DE PADUA,Privada,Privado,LIMA,SAN MARTIN DE PORRES,JIRON VERONA 343,-12.01125,-77.05723
SISE COMAS,4.31,0884668,ANDRES AVELINO CACERES,Privada,Privado,LIMA,SAN MARTIN DE PORRES,AVENIDA ZARUMILLA 532-536,-12.03489,-77.04907
SISE SANTA BEATRIZ,4.97,0884668,ANDRES AVELINO CACERES,Privada,Privado,LIMA,SAN MARTIN DE PORRES,AVENIDA ZARUMILLA 532-536,-12.03489,-77.04907
SISE COMAS,3.15,0567446,REINO DE LOS CIELOS,Privada,Privado,LIMA,SAN MARTIN DE PORRES,CALLE TIZIANO MU¥OZ 451,-12.024078,-77.054689
SISE INDEPENDENCIA,3.79,0567446,REINO DE LOS CIELOS,Privada,Privado,LIMA,SAN MARTIN DE PORRES,CALLE TIZIANO MU¥OZ 451,-12.024078,-77.054689
SISE COMAS,1.75,1089515,FRANKLIN D. ROOSVELT,Privada,Privado,LIMA,SAN MARTIN DE PORRES,JIRON FLORA TRISTAN 2573,-12.02524,-77.07264
SISE INDEPENDENCIA,4.15,1089515,FRANKLIN D. ROOSVELT,Privada,Privado,LIMA,SAN MARTIN DE PORRES,JIRON FLORA TRISTAN 2573,-12.02524,-77.07264
SISE COMAS,2.26,0885277,JAVIER PEREZ DE CUELLAR,Privada,Privado,LIMA,SAN MARTIN DE PORRES,AVENIDA PERU 3659,-12.03095,-77.08747
SISE COMAS,3.4,0885103,NIELS BOHR,Privada,Privado,LIMA,SAN MARTIN DE PORRES,MZ M LOTE 08,-11.98623,-77.09812
SISE INDEPENDENCIA,4.24,0885103,NIELS BOHR,Privada,Privado,LIMA,SAN MARTIN DE PORRES,MZ M LOTE 08,-11.98623,-77.09812
SISE COMAS,2.37,0885301,LOS ANGELES DE JESUS,Privada,Privado,LIMA,SAN MARTIN DE PORRES,JIRON AYACUCHO 3211,-12.033,-77.0819
SISE SAN JUAN DE LURIGANCHO,3.14,0437772,INSTITUTO SEVILLA,P£blica de gesti¢n directa,Público,LIMA,RIMAC,JIRON MANCO CAPAC 162,-12.03635,-77.02566
SISE SANTA BEATRIZ,4.73,0437772,INSTITUTO SEVILLA,P£blica de gesti¢n directa,Público,LIMA,RIMAC,JIRON MANCO CAPAC 162,-12.03635,-77.02566
SISE SAN JUAN DE LURIGANCHO,3.14,0437467,NUESTRA SE¥ORA DE LA CONSOLACION,Privada,Privado,LIMA,RIMAC,CALLE LA COLONIA 263,-12.026783,-77.031533
SISE COMAS,3.46,0885087,MANUEL PARDO,Privada,Privado,LIMA,LOS OLIVOS,MZ 35 LOTE 1,-11.9834,-77.06765
SISE INDEPENDENCIA,1.18,0885087,MANUEL PARDO,Privada,Privado,LIMA,LOS OLIVOS,MZ 35 LOTE 1,-11.9834,-77.06765
SISE COMAS,2.53,0567412,BERTRAND RUSSELL,Privada,Privado,LIMA,LOS OLIVOS,AVENIDA MANUEL GONZALES PRADA 986,-11.99135,-77.0703
SISE INDEPENDENCIA,1.19,0567412,BERTRAND RUSSELL,Privada,Privado,LIMA,LOS OLIVOS,AVENIDA MANUEL GONZALES PRADA 986,-11.99135,-77.0703
SISE COMAS,2.38,1089044,MAGDA PORTAL,Privada,Privado,LIMA,SAN MARTIN DE PORRES,JIRON HUANCAYO 556,-12.03106,-77.09005
SISE COMAS,0.43,1089598,NUESTRA SE¥ORA DE MONTSERRAT DE GAMARRA,Privada,Privado,LIMA,SAN MARTIN DE PORRES,CALLE GERMAN STIGLICH 2052,-12.008593,-77.083189
SISE INDEPENDENCIA,3.3,1089598,NUESTRA SE¥ORA DE MONTSERRAT DE GAMARRA,Privada,Privado,LIMA,SAN MARTIN DE PORRES,CALLE GERMAN STIGLICH 2052,-12.008593,-77.083189
SISE COMAS,3.63,0884791,HENRY WALLON,Privada,Privado,LIMA,INDEPENDENCIA,JIRON FAUSTINO SANCHEZ CARRION 354,-11.99462,-77.05236
SISE INDEPENDENCIA,0.9,0884791,HENRY WALLON,Privada,Privado,LIMA,INDEPENDENCIA,JIRON FAUSTINO SANCHEZ CARRION 354,-11.99462,-77.05236
SISE COMAS,4.03,1089473,CAYETANO HEREDIA,Privada,Privado,LIMA,LOS OLIVOS,CALLE CHASQUITAMBO 640,-11.97662,-77.07138
SISE INDEPENDENCIA,2.0,1089473,CAYETANO HEREDIA,Privada,Privado,LIMA,LOS OLIVOS,CALLE CHASQUITAMBO 640,-11.97662,-77.07138
SISE COMAS,3.78,1010313,LOS DOMINICOS,Privada,Privado,LIMA,SAN MARTIN DE PORRES,JIRON RAFAEL CACERES 920,-12.03559,-77.05607
SISE COMAS,2.46,1090323,LA INMACULADA,Privada,Privado,LIMA,SAN MARTIN DE PORRES,JIRON AREQUIPA 3117,-12.03385,-77.08077
SISE COMAS,3.29,1186071,SAN AGUSTIN DE INGENIERIA,Privada,Privado,LIMA,SAN MARTIN DE PORRES,JIRON ANTONIO GARLAND 617,-12.02019,-77.05175
SISE INDEPENDENCIA,3.43,1186071,SAN AGUSTIN DE INGENIERIA,Privada,Privado,LIMA,SAN MARTIN DE PORRES,JIRON ANTONIO GARLAND 617,-12.02019,-77.05175
SISE COMAS,2.34,0885285,JOHANES GUTEMBERG,Privada,Privado,LIMA,LOS OLIVOS,AVENIDA CARLOS IZAGUIRRE 995-991,-11.99183,-77.07372
SISE INDEPENDENCIA,1.57,0885285,JOHANES GUTEMBERG,Privada,Privado,LIMA,LOS OLIVOS,AVENIDA CARLOS IZAGUIRRE 995-991,-11.99183,-77.07372
SISE COMAS,2.29,0884742,HENRI WALLON,Privada,Privado,LIMA,SAN MARTIN DE PORRES,JIRON LOBITOS 480,-12.029898,-77.090571
SISE COMAS,2.96,1186360,MARIA MAGDALENA,Privada,Privado,LIMA,SAN MARTIN DE PORRES,JIRON LORETO 3888,-12.03554,-77.09291
SISE COMAS,0.98,1186402,JUAN PABLO AYLLON HERRERA,Privada,Privado,LIMA,SAN MARTIN DE PORRES,AVENIDA BELAUNDE S/N MZ I LOTE 22,-12.007768,-77.088833
SISE INDEPENDENCIA,3.75,1186402,JUAN PABLO AYLLON HERRERA,Privada,Privado,LIMA,SAN MARTIN DE PORRES,AVENIDA BELAUNDE S/N MZ I LOTE 22,-12.007768,-77.088833
SISE COMAS,1.24,1185321,SANTISIMA VIRGEN DE LA PUERTA,Privada,Privado,LIMA,SAN MARTIN DE PORRES,CALLE BERNARDO MONTEAGUDO 105 MZ A LOTE 16,-12.00728,-77.09126
SISE INDEPENDENCIA,3.95,1185321,SANTISIMA VIRGEN DE LA PUERTA,Privada,Privado,LIMA,SAN MARTIN DE PORRES,CALLE BERNARDO MONTEAGUDO 105 MZ A LOTE 16,-12.00728,-77.09126
SISE INDEPENDENCIA,2.35,1090448,MARIANO MELGAR,Privada,Privado,LIMA,INDEPENDENCIA,JIRON QUIPACOCHA 284,-11.97291,-77.04712
SISE COMAS,2.12,0488742,SANTA ROSA DE LIMA,Privada,Privado,LIMA,LOS OLIVOS,JIRON MANCO CAPAC 7383,-12.00111,-77.06451
SISE INDEPENDENCIA,1.33,0488742,SANTA ROSA DE LIMA,Privada,Privado,LIMA,LOS OLIVOS,JIRON MANCO CAPAC 7383,-12.00111,-77.06451
SISE COMAS,1.8,1088889,ANGELO PATRI DEL DIVINO NI¥O JESUS,Privada,Privado,LIMA,LOS OLIVOS,JIRON TOMAS CATARI 563,-12.00842,-77.0646
SISE INDEPENDENCIA,2.1,1088889,ANGELO PATRI DEL DIVINO NI¥O JESUS,Privada,Privado,LIMA,LOS OLIVOS,JIRON TOMAS CATARI 563,-12.00842,-77.0646
SISE SAN JUAN DE LURIGANCHO,3.6,0437442,NUESTRA SE¥ORA DE COPACABANA,Privada,Privado,LIMA,RIMAC,JIRON CAJAMARCA 247,-12.04008,-77.0278
SISE SANTA BEATRIZ,4.27,0437442,NUESTRA SE¥ORA DE COPACABANA,Privada,Privado,LIMA,RIMAC,JIRON CAJAMARCA 247,-12.04008,-77.0278
SISE COMAS,2.46,0885467,CARLOS ALBERTO IZAGUIRRE,Privada,Privado,LIMA,SAN MARTIN DE PORRES,AVENIDA CARLOS IZAGUIRRE CUADRA 18 MZ A LOTE 6,-11.99069,-77.08788
SISE INDEPENDENCIA,3.1,0885467,CARLOS ALBERTO IZAGUIRRE,Privada,Privado,LIMA,SAN MARTIN DE PORRES,AVENIDA CARLOS IZAGUIRRE CUADRA 18 MZ A LOTE 6,-11.99069,-77.08788
SISE COMAS,2.53,0884957,SAN PEDRO,Privada,Privado,LIMA,SAN MARTIN DE PORRES,CALLE VERONA 371,-12.01153,-77.05755
SISE INDEPENDENCIA,2.37,0884957,SAN PEDRO,Privada,Privado,LIMA,SAN MARTIN DE PORRES,CALLE VERONA 371,-12.01153,-77.05755
SISE COMAS,2.43,0884650,ALFREDO REBAZA ACOSTA,Privada,Privado,LIMA,SAN MARTIN DE PORRES,JIRON PUERTO BARRIOS 520,-12.03219,-77.07299
SISE INDEPENDENCIA,4.89,0884650,ALFREDO REBAZA ACOSTA,Privada,Privado,LIMA,SAN MARTIN DE PORRES,JIRON PUERTO BARRIOS 520,-12.03219,-77.07299
SISE COMAS,3.72,0885061,KURT LEWIN,Privada,Privado,LIMA,LOS OLIVOS,AVENIDA NARANJAL 1075,-11.97849,-77.07638
SISE INDEPENDENCIA,2.27,0885061,KURT LEWIN,Privada,Privado,LIMA,LOS OLIVOS,AVENIDA NARANJAL 1075,-11.97849,-77.07638
SISE INDEPENDENCIA,4.34,0885368,CRUZ SACO DE VILLASOL,Privada,Privado,LIMA,LOS OLIVOS,AVENIDA LOS PROCERES MZ N LOTE 2-3,-11.95464,-77.07562
SISE COMAS,2.06,0651752,RAUL PORRAS BARRENECHEA,Privada,Privado,LIMA,SAN MARTIN DE PORRES,AVENIDA LIMA 3812,-12.0283,-77.0891
SISE COMAS,2.84,0885335,SANTO TOMAS DE AQUINO DE LOS JARDINES,Privada,Privado,LIMA,SAN MARTIN DE PORRES,JIRON LOS TAMARINDOS 295,-12.01357,-77.05473
SISE INDEPENDENCIA,2.64,0885335,SANTO TOMAS DE AQUINO DE LOS JARDINES,Privada,Privado,LIMA,SAN MARTIN DE PORRES,JIRON LOS TAMARINDOS 295,-12.01357,-77.05473
SISE COMAS,1.74,0884882,SAN JOSE MARIA,Privada,Privado,LIMA,SAN MARTIN DE PORRES,JIRON LA LIBERTAD 3586,-12.02694,-77.08449
SISE INDEPENDENCIA,4.91,0884882,SAN JOSE MARIA,Privada,Privado,LIMA,SAN MARTIN DE PORRES,JIRON LA LIBERTAD 3586,-12.02694,-77.08449
SISE COMAS,3.57,0884833,MIGUEL ANGEL,Privada,Privado,LIMA,SAN MARTIN DE PORRES,JIRON LOS MELOCOTONES 279,-11.98641,-77.06052
SISE INDEPENDENCIA,0.45,0884833,MIGUEL ANGEL,Privada,Privado,LIMA,SAN MARTIN DE PORRES,JIRON LOS MELOCOTONES 279,-11.98641,-77.06052
SISE COMAS,4.49,0884890,EDUCA CON VALORES COLLEGE,Privada,Privado,LIMA,LOS OLIVOS,JIRON RIO CHICAMA 5366,-11.97321,-77.06821
SISE INDEPENDENCIA,2.13,0884890,EDUCA CON VALORES COLLEGE,Privada,Privado,LIMA,LOS OLIVOS,JIRON RIO CHICAMA 5366,-11.97321,-77.06821
SISE COMAS,3.6,0582031,SANTA ANA DE INGENIERIA,Privada,Privado,LIMA,SAN MARTIN DE PORRES,JIRON FEDERICO BASADRE 275,-12.02474,-77.05052
SISE INDEPENDENCIA,3.95,0582031,SANTA ANA DE INGENIERIA,Privada,Privado,LIMA,SAN MARTIN DE PORRES,JIRON FEDERICO BASADRE 275,-12.02474,-77.05052
SISE COMAS,4.96,0437475,SAN LUIS DE BORJA SCHOOL,Privada,Privado,LIMA,RIMAC,AVENIDA LOS PROCERES 698,-12.03322,-77.04078
SISE SAN JUAN DE LURIGANCHO,4.34,0437475,SAN LUIS DE BORJA SCHOOL,Privada,Privado,LIMA,RIMAC,AVENIDA LOS PROCERES 698,-12.03322,-77.04078
SISE SANTA BEATRIZ,4.97,0437475,SAN LUIS DE BORJA SCHOOL,Privada,Privado,LIMA,RIMAC,AVENIDA LOS PROCERES 698,-12.03322,-77.04078
SISE COMAS,4.93,1089002,NEIL ARMSTRONG,Privada,Privado,LIMA,LOS OLIVOS,CALLE 31 S/N MZ D LOTE 24,-11.967937,-77.073674
SISE INDEPENDENCIA,2.93,1089002,NEIL ARMSTRONG,Privada,Privado,LIMA,LOS OLIVOS,CALLE 31 S/N MZ D LOTE 24,-11.967937,-77.073674
SISE COMAS,2.2,0885392,SAN FRANCISCO DE CAYRAN,Privada,Privado,LIMA,SAN MARTIN DE PORRES,MZ E1 LOTE 41-42,-11.992974,-77.087376
SISE INDEPENDENCIA,3.06,0885392,SAN FRANCISCO DE CAYRAN,Privada,Privado,LIMA,SAN MARTIN DE PORRES,MZ E1 LOTE 41-42,-11.992974,-77.087376
SISE COMAS,3.06,0885178,SAN JUAN BAUTISTA DE LA SALLE,Privada,Privado,LIMA,LOS OLIVOS,JIRON LARCO HERRERA 4098,-11.98614,-77.0704
SISE INDEPENDENCIA,1.28,0885178,SAN JUAN BAUTISTA DE LA SALLE,Privada,Privado,LIMA,LOS OLIVOS,JIRON LARCO HERRERA 4098,-11.98614,-77.0704
SISE COMAS,2.27,1088848,MIGUEL ARCANGEL,Privada,Privado,LIMA,SAN MARTIN DE PORRES,JIRON MANUEL GALVEZ 196,-12.02535,-77.06521
SISE INDEPENDENCIA,3.95,1088848,MIGUEL ARCANGEL,Privada,Privado,LIMA,SAN MARTIN DE PORRES,JIRON MANUEL GALVEZ 196,-12.02535,-77.06521
SISE COMAS,4.28,1009331,CORAZON DE JESUS PIONERO DE LA CIENCIA,Privada,Privado,LIMA,LOS OLIVOS,JIRON YARACMARCA 411,-11.9734,-77.0843
SISE INDEPENDENCIA,3.3,1009331,CORAZON DE JESUS PIONERO DE LA CIENCIA,Privada,Privado,LIMA,LOS OLIVOS,JIRON YARACMARCA 411,-11.9734,-77.0843
SISE COMAS,4.26,0875476,SAN FRANCISCO SOLANO,Privada,Privado,LIMA,INDEPENDENCIA,AVENIDA CESAR VALLEJO 1264,-11.9903,-77.04825
SISE INDEPENDENCIA,1.21,0875476,SAN FRANCISCO SOLANO,Privada,Privado,LIMA,INDEPENDENCIA,AVENIDA CESAR VALLEJO 1264,-11.9903,-77.04825
SISE INDEPENDENCIA,4.98,1187244,SE¥OR DE LA ASCENCION,Privada,Privado,LIMA,SAN MARTIN DE PORRES,CALLE SANTA PATRICIA 6543,-11.9467,-77.0699
SISE COMAS,2.64,1088806,ARQUITECTOS SCHOOL,Privada,Privado,LIMA,SAN MARTIN DE PORRES,AVENIDA ABANCAY 975,-12.03543,-77.08092
SISE SAN MIGUEL,4.93,1088806,ARQUITECTOS SCHOOL,Privada,Privado,LIMA,SAN MARTIN DE PORRES,AVENIDA ABANCAY 975,-12.03543,-77.08092
SISE COMAS,2.59,1186832,ROBERT LETOURNEAU,Privada,Privado,LIMA,LOS OLIVOS,AVENIDA ALFREDO MENDIOLA 3435,-11.99529,-77.06381
SISE INDEPENDENCIA,0.74,1186832,ROBERT LETOURNEAU,Privada,Privado,LIMA,LOS OLIVOS,AVENIDA ALFREDO MENDIOLA 3435,-11.99529,-77.06381
SISE COMAS,3.51,0765008,SEBASTIAN SALAZAR BONDY,Privada,Privado,LIMA,SAN MARTIN DE PORRES,JIRON LAS TORONJAS 252,-11.98756,-77.06004
SISE INDEPENDENCIA,0.31,0765008,SEBASTIAN SALAZAR BONDY,Privada,Privado,LIMA,SAN MARTIN DE PORRES,JIRON LAS TORONJAS 252,-11.98756,-77.06004
SISE COMAS,4.65,0566091,SOL DE ALEGRIA,Privada,Privado,LIMA,INDEPENDENCIA,CALLE HUATANAY 298,-11.98228,-77.05041
SISE INDEPENDENCIA,1.32,0566091,SOL DE ALEGRIA,Privada,Privado,LIMA,INDEPENDENCIA,CALLE HUATANAY 298,-11.98228,-77.05041
SISE COMAS,0.64,0884700,EL NUEVO MARIANNE FROSTIG,Privada,Privado,LIMA,SAN MARTIN DE PORRES,JIRON JULIO DELGADO 425,-12.01393,-77.07531
SISE INDEPENDENCIA,3.15,0884700,EL NUEVO MARIANNE FROSTIG,Privada,Privado,LIMA,SAN MARTIN DE PORRES,JIRON JULIO DELGADO 425,-12.01393,-77.07531
SISE SAN JUAN DE LURIGANCHO,3.07,0437459,NUESTRA SE¥ORA DEL PATROCINIO,Privada,Privado,LIMA,RIMAC,CALLE LOS DESCALZOS 124,-12.0364,-77.024733
SISE SANTA BEATRIZ,4.75,0437459,NUESTRA SE¥ORA DEL PATROCINIO,Privada,Privado,LIMA,RIMAC,CALLE LOS DESCALZOS 124,-12.0364,-77.024733
SISE INDEPENDENCIA,2.87,0878926,SANTA ISABEL,Privada,Privado,LIMA,INDEPENDENCIA,CALLE 34 112 MZ N11 LOTE 2 ZONA III,-11.97089,-77.04198
SISE COMAS,4.9,0725747,EL NI¥O JESUS DEL RIMAC,Privada,Privado,LIMA,RIMAC,AVENIDA FRANCISCO PIZARRO 968-970,-12.0318,-77.0407
SISE SAN JUAN DE LURIGANCHO,4.27,0725747,EL NI¥O JESUS DEL RIMAC,Privada,Privado,LIMA,RIMAC,AVENIDA FRANCISCO PIZARRO 968-970,-12.0318,-77.0407
SISE COMAS,3.6,0885137,NUESTRA SE¥ORA DE FATIMA,Privada,Privado,LIMA,LOS OLIVOS,JIRON LAS PAMPAS 1401,-11.97935,-77.08188
SISE INDEPENDENCIA,2.73,0885137,NUESTRA SE¥ORA DE FATIMA,Privada,Privado,LIMA,LOS OLIVOS,JIRON LAS PAMPAS 1401,-11.97935,-77.08188
SISE INDEPENDENCIA,4.61,0875443,CESAR VALLEJO,Privada,Privado,LIMA,RIMAC,MZ D LOTE 26,-12.01822,-77.02813
SISE SAN JUAN DE LURIGANCHO,2.59,0875443,CESAR VALLEJO,Privada,Privado,LIMA,RIMAC,MZ D LOTE 26,-12.01822,-77.02813
SISE COMAS,3.99,1187277,THALES DE MILETO LAS BEGONIAS,Privada,Privado,LIMA,SAN MARTIN DE PORRES,"AVENIDA BERTELLO S/N MZ G LOTE 18-23, 31-33",-11.995609,-77.113559
SISE COMAS,1.87,0884718,ESTRELLA DE BELEN,Privada,Privado,LIMA,SAN MARTIN DE PORRES,JIRON ANCASH 3315,-12.02846,-77.0818
SISE INDEPENDENCIA,4.9,0884718,ESTRELLA DE BELEN,Privada,Privado,LIMA,SAN MARTIN DE PORRES,JIRON ANCASH 3315,-12.02846,-77.0818
SISE COMAS,2.17,1185362,SANTA MARIA DE LA PROVIDENCIA,Privada,Privado,LIMA,LOS OLIVOS,MZ F LOTE 1,-11.99241,-77.07804
SISE INDEPENDENCIA,2.04,1185362,SANTA MARIA DE LA PROVIDENCIA,Privada,Privado,LIMA,LOS OLIVOS,MZ F LOTE 1,-11.99241,-77.07804
SISE INDEPENDENCIA,4.43,0488791,SANTA CATALINA,Privada,Privado,LIMA,RIMAC,AVENIDA ABELARDO GAMARRA 340,-12.02037,-77.03273
SISE SAN JUAN DE LURIGANCHO,3.11,0488791,SANTA CATALINA,Privada,Privado,LIMA,RIMAC,AVENIDA ABELARDO GAMARRA 340,-12.02037,-77.03273
SISE COMAS,3.32,0649657,CRISTO REDENTOR,Privada,Privado,LIMA,LOS OLIVOS,PASAJE LAS HIGUERAS 4110,-11.98577,-77.06555
SISE INDEPENDENCIA,0.84,0649657,CRISTO REDENTOR,Privada,Privado,LIMA,LOS OLIVOS,PASAJE LAS HIGUERAS 4110,-11.98577,-77.06555
SISE COMAS,3.82,0651760,26 DE JUNIO,Privada,Privado,LIMA,SAN MARTIN DE PORRES,JIRON ISIDRO ALCIBAR 115,-12.025725,-77.0487
SISE INDEPENDENCIA,4.11,0651760,26 DE JUNIO,Privada,Privado,LIMA,SAN MARTIN DE PORRES,JIRON ISIDRO ALCIBAR 115,-12.025725,-77.0487
SISE SAN JUAN DE LURIGANCHO,4.92,0651760,26 DE JUNIO,Privada,Privado,LIMA,SAN MARTIN DE PORRES,JIRON ISIDRO ALCIBAR 115,-12.025725,-77.0487
SISE SAN JUAN DE LURIGANCHO,3.73,0663526,NUESTRA SE¥ORA DE CHAPI,Privada,Privado,LIMA,RIMAC,JIRON PAITA 429,-12.03929,-77.03023
SISE SANTA BEATRIZ,4.31,0663526,NUESTRA SE¥ORA DE CHAPI,Privada,Privado,LIMA,RIMAC,JIRON PAITA 429,-12.03929,-77.03023
SISE SAN JUAN DE LURIGANCHO,4.35,0743161,CIRCULO VALLEJO CONFRATERNIDAD,Privada,Privado,LIMA,RIMAC,JIRON MANCO INCA 424-430,-12.03583,-77.03951
SISE SANTA BEATRIZ,4.67,0743161,CIRCULO VALLEJO CONFRATERNIDAD,Privada,Privado,LIMA,RIMAC,JIRON MANCO INCA 424-430,-12.03583,-77.03951
SISE COMAS,0.98,0885319,MIS TALENTOS DE SAN MARTIN,Privada,Privado,LIMA,SAN MARTIN DE PORRES,CALLE GUILLERMO ZU¥IGA 965,-12.01787,-77.07437
SISE INDEPENDENCIA,3.48,0885319,MIS TALENTOS DE SAN MARTIN,Privada,Privado,LIMA,SAN MARTIN DE PORRES,CALLE GUILLERMO ZU¥IGA 965,-12.01787,-77.07437
SISE COMAS,4.93,1089671,ALBERT EINSTEIN DE LOS OLIVOS,Privada,Privado,LIMA,LOS OLIVOS,MZ E LOTE 41,-11.96739,-77.07972
SISE INDEPENDENCIA,3.37,1089671,ALBERT EINSTEIN DE LOS OLIVOS,Privada,Privado,LIMA,LOS OLIVOS,MZ E LOTE 41,-11.96739,-77.07972
SISE INDEPENDENCIA,1.95,0743187,HUSARES DE JUNIN,Privada,Privado,LIMA,INDEPENDENCIA,CALLE 14 124,-11.97651,-77.04822
SISE COMAS,4.72,0885210,BRITANICO COLLEGE,Privada,Privado,LIMA,LOS OLIVOS,AVENIDA HUANDOY MZ 13 LOTE 10,-11.969226,-77.07966
SISE INDEPENDENCIA,3.22,0885210,BRITANICO COLLEGE,Privada,Privado,LIMA,LOS OLIVOS,AVENIDA HUANDOY MZ 13 LOTE 10,-11.969226,-77.07966
SISE SAN JUAN DE LURIGANCHO,3.04,0885152,BETA 3,Privada,Privado,LIMA,RIMAC,AVENIDA SAMUEL ALCAZAR 282,-12.03095,-77.02857
SISE COMAS,2.32,0885475,PARADISE INTERNATIONAL COLLEGE,Privada,Privado,LIMA,SAN MARTIN DE PORRES,MZ E LOTE 15,-11.9973,-77.09625
SISE INDEPENDENCIA,4.09,0885475,PARADISE INTERNATIONAL COLLEGE,Privada,Privado,LIMA,SAN MARTIN DE PORRES,MZ E LOTE 15,-11.9973,-77.09625
SISE COMAS,1.94,0884809,JUAN PABLO PEREGRINO,Privada,Privado,LIMA,SAN MARTIN DE PORRES,"AVENIDA LOS PROCERES MZ B LOTE 5,6,7,18",-11.9985,-77.09245
SISE INDEPENDENCIA,3.71,0884809,JUAN PABLO PEREGRINO,Privada,Privado,LIMA,SAN MARTIN DE PORRES,"AVENIDA LOS PROCERES MZ B LOTE 5,6,7,18",-11.9985,-77.09245
SISE INDEPENDENCIA,4.69,1186592,INMACULADA COLLEGE S.A.C.,Privada,Privado,LIMA,SAN MARTIN DE PORRES,JIRON SANTA LEONOR 6446,-11.94878,-77.06695
SISE COMAS,0.35,1242130,ELVIRA GARCIA Y GARCIA,Privada,Privado,LIMA,SAN MARTIN DE PORRES,CALLE PEDRO GAREZON 2083,-12.009813,-77.083361
SISE INDEPENDENCIA,3.4,1242130,ELVIRA GARCIA Y GARCIA,Privada,Privado,LIMA,SAN MARTIN DE PORRES,CALLE PEDRO GAREZON 2083,-12.009813,-77.083361
SISE COMAS,3.53,1241256,LICEO SAN AGUSTIN,Privada,Privado,LIMA,SAN MARTIN DE PORRES,"MZ B LOTE 1,2,3,4,5,",-11.983133,-77.094933
SISE INDEPENDENCIA,3.95,1241256,LICEO SAN AGUSTIN,Privada,Privado,LIMA,SAN MARTIN DE PORRES,"MZ B LOTE 1,2,3,4,5,",-11.983133,-77.094933
SISE COMAS,2.31,1240894,PABLO PICASSO,Privada,Privado,LIMA,SAN MARTIN DE PORRES,JIRON SANTA CAROLINA 473,-12.02293,-77.06286
SISE INDEPENDENCIA,3.65,1240894,PABLO PICASSO,Privada,Privado,LIMA,SAN MARTIN DE PORRES,JIRON SANTA CAROLINA 473,-12.02293,-77.06286
SISE COMAS,3.15,1240696,SAN IGNACIO DE LOYOLA,Privada,Privado,LIMA,SAN MARTIN DE PORRES,MZ L LOTE 1-5,-11.99206,-77.10166
SISE INDEPENDENCIA,4.6,1240696,SAN IGNACIO DE LOYOLA,Privada,Privado,LIMA,SAN MARTIN DE PORRES,MZ L LOTE 1-5,-11.99206,-77.10166
SISE COMAS,1.78,1241454,SAN JOSE DE CLUNY,Privada,Privado,LIMA,SAN MARTIN DE PORRES,MZ D LOTE 4 SECTOR APROVISAR,-12.00111,-77.09302
SISE INDEPENDENCIA,3.85,1241454,SAN JOSE DE CLUNY,Privada,Privado,LIMA,SAN MARTIN DE PORRES,MZ D LOTE 4 SECTOR APROVISAR,-12.00111,-77.09302
SISE INDEPENDENCIA,4.29,1224344,WALT WHITMAN,Privada,Privado,LIMA,SAN MARTIN DE PORRES,MZ F LOTE 21-23,-11.96609,-77.09005
SISE SAN JUAN DE LURIGANCHO,3.43,1240811,SANTA RITA DE CASIA,Privada,Privado,LIMA,RIMAC,JIRON CHICLAYO 565,-12.03833,-77.02741
SISE SANTA BEATRIZ,4.47,1240811,SANTA RITA DE CASIA,Privada,Privado,LIMA,RIMAC,JIRON CHICLAYO 565,-12.03833,-77.02741
SISE COMAS,2.93,1223940,SAN SEBASTIAN SCHOOL,Privada,Privado,LIMA,INDEPENDENCIA,CALLE LOS CLAVELES 101,-11.99958,-77.05682
SISE INDEPENDENCIA,1.07,1223940,SAN SEBASTIAN SCHOOL,Privada,Privado,LIMA,INDEPENDENCIA,CALLE LOS CLAVELES 101,-11.99958,-77.05682
SISE COMAS,4.91,0743179,2034 REPUBLICA DE IRLANDA,P£blica de gesti¢n directa,Público,LIMA,INDEPENDENCIA,JIRON EDUCACION,-11.99055,-77.04115
SISE INDEPENDENCIA,1.98,0743179,2034 REPUBLICA DE IRLANDA,P£blica de gesti¢n directa,Público,LIMA,INDEPENDENCIA,JIRON EDUCACION,-11.99055,-77.04115
SISE SAN JUAN DE LURIGANCHO,4.99,0743179,2034 REPUBLICA DE IRLANDA,P£blica de gesti¢n directa,Público,LIMA,INDEPENDENCIA,JIRON EDUCACION,-11.99055,-77.04115
SISE COMAS,3.32,0581777,3051,P£blica de gesti¢n directa,Público,LIMA,INDEPENDENCIA,AVENIDA 21 DE JUNIO,-12.00904,-77.05035
SISE INDEPENDENCIA,2.31,0581777,3051,P£blica de gesti¢n directa,Público,LIMA,INDEPENDENCIA,AVENIDA 21 DE JUNIO,-12.00904,-77.05035
SISE COMAS,2.92,0915256,2031 VIRGEN DE FATIMA,P£blica de gesti¢n directa,Público,LIMA,SAN MARTIN DE PORRES,VIRGEN DE FATIMA,-11.98794,-77.09218
SISE INDEPENDENCIA,3.58,0915256,2031 VIRGEN DE FATIMA,P£blica de gesti¢n directa,Público,LIMA,SAN MARTIN DE PORRES,VIRGEN DE FATIMA,-11.98794,-77.09218
SISE COMAS,1.18,0732321,EL PACIFICO,P£blica de gesti¢n directa,Público,LIMA,SAN MARTIN DE PORRES,CALLE TOBIAS MEYER,-12.0021,-77.0855
SISE INDEPENDENCIA,3.13,0732321,EL PACIFICO,P£blica de gesti¢n directa,Público,LIMA,SAN MARTIN DE PORRES,CALLE TOBIAS MEYER,-12.0021,-77.0855
SISE COMAS,4.4,0566489,3022 JOSE SABOGAL,P£blica de gesti¢n directa,Público,LIMA,SAN MARTIN DE PORRES,AVENIDA JUAN XXIII 379,-12.03185,-77.04596
SISE INDEPENDENCIA,4.85,0566489,3022 JOSE SABOGAL,P£blica de gesti¢n directa,Público,LIMA,SAN MARTIN DE PORRES,AVENIDA JUAN XXIII 379,-12.03185,-77.04596
SISE SAN JUAN DE LURIGANCHO,4.81,0566489,3022 JOSE SABOGAL,P£blica de gesti¢n directa,Público,LIMA,SAN MARTIN DE PORRES,AVENIDA JUAN XXIII 379,-12.03185,-77.04596
SISE COMAS,1.7,0581900,3041 ANDRES BELLO,P£blica de gesti¢n directa,Público,LIMA,SAN MARTIN DE PORRES,AVENIDA MARIANO IGNACIO PRADO 3199,-12.02695,-77.07982
SISE INDEPENDENCIA,4.65,0581900,3041 ANDRES BELLO,P£blica de gesti¢n directa,Público,LIMA,SAN MARTIN DE PORRES,AVENIDA MARIANO IGNACIO PRADO 3199,-12.02695,-77.07982
SISE COMAS,1.26,0598581,2003 LIBERTADOR JOSE DE SAN MARTIN,P£blica de gesti¢n directa,Público,LIMA,SAN MARTIN DE PORRES,MZ B LOTE 14,-12.0063,-77.091
SISE INDEPENDENCIA,3.87,0598581,2003 LIBERTADOR JOSE DE SAN MARTIN,P£blica de gesti¢n directa,Público,LIMA,SAN MARTIN DE PORRES,MZ B LOTE 14,-12.0063,-77.091
SISE COMAS,2.67,0884544,3032 VILLA ANGELICA,P£blica de gesti¢n directa,Público,LIMA,SAN MARTIN DE PORRES,JIRON BELLO HORIZONTE 2323,-12.03333,-77.07017
SISE INDEPENDENCIA,4.93,0884544,3032 VILLA ANGELICA,P£blica de gesti¢n directa,Público,LIMA,SAN MARTIN DE PORRES,JIRON BELLO HORIZONTE 2323,-12.03333,-77.07017
SISE COMAS,4.41,0437368,SAN MARTIN DE PORRES,P£blica de gesti¢n directa,Público,LIMA,SAN MARTIN DE PORRES,JIRON ANTON SANCHEZ 108,-12.02944,-77.04448
SISE INDEPENDENCIA,4.65,0437368,SAN MARTIN DE PORRES,P£blica de gesti¢n directa,Público,LIMA,SAN MARTIN DE PORRES,JIRON ANTON SANCHEZ 108,-12.02944,-77.04448
SISE SAN JUAN DE LURIGANCHO,4.57,0437368,SAN MARTIN DE PORRES,P£blica de gesti¢n directa,Público,LIMA,SAN MARTIN DE PORRES,JIRON ANTON SANCHEZ 108,-12.02944,-77.04448
SISE COMAS,3.58,0437319,INDEPENDENCIA,P£blica de gesti¢n directa,Público,LIMA,INDEPENDENCIA,AVENIDA LOS PINOS 401,-11.9975,-77.0512
SISE INDEPENDENCIA,1.2,0437319,INDEPENDENCIA,P£blica de gesti¢n directa,Público,LIMA,INDEPENDENCIA,AVENIDA LOS PINOS 401,-11.9975,-77.0512
SISE COMAS,2.73,0437715,2023 AUGUSTO SALAZAR BONDY,P£blica de gesti¢n directa,Público,LIMA,SAN MARTIN DE PORRES,AVENIDA PERU 1997,-12.032219,-77.066964
SISE INDEPENDENCIA,4.74,0437715,2023 AUGUSTO SALAZAR BONDY,P£blica de gesti¢n directa,Público,LIMA,SAN MARTIN DE PORRES,AVENIDA PERU 1997,-12.032219,-77.066964
SISE INDEPENDENCIA,4.29,0495150,2079 ANTONIO RAIMONDI,P£blica de gesti¢n directa,Público,LIMA,SAN MARTIN DE PORRES,JIRON SAN BERNARDO S/N,-11.95251,-77.06737
SISE COMAS,3.71,0884536,3027 CORONEL JOSE BALTA,P£blica de gesti¢n directa,Público,LIMA,SAN MARTIN DE PORRES,JIRON MACCHUPICCHU CUADRA 8 S/N,-12.03106,-77.05296
SISE INDEPENDENCIA,4.59,0884536,3027 CORONEL JOSE BALTA,P£blica de gesti¢n directa,Público,LIMA,SAN MARTIN DE PORRES,JIRON MACCHUPICCHU CUADRA 8 S/N,-12.03106,-77.05296
SISE INDEPENDENCIA,2.29,0565267,3056 GRAN BRETA¥A,P£blica de gesti¢n directa,Público,LIMA,INDEPENDENCIA,AVENIDA CORICANCHA 465,-11.98067,-77.04073
SISE COMAS,3.84,0725739,2061 SAN MARTIN DE PORRES,P£blica de gesti¢n directa,Público,LIMA,INDEPENDENCIA,JIRON LOS INCAS 485,-11.991217,-77.052363
SISE INDEPENDENCIA,0.77,0725739,2061 SAN MARTIN DE PORRES,P£blica de gesti¢n directa,Público,LIMA,INDEPENDENCIA,JIRON LOS INCAS 485,-11.991217,-77.052363
SISE INDEPENDENCIA,2.57,0565176,2057 JOSE GABRIEL CONDORCANQUI,P£blica de gesti¢n directa,Público,LIMA,INDEPENDENCIA,JIRON CAJABAMBA,-11.9715,-77.0456
SISE COMAS,4.34,0535823,REPUBLICA DE COLOMBIA,P£blica de gesti¢n directa,Público,LIMA,INDEPENDENCIA,AVENIDA INDOAMERICA S/N,-11.98286,-77.05382
SISE INDEPENDENCIA,1.02,0535823,REPUBLICA DE COLOMBIA,P£blica de gesti¢n directa,Público,LIMA,INDEPENDENCIA,AVENIDA INDOAMERICA S/N,-11.98286,-77.05382
SISE COMAS,4.57,0437327,LIBERTADOR SAN MARTIN,P£blica de gesti¢n directa,Público,LIMA,INDEPENDENCIA,AVENIDA INDOAMERICA 752,-11.97973,-77.05431
SISE INDEPENDENCIA,1.29,0437327,LIBERTADOR SAN MARTIN,P£blica de gesti¢n directa,Público,LIMA,INDEPENDENCIA,AVENIDA INDOAMERICA 752,-11.97973,-77.05431
SISE COMAS,4.15,0565234,3049 IMPERIO DEL TAHUANTINSUYO,P£blica de gesti¢n directa,Público,LIMA,INDEPENDENCIA,AVENIDA HURIN CUZCO S/N,-11.983805,-77.055388
SISE INDEPENDENCIA,0.84,0565234,3049 IMPERIO DEL TAHUANTINSUYO,P£blica de gesti¢n directa,Público,LIMA,INDEPENDENCIA,AVENIDA HURIN CUZCO S/N,-11.983805,-77.055388
SISE COMAS,3.34,0780759,3052 HORACIO ZEBALLOS GAMEZ,P£blica de gesti¢n directa,Público,LIMA,INDEPENDENCIA,JIRON LOS EUCALIPTOS 203,-12.0048,-77.0509
SISE INDEPENDENCIA,1.86,0780759,3052 HORACIO ZEBALLOS GAMEZ,P£blica de gesti¢n directa,Público,LIMA,INDEPENDENCIA,JIRON LOS EUCALIPTOS 203,-12.0048,-77.0509
SISE COMAS,3.09,0581991,2089 MICAELA BASTIDAS,P£blica de gesti¢n directa,Público,LIMA,LOS OLIVOS,JIRON LAS ACUARINAS 2DA. CUADRA,-11.987547,-77.0667
SISE INDEPENDENCIA,0.85,0581991,2089 MICAELA BASTIDAS,P£blica de gesti¢n directa,Público,LIMA,LOS OLIVOS,JIRON LAS ACUARINAS 2DA. CUADRA,-11.987547,-77.0667
SISE INDEPENDENCIA,4.1,0566463,2078 NUESTRA SE¥ORA DE LOURDES,P£blica de gesti¢n directa,Público,LIMA,LOS OLIVOS,CALLE SAN HERNAN,-11.9553,-77.0712
SISE SAN JUAN DE LURIGANCHO,3.15,0437723,LUCIE RYNNING DE ANTUNEZ DE MAYOLO,P£blica de gesti¢n directa,Público,LIMA,RIMAC,JIRON ATAHUALPA 177,-12.0356,-77.0264
SISE SANTA BEATRIZ,4.79,0437723,LUCIE RYNNING DE ANTUNEZ DE MAYOLO,P£blica de gesti¢n directa,Público,LIMA,RIMAC,JIRON ATAHUALPA 177,-12.0356,-77.0264
SISE INDEPENDENCIA,4.53,1010131,2063 CORONEL JOSE FELIX BOGADO,P£blica de gesti¢n directa,Público,LIMA,RIMAC,MZ 22,-12.01485,-77.02612
SISE SAN JUAN DE LURIGANCHO,2.38,1010131,2063 CORONEL JOSE FELIX BOGADO,P£blica de gesti¢n directa,Público,LIMA,RIMAC,MZ 22,-12.01485,-77.02612
SISE INDEPENDENCIA,4.17,0581728,2002 MARISCAL RAMON CASTILLA,P£blica de gesti¢n directa,Público,LIMA,RIMAC,JIRON CORONEL ELESPURU,-12.01641,-77.03184
SISE SAN JUAN DE LURIGANCHO,2.99,0581728,2002 MARISCAL RAMON CASTILLA,P£blica de gesti¢n directa,Público,LIMA,RIMAC,JIRON CORONEL ELESPURU,-12.01641,-77.03184
SISE SAN JUAN DE LURIGANCHO,3.25,0581710,ESTHER CACERES SALGADO,P£blica de gesti¢n directa,Público,LIMA,RIMAC,PASAJE CECILIA DEL RISCO S/N,-12.03029,-77.03107
SISE COMAS,3.71,0663112,3084 ENRIQUE GUZMAN Y VALLE,P£blica de gesti¢n directa,Público,LIMA,LOS OLIVOS,AVENIDA NARANJAL CUADRA 9,-11.97885,-77.07465
SISE INDEPENDENCIA,2.09,0663112,3084 ENRIQUE GUZMAN Y VALLE,P£blica de gesti¢n directa,Público,LIMA,LOS OLIVOS,AVENIDA NARANJAL CUADRA 9,-11.97885,-77.07465
SISE INDEPENDENCIA,3.84,0884593,3040 20 DE ABRIL,P£blica de gesti¢n directa,Público,LIMA,LOS OLIVOS,AVENIDA 8-10 MZ 57,-11.9625,-77.0804
SISE COMAS,0.92,0732347,PROYECTO INTEGRAL CHAVARRIA,P£blica de gesti¢n directa,Público,LIMA,LOS OLIVOS,CALLE GERMAN CARO RIOS MZ I LOTE 55,-12.0049,-77.07592
SISE INDEPENDENCIA,2.43,0732347,PROYECTO INTEGRAL CHAVARRIA,P£blica de gesti¢n directa,Público,LIMA,LOS OLIVOS,CALLE GERMAN CARO RIOS MZ I LOTE 55,-12.0049,-77.07592
SISE COMAS,4.76,0884601,NUEVO PERU,P£blica de gesti¢n directa,Público,LIMA,LOS OLIVOS,CALLE 16-18-37 PARQUE CENTRAL,-11.96896,-77.0782
SISE INDEPENDENCIA,3.13,0884601,NUEVO PERU,P£blica de gesti¢n directa,Público,LIMA,LOS OLIVOS,CALLE 16-18-37 PARQUE CENTRAL,-11.96896,-77.0782
SISE COMAS,1.82,0628842,ALFREDO REBAZA ACOSTA,P£blica de gesti¢n directa,Público,LIMA,LOS OLIVOS,AVENIDA EL TREBOL CUADRA 72,-12.0032,-77.0665
SISE INDEPENDENCIA,1.63,0628842,ALFREDO REBAZA ACOSTA,P£blica de gesti¢n directa,Público,LIMA,LOS OLIVOS,AVENIDA EL TREBOL CUADRA 72,-12.0032,-77.0665
SISE COMAS,1.47,0884577,2092 CRISTO MORADO,P£blica de gesti¢n directa,Público,LIMA,LOS OLIVOS,AVENIDA REPUBLICA DE CANADA CUADRA 4,-11.99961,-77.0754
SISE INDEPENDENCIA,2.03,0884577,2092 CRISTO MORADO,P£blica de gesti¢n directa,Público,LIMA,LOS OLIVOS,AVENIDA REPUBLICA DE CANADA CUADRA 4,-11.99961,-77.0754
SISE COMAS,2.34,0566414,2015 MANUEL GONZALEZ PRADA,P£blica de gesti¢n directa,Público,LIMA,LOS OLIVOS,AVENIDA MANUEL GONZALES PRADA CUADRA 3,-11.9954,-77.06721
SISE INDEPENDENCIA,1.03,0566414,2015 MANUEL GONZALEZ PRADA,P£blica de gesti¢n directa,Público,LIMA,LOS OLIVOS,AVENIDA MANUEL GONZALES PRADA CUADRA 3,-11.9954,-77.06721
SISE INDEPENDENCIA,3.11,0744565,3080 PERU - CANADA,P£blica de gesti¢n directa,Público,LIMA,LOS OLIVOS,JIRON CIPRIANO RUIZ,-11.964607,-77.070858
SISE INDEPENDENCIA,4.74,0884635,ENRIQUE MILLA OCHOA,P£blica de gesti¢n directa,Público,LIMA,LOS OLIVOS,AVENIDA CENTRAL,-11.955,-77.0838
SISE INDEPENDENCIA,2.26,0565119,2052 MARIA AUXILIADORA,P£blica de gesti¢n directa,Público,LIMA,INDEPENDENCIA,JIRON TUNGASUCA 500,-11.97215,-77.05
SISE SAN JUAN DE LURIGANCHO,3.15,0581744,3014 LEONCIO PRADO,P£blica de gesti¢n directa,Público,LIMA,RIMAC,AVENIDA ALCAZAR S/N,-12.02996,-77.03026
SISE SAN JUAN DE LURIGANCHO,4.33,1010149,3010 RAMON CASTILLA,P£blica de gesti¢n directa,Público,LIMA,RIMAC,JIRON MANCO INCA 342,-12.03648,-77.03897
SISE SANTA BEATRIZ,4.59,1010149,3010 RAMON CASTILLA,P£blica de gesti¢n directa,Público,LIMA,RIMAC,JIRON MANCO INCA 342,-12.03648,-77.03897
SISE SAN JUAN DE LURIGANCHO,3.26,0663534,3004 ESPA¥A,P£blica de gesti¢n directa,Público,LIMA,RIMAC,JIRON ATAHUALPA 127,-12.0367,-77.0268
SISE SANTA BEATRIZ,4.66,0663534,3004 ESPA¥A,P£blica de gesti¢n directa,Público,LIMA,RIMAC,JIRON ATAHUALPA 127,-12.0367,-77.0268
SISE COMAS,2.23,0495812,3045 JOSE CARLOS MARIATEGUI,P£blica de gesti¢n directa,Público,LIMA,SAN MARTIN DE PORRES,JIRON MARIA PARADO DE BELLIDO S/N,-12.026,-77.0664
SISE INDEPENDENCIA,4.05,0495812,3045 JOSE CARLOS MARIATEGUI,P£blica de gesti¢n directa,Público,LIMA,SAN MARTIN DE PORRES,JIRON MARIA PARADO DE BELLIDO S/N,-12.026,-77.0664
SISE COMAS,1.63,0581892,3039 JAVIER HERAUD,P£blica de gesti¢n directa,Público,LIMA,SAN MARTIN DE PORRES,JIRON PACASMAYO CUADRA 39,-12.02379,-77.08924
SISE INDEPENDENCIA,4.94,0581892,3039 JAVIER HERAUD,P£blica de gesti¢n directa,Público,LIMA,SAN MARTIN DE PORRES,JIRON PACASMAYO CUADRA 39,-12.02379,-77.08924
SISE COMAS,3.5,0764936,LOS JAZMINES DEL NARANJAL,P£blica de gesti¢n directa,Público,LIMA,SAN MARTIN DE PORRES,CALLE ALMENDRAS S/N,-11.9809,-77.0875
SISE INDEPENDENCIA,3.23,0764936,LOS JAZMINES DEL NARANJAL,P£blica de gesti¢n directa,Público,LIMA,SAN MARTIN DE PORRES,CALLE ALMENDRAS S/N,-11.9809,-77.0875
SISE COMAS,2.62,0566422,2027 JOSE MARIA ARGUEDAS,P£blica de gesti¢n directa,Público,LIMA,SAN MARTIN DE PORRES,JIRON ALHELI 1165,-12.0158,-77.05705
SISE INDEPENDENCIA,2.85,0566422,2027 JOSE MARIA ARGUEDAS,P£blica de gesti¢n directa,Público,LIMA,SAN MARTIN DE PORRES,JIRON ALHELI 1165,-12.0158,-77.05705
SISE COMAS,2.81,0437400,0051 CLORINDA MATTO DE TURNER,P£blica de gesti¢n directa,Público,LIMA,SAN MARTIN DE PORRES,JIRON JOSE LARREA Y LAREDO 498,-12.02618,-77.05959
SISE INDEPENDENCIA,3.99,0437400,0051 CLORINDA MATTO DE TURNER,P£blica de gesti¢n directa,Público,LIMA,SAN MARTIN DE PORRES,JIRON JOSE LARREA Y LAREDO 498,-12.02618,-77.05959
SISE COMAS,2.05,1009844,PALMAS REALES,P£blica de gesti¢n directa,Público,LIMA,LOS OLIVOS,CALLE 7 CUADRA 13 MZ C LOTE 21,-11.9933,-77.079
SISE INDEPENDENCIA,2.16,1009844,PALMAS REALES,P£blica de gesti¢n directa,Público,LIMA,LOS OLIVOS,CALLE 7 CUADRA 13 MZ C LOTE 21,-11.9933,-77.079
SISE COMAS,3.42,0884627,3087,P£blica de gesti¢n directa,Público,LIMA,LOS OLIVOS,AVENIDA LAS PALMERAS CUADRA 44,-11.9823,-77.07145
SISE INDEPENDENCIA,1.58,0884627,3087,P£blica de gesti¢n directa,Público,LIMA,LOS OLIVOS,AVENIDA LAS PALMERAS CUADRA 44,-11.9823,-77.07145
SISE COMAS,4.31,0495259,GRAN MARISCAL TORIBIO DE LUZURIAGA,P£blica de gesti¢n directa,Público,LIMA,LOS OLIVOS,AVENIDA MARCARA 5280,-11.97452,-77.06945
SISE INDEPENDENCIA,2.07,0495259,GRAN MARISCAL TORIBIO DE LUZURIAGA,P£blica de gesti¢n directa,Público,LIMA,LOS OLIVOS,AVENIDA MARCARA 5280,-11.97452,-77.06945
SISE COMAS,0.81,0704072,2090 VIRGEN DE LA PUERTA,P£blica de gesti¢n directa,Público,LIMA,LOS OLIVOS,CALLE LOS PINOS MZ K LOTE 6,-12.01,-77.0735
SISE INDEPENDENCIA,2.68,0704072,2090 VIRGEN DE LA PUERTA,P£blica de gesti¢n directa,Público,LIMA,LOS OLIVOS,CALLE LOS PINOS MZ K LOTE 6,-12.01,-77.0735
SISE COMAS,2.29,0566430,2029 SIMON BOLIVAR,P£blica de gesti¢n directa,Público,LIMA,SAN MARTIN DE PORRES,JIRON SANTA MARITZA CUADRA 1 S/N,-12.017648,-77.060624
SISE INDEPENDENCIA,3.05,0566430,2029 SIMON BOLIVAR,P£blica de gesti¢n directa,Público,LIMA,SAN MARTIN DE PORRES,JIRON SANTA MARITZA CUADRA 1 S/N,-12.017648,-77.060624
SISE COMAS,2.16,0581876,3037 GRAN AMAUTA,P£blica de gesti¢n directa,Público,LIMA,SAN MARTIN DE PORRES,AVENIDA PERU 3500,-12.0305,-77.0856
SISE COMAS,3.71,0566448,2070 NUESTRA SE¥ORA DEL CARMEN,P£blica de gesti¢n directa,Público,LIMA,INDEPENDENCIA,AVENIDA LOS ALISOS CUADRA 3,-11.9839,-77.06185
SISE INDEPENDENCIA,0.76,0566448,2070 NUESTRA SE¥ORA DEL CARMEN,P£blica de gesti¢n directa,Público,LIMA,INDEPENDENCIA,AVENIDA LOS ALISOS CUADRA 3,-11.9839,-77.06185
SISE COMAS,1.89,0663096,JOSE ABELARDO QUI¥ONEZ GONZALES,P£blica de gesti¢n directa,Público,LIMA,LOS OLIVOS,JIRON TOMAS CATARI Y ANTONIO CABO CUADRA 5,-12.007857,-77.063833
SISE INDEPENDENCIA,2.02,0663096,JOSE ABELARDO QUI¥ONEZ GONZALES,P£blica de gesti¢n directa,Público,LIMA,LOS OLIVOS,JIRON TOMAS CATARI Y ANTONIO CABO CUADRA 5,-12.007857,-77.063833
SISE SAN JUAN DE LURIGANCHO,2.98,0437210,CARLOS PAREJA PAZ SOLDAN,P£blica de gesti¢n directa,Público,LIMA,RIMAC,CALLE LOS DESCALZOS S/N,-12.03636,-77.02362
SISE SANTA BEATRIZ,4.78,0437210,CARLOS PAREJA PAZ SOLDAN,P£blica de gesti¢n directa,Público,LIMA,RIMAC,CALLE LOS DESCALZOS S/N,-12.03636,-77.02362
SISE COMAS,2.94,0437285,ISABEL CHIMPU OCLLO,P£blica de gesti¢n directa,Público,LIMA,SAN MARTIN DE PORRES,JIRON HUARAZ 882,-12.03502,-77.09341
SISE COMAS,1.82,0437236,JOSE GRANDA,P£blica de gesti¢n directa,Público,LIMA,SAN MARTIN DE PORRES,AVENIDA UNIVERSITARIA S/N,-12.02723,-77.07559
SISE INDEPENDENCIA,4.47,0437236,JOSE GRANDA,P£blica de gesti¢n directa,Público,LIMA,SAN MARTIN DE PORRES,AVENIDA UNIVERSITARIA S/N,-12.02723,-77.07559
SISE SAN JUAN DE LURIGANCHO,2.55,1010172,3015 LOS ANGELES DE JESUS,P£blica de gesti¢n directa,Público,LIMA,RIMAC,AVENIDA EL SOL 598,-12.023383,-77.026933
SISE COMAS,4.76,0581736,2001 TENIENTE CORONEL ALFREDO BONIFAZ,P£blica de gesti¢n directa,Público,LIMA,RIMAC,AVENIDA MORRO DE ARICA 547,-12.02621,-77.03964
SISE INDEPENDENCIA,4.54,0581736,2001 TENIENTE CORONEL ALFREDO BONIFAZ,P£blica de gesti¢n directa,Público,LIMA,RIMAC,AVENIDA MORRO DE ARICA 547,-12.02621,-77.03964
SISE SAN JUAN DE LURIGANCHO,3.97,0581736,2001 TENIENTE CORONEL ALFREDO BONIFAZ,P£blica de gesti¢n directa,Público,LIMA,RIMAC,AVENIDA MORRO DE ARICA 547,-12.02621,-77.03964
SISE INDEPENDENCIA,3.74,0437343,PNP PRECURSORES DE LA INDEPENDENCIA NACIONAL,P£blica de gesti¢n directa,Público,LIMA,LOS OLIVOS,AVENIDA ALFREDO MENDIOLA MZ C LOTE 14,-11.95781,-77.06849
SISE INDEPENDENCIA,3.26,1010180,2041 INCA GARCILASO DE LA VEGA,P£blica de gesti¢n directa,Público,LIMA,INDEPENDENCIA,AVENIDA MELCHORA BALANDRA,-11.96832,-77.03948
SISE COMAS,4.68,1010040,3094 RAMIRO PRIALE PRIALE,P£blica de gesti¢n directa,Público,LIMA,INDEPENDENCIA,CALLE C,-11.97711,-77.05624
SISE INDEPENDENCIA,1.5,1010040,3094 RAMIRO PRIALE PRIALE,P£blica de gesti¢n directa,Público,LIMA,INDEPENDENCIA,CALLE C,-11.97711,-77.05624
SISE SAN JUAN DE LURIGANCHO,2.92,0437251,2074 MARIA PARADO DE BELLIDO,P£blica de gesti¢n directa,Público,LIMA,RIMAC,CALLE ANTON SANCHEZ CUADRA 3,-12.029525,-77.028075
SISE COMAS,2.73,0581884,3033 ANDRES AVELINO CACERES,P£blica de gesti¢n directa,Público,LIMA,SAN MARTIN DE PORRES,JIRON PUNO 3379,-12.03575,-77.08568
SISE SAN MIGUEL,4.97,0581884,3033 ANDRES AVELINO CACERES,P£blica de gesti¢n directa,Público,LIMA,SAN MARTIN DE PORRES,JIRON PUNO 3379,-12.03575,-77.08568
SISE COMAS,1.01,0488619,3043 RAMON CASTILLA,P£blica de gesti¢n directa,Público,LIMA,SAN MARTIN DE PORRES,JIRON JOSE MARIA CORDOVA 3500,-12.020348,-77.083476
SISE INDEPENDENCIA,4.25,0488619,3043 RAMON CASTILLA,P£blica de gesti¢n directa,Público,LIMA,SAN MARTIN DE PORRES,JIRON JOSE MARIA CORDOVA 3500,-12.020348,-77.083476
SISE COMAS,2.78,0536029,2032 MANUEL SCORZA TORRES,P£blica de gesti¢n directa,Público,LIMA,INDEPENDENCIA,JIRON SANCHEZ CERRO S/N,-12.0042,-77.0564
SISE INDEPENDENCIA,1.58,0536029,2032 MANUEL SCORZA TORRES,P£blica de gesti¢n directa,Público,LIMA,INDEPENDENCIA,JIRON SANCHEZ CERRO S/N,-12.0042,-77.0564
SISE COMAS,1.07,0884528,2094 INCA PACHACUTEC,P£blica de gesti¢n directa,Público,LIMA,SAN MARTIN DE PORRES,JIRON AGUSTIN GAMARRA 3230,-12.02112,-77.0788
SISE INDEPENDENCIA,4.03,0884528,2094 INCA PACHACUTEC,P£blica de gesti¢n directa,Público,LIMA,SAN MARTIN DE PORRES,JIRON AGUSTIN GAMARRA 3230,-12.02112,-77.0788
SISE COMAS,3.65,0565200,3048 SANTIAGO ANTUNEZ DE MAYOLO,P£blica de gesti¢n directa,Público,LIMA,INDEPENDENCIA,AVENIDA LOS JAZMINES 385,-12.001625,-77.048875
SISE INDEPENDENCIA,1.7,0565200,3048 SANTIAGO ANTUNEZ DE MAYOLO,P£blica de gesti¢n directa,Público,LIMA,INDEPENDENCIA,AVENIDA LOS JAZMINES 385,-12.001625,-77.048875
SISE COMAS,3.16,1010214,2056 JOSE GALVEZ,P£blica de gesti¢n directa,Público,LIMA,INDEPENDENCIA,AVENIDA LOS FICUS 317,-12.0062,-77.0523
SISE INDEPENDENCIA,1.93,1010214,2056 JOSE GALVEZ,P£blica de gesti¢n directa,Público,LIMA,INDEPENDENCIA,AVENIDA LOS FICUS 317,-12.0062,-77.0523
SISE COMAS,0.84,0523423,JOSE HECTOR RODRIGUEZ TRIGOSO,P£blica de gesti¢n directa,Público,LIMA,SAN MARTIN DE PORRES,AVENIDA GERMAN AGUIRRE S/N,-12.01502,-77.07384
SISE INDEPENDENCIA,3.17,0523423,JOSE HECTOR RODRIGUEZ TRIGOSO,P£blica de gesti¢n directa,Público,LIMA,SAN MARTIN DE PORRES,AVENIDA GERMAN AGUIRRE S/N,-12.01502,-77.07384
SISE COMAS,3.57,0521179,JORGE BASADRE GROHMANN,P£blica de gesti¢n directa,Público,LIMA,LOS OLIVOS,AVENIDA ALAMEDA CENTRAL,-11.9827,-77.0667
SISE INDEPENDENCIA,1.16,0521179,JORGE BASADRE GROHMANN,P£blica de gesti¢n directa,Público,LIMA,LOS OLIVOS,AVENIDA ALAMEDA CENTRAL,-11.9827,-77.0667
SISE COMAS,2.61,0663153,2091 MARISCAL ANDRES AVELINO CACERES,P£blica de gesti¢n directa,Público,LIMA,LOS OLIVOS,JIRON LAS HIEDRAS,-11.98945,-77.07302
SISE INDEPENDENCIA,1.49,0663153,2091 MARISCAL ANDRES AVELINO CACERES,P£blica de gesti¢n directa,Público,LIMA,LOS OLIVOS,JIRON LAS HIEDRAS,-11.98945,-77.07302
SISE INDEPENDENCIA,4.03,0732339,2002 VIRGEN MARIA DEL ROSARIO,P£blica de gesti¢n directa,Público,LIMA,SAN MARTIN DE PORRES,MZ F LOTE 17,-11.966955,-77.087685
SISE COMAS,4.1,0565143,2053 FRANCISCO BOLOGNESI CERVANTES,P£blica de gesti¢n directa,Público,LIMA,INDEPENDENCIA,AVENIDA CESAR VALLEJO 1137,-11.9906,-77.0498
SISE INDEPENDENCIA,1.04,0565143,2053 FRANCISCO BOLOGNESI CERVANTES,P£blica de gesti¢n directa,Público,LIMA,INDEPENDENCIA,AVENIDA CESAR VALLEJO 1137,-11.9906,-77.0498
SISE COMAS,2.02,0566455,2071 CESAR VALLEJO,P£blica de gesti¢n directa,Público,LIMA,LOS OLIVOS,JIRON DANIEL HERNANDEZ 380,-11.99395,-77.07665
SISE INDEPENDENCIA,1.92,0566455,2071 CESAR VALLEJO,P£blica de gesti¢n directa,Público,LIMA,LOS OLIVOS,JIRON DANIEL HERNANDEZ 380,-11.99395,-77.07665
SISE COMAS,0.84,0884551,3081 ALMIRANTE MIGUEL GRAU SEMINARIO,P£blica de gesti¢n directa,Público,LIMA,SAN MARTIN DE PORRES,JIRON BENJAMIN QUIROGA S/N,-12.0168,-77.07513
SISE INDEPENDENCIA,3.41,0884551,3081 ALMIRANTE MIGUEL GRAU SEMINARIO,P£blica de gesti¢n directa,Público,LIMA,SAN MARTIN DE PORRES,JIRON BENJAMIN QUIROGA S/N,-12.0168,-77.07513
SISE COMAS,4.99,0437293,NACIONAL RIMAC,P£blica de gesti¢n directa,Público,LIMA,RIMAC,AVENIDA SANCHO DAVILA,-12.01898,-77.03552
SISE INDEPENDENCIA,4.11,0437293,NACIONAL RIMAC,P£blica de gesti¢n directa,Público,LIMA,RIMAC,AVENIDA SANCHO DAVILA,-12.01898,-77.03552
SISE SAN JUAN DE LURIGANCHO,3.4,0437293,NACIONAL RIMAC,P£blica de gesti¢n directa,Público,LIMA,RIMAC,AVENIDA SANCHO DAVILA,-12.01898,-77.03552
SISE SAN JUAN DE LURIGANCHO,3.83,0437244,RICARDO BENTIN,P£blica de gesti¢n directa,Público,LIMA,RIMAC,AVENIDA RICARDO BENTIN 391,-12.0304,-77.03694
SISE COMAS,3.54,0434993,SAN ANTONIO,Privada,Privado,LIMA,SAN MARTIN DE PORRES,JIRON CARLOS GRA¥A 101,-12.03045,-77.05446
SISE INDEPENDENCIA,4.5,0434993,SAN ANTONIO,Privada,Privado,LIMA,SAN MARTIN DE PORRES,JIRON CARLOS GRA¥A 101,-12.03045,-77.05446
SISE COMAS,1.29,0884734,HARVARD SCHOOL S.M.P.,Privada,Privado,LIMA,SAN MARTIN DE PORRES,AVENIDA FRAY BARTOLOME DE LAS CASAS 584,-12.023256,-77.080931
SISE INDEPENDENCIA,4.35,0884734,HARVARD SCHOOL S.M.P.,Privada,Privado,LIMA,SAN MARTIN DE PORRES,AVENIDA FRAY BARTOLOME DE LAS CASAS 584,-12.023256,-77.080931
SISE COMAS,3.04,0884817,JUANA MARLENE URIBE ROMERO,Privada,Privado,LIMA,SAN MARTIN DE PORRES,MZ A LOTE 27-28-29-3,-11.98742,-77.09364
SISE INDEPENDENCIA,3.74,0884817,JUANA MARLENE URIBE ROMERO,Privada,Privado,LIMA,SAN MARTIN DE PORRES,MZ A LOTE 27-28-29-3,-11.98742,-77.09364
SISE COMAS,1.56,0885194,SANTA ANGELA MERICE,Privada,Privado,LIMA,LOS OLIVOS,JIRON HUASCAR 561,-12.00488,-77.0682
SISE INDEPENDENCIA,1.89,0885194,SANTA ANGELA MERICE,Privada,Privado,LIMA,LOS OLIVOS,JIRON HUASCAR 561,-12.00488,-77.0682
SISE COMAS,3.0,0885228,VILLA LOS ANGELES,Privada,Privado,LIMA,LOS OLIVOS,MZ HI LOTE 1,-12.011869,-77.053143
SISE INDEPENDENCIA,2.5,0885228,VILLA LOS ANGELES,Privada,Privado,LIMA,LOS OLIVOS,MZ HI LOTE 1,-12.011869,-77.053143
SISE COMAS,2.31,0885483,SANTIAGO ANTUNEZ DE MAYOLO,Privada,Privado,LIMA,SAN MARTIN DE PORRES,CALLE JOSE DE LA TORRE UGARTE 269,-12.02417,-77.06377
SISE INDEPENDENCIA,3.8,0885483,SANTIAGO ANTUNEZ DE MAYOLO,Privada,Privado,LIMA,SAN MARTIN DE PORRES,CALLE JOSE DE LA TORRE UGARTE 269,-12.02417,-77.06377
SISE COMAS,2.83,1241579,WILHELM VON HUMBOLDT,Privada,Privado,LIMA,SAN MARTIN DE PORRES,JIRON NICOLAS DE PIEROLA 396,-12.0278,-77.0606
SISE INDEPENDENCIA,4.18,1241579,WILHELM VON HUMBOLDT,Privada,Privado,LIMA,SAN MARTIN DE PORRES,JIRON NICOLAS DE PIEROLA 396,-12.0278,-77.0606
SISE COMAS,1.34,1223627,APOSTOL SANTIAGO,Privada,Privado,LIMA,SAN MARTIN DE PORRES,JIRON ALBERTO BARTON 313,-12.02365,-77.07912
SISE INDEPENDENCIA,4.29,1223627,APOSTOL SANTIAGO,Privada,Privado,LIMA,SAN MARTIN DE PORRES,JIRON ALBERTO BARTON 313,-12.02365,-77.07912
SISE COMAS,3.59,1242379,SAN MARCELO,Privada,Privado,LIMA,SAN MARTIN DE PORRES,MZ C LOTE 5-13,-11.9934,-77.10795
SISE INDEPENDENCIA,4.68,1247634,SAN JUAN BAUTISTA - RIMAC,Privada,Privado,LIMA,RIMAC,MZ A LOTE 07,-12.02184,-77.03097
SISE SAN JUAN DE LURIGANCHO,2.94,1247634,SAN JUAN BAUTISTA - RIMAC,Privada,Privado,LIMA,RIMAC,MZ A LOTE 07,-12.02184,-77.03097
SISE COMAS,3.5,1247832,3082 PARAISO FLORIDO,P£blica de gesti¢n directa,Público,LIMA,SAN MARTIN DE PORRES,CALLE 3 S/N,-11.9876,-77.1014
SISE INDEPENDENCIA,4.58,1247832,3082 PARAISO FLORIDO,P£blica de gesti¢n directa,Público,LIMA,SAN MARTIN DE PORRES,CALLE 3 S/N,-11.9876,-77.1014
SISE COMAS,3.58,1247998,SIR ISAAC NEWTON,Privada,Privado,LIMA,SAN MARTIN DE PORRES,AVENIDA LAS ALMENDRAS 293,-11.98601,-77.06094
SISE INDEPENDENCIA,0.5,1247998,SIR ISAAC NEWTON,Privada,Privado,LIMA,SAN MARTIN DE PORRES,AVENIDA LAS ALMENDRAS 293,-11.98601,-77.06094
SISE COMAS,2.96,1248277,EL APOSENTO ALTO,Privada,Privado,LIMA,SAN MARTIN DE PORRES,AVENIDA TUPAC AMARU 6995,-12.00395,-77.05472
SISE INDEPENDENCIA,1.6,1248277,EL APOSENTO ALTO,Privada,Privado,LIMA,SAN MARTIN DE PORRES,AVENIDA TUPAC AMARU 6995,-12.00395,-77.05472
SISE COMAS,2.11,1248392,SAN VICENTE FERRER,P£blica de gesti¢n privada,Privado,LIMA,LOS OLIVOS,CALLE CABANA CUADRA 4,-11.99345,-77.0756
SISE INDEPENDENCIA,1.8,1248392,SAN VICENTE FERRER,P£blica de gesti¢n privada,Privado,LIMA,LOS OLIVOS,CALLE CABANA CUADRA 4,-11.99345,-77.0756
SISE COMAS,3.93,1248558,MONITOR HUASCAR,Privada,Privado,LIMA,SAN MARTIN DE PORRES,MZ H LOTE 2-3-18 Y 19,-11.97989,-77.09656
SISE INDEPENDENCIA,4.21,1248558,MONITOR HUASCAR,Privada,Privado,LIMA,SAN MARTIN DE PORRES,MZ H LOTE 2-3-18 Y 19,-11.97989,-77.09656
SISE COMAS,4.92,1261544,SANTA MARIA,Privada,Privado,LIMA,RIMAC,MZ T LOTE 6,-12.01477,-77.03566
SISE INDEPENDENCIA,3.75,1261544,SANTA MARIA,Privada,Privado,LIMA,RIMAC,MZ T LOTE 6,-12.01477,-77.03566
SISE SAN JUAN DE LURIGANCHO,3.42,1261544,SANTA MARIA,Privada,Privado,LIMA,RIMAC,MZ T LOTE 6,-12.01477,-77.03566
SISE COMAS,4.36,1261627,CARLO MARTIN ACEVEDO ROSALES,Privada,Privado,LIMA,SAN MARTIN DE PORRES,MZ E LOTE 11-23,-11.9904,-77.1144
SISE COMAS,4.87,1261759,LATINOAMERICANO,Privada,Privado,LIMA,LOS OLIVOS,MZ P LOTE 1-2 ETAPA I,-11.9679,-77.0827
SISE INDEPENDENCIA,3.55,1261759,LATINOAMERICANO,Privada,Privado,LIMA,LOS OLIVOS,MZ P LOTE 1-2 ETAPA I,-11.9679,-77.0827
SISE COMAS,2.16,1261874,SANTA ISABEL,Privada,Privado,LIMA,SAN MARTIN DE PORRES,JIRON IQUITOS 487,-12.03062,-77.08522
SISE COMAS,2.86,1261908,SE¥OR DE LA SOLEDAD,Privada,Privado,LIMA,SAN MARTIN DE PORRES,JIRON FRANCISCO DE MIRANDA 188,-12.028043,-77.06046
SISE INDEPENDENCIA,4.2,1261908,SE¥OR DE LA SOLEDAD,Privada,Privado,LIMA,SAN MARTIN DE PORRES,JIRON FRANCISCO DE MIRANDA 188,-12.028043,-77.06046
SISE COMAS,3.43,1262476,SAN MARTIN DE PORRES,Privada,Privado,LIMA,INDEPENDENCIA,JIRON HERMANOS TOLEDO 141 MZ C LOTE 27,-11.992503,-77.056087
SISE INDEPENDENCIA,0.44,1262476,SAN MARTIN DE PORRES,Privada,Privado,LIMA,INDEPENDENCIA,JIRON HERMANOS TOLEDO 141 MZ C LOTE 27,-11.992503,-77.056087
SISE COMAS,3.59,1262559,RODMAR SCHOOL,Privada,Privado,LIMA,SAN MARTIN DE PORRES,CALLE NICANOR GARCIA Y LASTRES 238,-12.026833,-77.051583
SISE INDEPENDENCIA,4.15,1262559,RODMAR SCHOOL,Privada,Privado,LIMA,SAN MARTIN DE PORRES,CALLE NICANOR GARCIA Y LASTRES 238,-12.026833,-77.051583
SISE COMAS,1.3,1262799,SAN ANTONIO ABAD,Privada,Privado,LIMA,LOS OLIVOS,CALLE 32 HIPOLITO UNANUE S/N MZ H LOTE 10 ETAPA III,-12.00647,-77.07003
SISE INDEPENDENCIA,2.14,1262799,SAN ANTONIO ABAD,Privada,Privado,LIMA,LOS OLIVOS,CALLE 32 HIPOLITO UNANUE S/N MZ H LOTE 10 ETAPA III,-12.00647,-77.07003
SISE COMAS,2.26,1262872,SAN BENITO DE PALERMO II,Privada,Privado,LIMA,LOS OLIVOS,JIRON MARTE 7457,-11.99912,-77.06439
SISE INDEPENDENCIA,1.13,1262872,SAN BENITO DE PALERMO II,Privada,Privado,LIMA,LOS OLIVOS,JIRON MARTE 7457,-11.99912,-77.06439
SISE COMAS,3.81,1263623,PEDRO PAULET,Privada,Privado,LIMA,INDEPENDENCIA,AVENIDA LOS AMAUTAS 205,-11.9925,-77.05175
SISE INDEPENDENCIA,0.87,1263623,PEDRO PAULET,Privada,Privado,LIMA,INDEPENDENCIA,AVENIDA LOS AMAUTAS 205,-11.9925,-77.05175
SISE COMAS,3.78,1263789,MICHEL DUCLERCQ,Privada,Privado,LIMA,LOS OLIVOS,AVENIDA NARANJAL 1313 MZ E-3 LOTE 3,-11.97769,-77.07979
SISE INDEPENDENCIA,2.62,1263789,MICHEL DUCLERCQ,Privada,Privado,LIMA,LOS OLIVOS,AVENIDA NARANJAL 1313 MZ E-3 LOTE 3,-11.97769,-77.07979
SISE INDEPENDENCIA,4.62,1264076,LOS SIERVOS DE JESUS,Privada,Privado,LIMA,RIMAC,JIRON ALEJANDRO AYARZA 198,-12.0196,-77.0293
SISE SAN JUAN DE LURIGANCHO,2.73,1264076,LOS SIERVOS DE JESUS,Privada,Privado,LIMA,RIMAC,JIRON ALEJANDRO AYARZA 198,-12.0196,-77.0293
SISE COMAS,1.95,1264183,SKHOLE PAIDEA DE LOS OLIVOS,Privada,Privado,LIMA,LOS OLIVOS,JIRON POMABAMBA 1201,-11.99457,-77.07712
SISE INDEPENDENCIA,1.99,1264183,SKHOLE PAIDEA DE LOS OLIVOS,Privada,Privado,LIMA,LOS OLIVOS,JIRON POMABAMBA 1201,-11.99457,-77.07712
SISE INDEPENDENCIA,3.38,1271196,SAN ANTONIO DE JESUS,Privada,Privado,LIMA,LOS OLIVOS,JIRON GERMAN VIZCARRA S/N MZ P LOTE 23,-11.9632,-77.07345
SISE COMAS,2.74,1481241,LOS DOMINICOS DE PALAO,Privada,Privado,LIMA,SAN MARTIN DE PORRES,JIRON SAN JUAN BAUTISTA 273,-12.01576,-77.05589
SISE INDEPENDENCIA,2.86,1481241,LOS DOMINICOS DE PALAO,Privada,Privado,LIMA,SAN MARTIN DE PORRES,JIRON SAN JUAN BAUTISTA 273,-12.01576,-77.05589
SISE COMAS,2.79,1481258,SANTA ANA DE LOS JARDINES,Privada,Privado,LIMA,SAN MARTIN DE PORRES,JIRON LOS TAMARINDOS 335,-12.01399,-77.05519
SISE INDEPENDENCIA,2.68,1481258,SANTA ANA DE LOS JARDINES,Privada,Privado,LIMA,SAN MARTIN DE PORRES,JIRON LOS TAMARINDOS 335,-12.01399,-77.05519
SISE COMAS,0.55,1481266,NUESTRA SE¥ORA DE LA PAZ,Privada,Privado,LIMA,SAN MARTIN DE PORRES,CALLE MANUEL CLAVERO 2241,-12.0112,-77.08578
SISE INDEPENDENCIA,3.7,1481266,NUESTRA SE¥ORA DE LA PAZ,Privada,Privado,LIMA,SAN MARTIN DE PORRES,CALLE MANUEL CLAVERO 2241,-12.0112,-77.08578
SISE COMAS,1.63,1481274,EDMUND HALLEY,Privada,Privado,LIMA,SAN MARTIN DE PORRES,JIRON AUGUSTO AGUIRRE 3068,-12.02591,-77.07715
SISE INDEPENDENCIA,4.41,1481274,EDMUND HALLEY,Privada,Privado,LIMA,SAN MARTIN DE PORRES,JIRON AUGUSTO AGUIRRE 3068,-12.02591,-77.07715
SISE COMAS,2.42,1481357,SAN VALENTIN,Privada,Privado,LIMA,LOS OLIVOS,AVENIDA MANUEL GONZALES PRADA MZ B LOTE 1,-11.99261,-77.07004
SISE INDEPENDENCIA,1.19,1481357,SAN VALENTIN,Privada,Privado,LIMA,LOS OLIVOS,AVENIDA MANUEL GONZALES PRADA MZ B LOTE 1,-11.99261,-77.07004
SISE COMAS,1.73,1481464,NUESTRA SE¥ORA DE MONSERRAT DE MAYOLO,Privada,Privado,LIMA,LOS OLIVOS,AVENIDA CARLOS IZAGUIRRE 479,-11.99615,-77.08086
SISE INDEPENDENCIA,2.43,1481464,NUESTRA SE¥ORA DE MONSERRAT DE MAYOLO,Privada,Privado,LIMA,LOS OLIVOS,AVENIDA CARLOS IZAGUIRRE 479,-11.99615,-77.08086
SISE COMAS,3.63,1481514,FRANKLIN ROOSEVELT,Privada,Privado,LIMA,LOS OLIVOS,JIRON LOS AMARANTOS 929,-11.99906,-77.04995
SISE INDEPENDENCIA,1.42,1481514,FRANKLIN ROOSEVELT,Privada,Privado,LIMA,LOS OLIVOS,JIRON LOS AMARANTOS 929,-11.99906,-77.04995
SISE COMAS,3.23,1481530,SAN MARCOS,Privada,Privado,LIMA,LOS OLIVOS,MZ R LOTE 2,-11.98264,-77.07993
SISE INDEPENDENCIA,2.39,1481530,SAN MARCOS,Privada,Privado,LIMA,LOS OLIVOS,MZ R LOTE 2,-11.98264,-77.07993
SISE COMAS,1.86,1481647,VIRGEN DE LAS MERCEDES DEL TREBOL,Privada,Privado,LIMA,LOS OLIVOS,JIRON ATAHUALPA 385,-12.00312,-77.06607
SISE INDEPENDENCIA,1.6,1481647,VIRGEN DE LAS MERCEDES DEL TREBOL,Privada,Privado,LIMA,LOS OLIVOS,JIRON ATAHUALPA 385,-12.00312,-77.06607
SISE SAN JUAN DE LURIGANCHO,4.3,1481720,PASTORCITOS DE BELEN,Privada,Privado,LIMA,RIMAC,JIRON GENERAL VIDAL 225,-12.03484,-77.03957
SISE SANTA BEATRIZ,4.78,1481720,PASTORCITOS DE BELEN,Privada,Privado,LIMA,RIMAC,JIRON GENERAL VIDAL 225,-12.03484,-77.03957
SISE COMAS,4.81,1481795,LORD BRAIN,Privada,Privado,LIMA,SAN MARTIN DE PORRES,CALLE 4B MZ C LOTE 19 Y 39 ETAPA II,-11.97131,-77.09665
SISE INDEPENDENCIA,4.57,1481795,LORD BRAIN,Privada,Privado,LIMA,SAN MARTIN DE PORRES,CALLE 4B MZ C LOTE 19 Y 39 ETAPA II,-11.97131,-77.09665
SISE INDEPENDENCIA,2.13,1481811,SAN IGNACIO DE INGENIERIA,Privada,Privado,LIMA,SAN MARTIN DE PORRES,JIRON ANTONIO GARLAND 625,-11.983244,-77.041113
SISE COMAS,3.42,1481746,DANTE ALIGHIERI,Privada,Privado,LIMA,SAN MARTIN DE PORRES,AVENIDA LOS ALISOS MZ Q1 LOTE 2,-11.9825,-77.09075
SISE INDEPENDENCIA,3.52,1481746,DANTE ALIGHIERI,Privada,Privado,LIMA,SAN MARTIN DE PORRES,AVENIDA LOS ALISOS MZ Q1 LOTE 2,-11.9825,-77.09075
SISE COMAS,2.57,1482033,LUIS PARDO NOVOA,Privada,Privado,LIMA,SAN MARTIN DE PORRES,JIRON CHINCHA 362,-12.00255,-77.05903
SISE INDEPENDENCIA,1.37,1482033,LUIS PARDO NOVOA,Privada,Privado,LIMA,SAN MARTIN DE PORRES,JIRON CHINCHA 362,-12.00255,-77.05903
SISE COMAS,2.7,1482066,MAETERLINCK MAURICIO,Privada,Privado,LIMA,SAN MARTIN DE PORRES,MZ Q LOTE 2,-11.9878,-77.08512
SISE INDEPENDENCIA,2.81,1482066,MAETERLINCK MAURICIO,Privada,Privado,LIMA,SAN MARTIN DE PORRES,MZ Q LOTE 2,-11.9878,-77.08512
SISE COMAS,2.47,1482090,SANTISIMA VIRGEN DEL CAMINO,Privada,Privado,LIMA,SAN MARTIN DE PORRES,JIRON LOS PINOS 149,-12.0281,-77.0654
SISE INDEPENDENCIA,4.26,1482090,SANTISIMA VIRGEN DEL CAMINO,Privada,Privado,LIMA,SAN MARTIN DE PORRES,JIRON LOS PINOS 149,-12.0281,-77.0654
SISE COMAS,2.99,1482124,SAN JUAN BOSCO,Privada,Privado,LIMA,SAN MARTIN DE PORRES,MZ Y LOTE 01-02,-11.9877,-77.09315
SISE INDEPENDENCIA,3.69,1482124,SAN JUAN BOSCO,Privada,Privado,LIMA,SAN MARTIN DE PORRES,MZ Y LOTE 01-02,-11.9877,-77.09315
SISE SAN JUAN DE LURIGANCHO,2.99,1482140,JUAN WOLFGANG GOETHE,Privada,Privado,LIMA,SAN MARTIN DE PORRES,LOS LIBERTADORES MZ HV. LOTE 7,-12.0255,-77.0305
SISE SAN JUAN DE LURIGANCHO,3.66,0878496,SANTA ROSA DE QUIVES,Privada,Privado,LIMA,RIMAC,JIRON MACHUPICCHU 423,-12.03232,-77.03425
SISE COMAS,1.58,1482355,NUESTRA SE¥ORA DE MONSERRAT DE SANTA APOLONIA,Privada,Privado,LIMA,SAN MARTIN DE PORRES,MZ M LOTE 11-12,-12.00413,-77.09306
SISE INDEPENDENCIA,3.98,1482355,NUESTRA SE¥ORA DE MONSERRAT DE SANTA APOLONIA,Privada,Privado,LIMA,SAN MARTIN DE PORRES,MZ M LOTE 11-12,-12.00413,-77.09306
SISE INDEPENDENCIA,4.98,1482439,NUESTRA SE¥ORA DE LAS MERCEDES DEL BOSQUE,Privada,Privado,LIMA,RIMAC,CALLE 14 292-298,-12.025821,-77.031486
SISE SAN JUAN DE LURIGANCHO,3.1,1482439,NUESTRA SE¥ORA DE LAS MERCEDES DEL BOSQUE,Privada,Privado,LIMA,RIMAC,CALLE 14 292-298,-12.025821,-77.031486
SISE COMAS,2.73,1482454,LEONARDO DE PISA,Privada,Privado,LIMA,SAN MARTIN DE PORRES,MZ E LOTE 2,-11.98842,-77.0887
SISE INDEPENDENCIA,3.2,1482454,LEONARDO DE PISA,Privada,Privado,LIMA,SAN MARTIN DE PORRES,MZ E LOTE 2,-11.98842,-77.0887
SISE COMAS,0.72,1482462,MAX SCHELER EIRL,Privada,Privado,LIMA,SAN MARTIN DE PORRES,AVENIDA ANGELICA GAMARRA 2244,-12.00833,-77.08644
SISE INDEPENDENCIA,3.56,1482462,MAX SCHELER EIRL,Privada,Privado,LIMA,SAN MARTIN DE PORRES,AVENIDA ANGELICA GAMARRA 2244,-12.00833,-77.08644
SISE COMAS,3.05,1482686,PADRE CHAMPAGNAT DE LOS OLIVOS,Privada,Privado,LIMA,LOS OLIVOS,JIRON IGNACIO MERINO 3876,-11.9884,-77.06591
SISE INDEPENDENCIA,0.74,1482686,PADRE CHAMPAGNAT DE LOS OLIVOS,Privada,Privado,LIMA,LOS OLIVOS,JIRON IGNACIO MERINO 3876,-11.9884,-77.06591
SISE INDEPENDENCIA,4.57,1482785,KENNEDY,Privada,Privado,LIMA,SAN MARTIN DE PORRES,CALLE SANTA ANGELICA 290,-11.95036,-77.0696
SISE INDEPENDENCIA,3.67,1482892,LA RECOLETA DE LOS OLIVOS,Privada,Privado,LIMA,LOS OLIVOS,AVENIDA CENTRAL 333,-11.95897,-77.07023
SISE COMAS,4.92,1482900,FRANCISCA DIEZ CANSECO DE CASTILLA,Privada,Privado,LIMA,SAN MARTIN DE PORRES,MZ D LOTE 1,-11.97188,-77.1004
SISE INDEPENDENCIA,4.91,1482900,FRANCISCA DIEZ CANSECO DE CASTILLA,Privada,Privado,LIMA,SAN MARTIN DE PORRES,MZ D LOTE 1,-11.97188,-77.1004
SISE COMAS,1.35,1482975,TRILCE LOS OLIVOS,Privada,Privado,LIMA,SAN MARTIN DE PORRES,AVENIDA TOMAS VALLE 841-843-845,-12.01061,-77.06843
SISE INDEPENDENCIA,2.47,1482975,TRILCE LOS OLIVOS,Privada,Privado,LIMA,SAN MARTIN DE PORRES,AVENIDA TOMAS VALLE 841-843-845,-12.01061,-77.06843
SISE COMAS,4.41,1483056,LUMBRERA,Privada,Privado,LIMA,INDEPENDENCIA,CALLE CHAN CHAN 160,-11.9816,-77.05438
SISE INDEPENDENCIA,1.11,1483056,LUMBRERA,Privada,Privado,LIMA,INDEPENDENCIA,CALLE CHAN CHAN 160,-11.9816,-77.05438
SISE INDEPENDENCIA,4.23,1483213,CONSUELO VALLEJOS,Privada,Privado,LIMA,LOS OLIVOS,AVENIDA ALFREDO MENDIOLA 1617,-11.95436,-77.07228
SISE COMAS,0.45,1483239,SAN AGUSTIN DE ANTARES,Privada,Privado,LIMA,SAN MARTIN DE PORRES,JIRON GUILLERMO MOORE MZ O LOTE 14,-12.009792,-77.08447
SISE INDEPENDENCIA,3.49,1483239,SAN AGUSTIN DE ANTARES,Privada,Privado,LIMA,SAN MARTIN DE PORRES,JIRON GUILLERMO MOORE MZ O LOTE 14,-12.009792,-77.08447
SISE COMAS,3.84,1483270,CORAZON DE MARIA,Privada,Privado,LIMA,SAN MARTIN DE PORRES,JIRON LOS RUIBARES 303-306,-11.9828,-77.06143
SISE INDEPENDENCIA,0.86,1483270,CORAZON DE MARIA,Privada,Privado,LIMA,SAN MARTIN DE PORRES,JIRON LOS RUIBARES 303-306,-11.9828,-77.06143
SISE COMAS,3.64,1483338,CHARLES BUHLER,Privada,Privado,LIMA,SAN MARTIN DE PORRES,JIRON GARCIA Y LASTRES 215,-12.02665,-77.05103
SISE INDEPENDENCIA,4.15,1483338,CHARLES BUHLER,Privada,Privado,LIMA,SAN MARTIN DE PORRES,JIRON GARCIA Y LASTRES 215,-12.02665,-77.05103
SISE INDEPENDENCIA,2.02,1483346,MANUEL ASCENCIO SEGURA,Privada,Privado,LIMA,INDEPENDENCIA,JIRON YAURI 192-194 ZONA III,-11.9807,-77.0436
SISE COMAS,4.25,0437426,BERTOLT BRECHT,Privada,Privado,LIMA,LIMA,AVENIDA COLONIAL 2798,-12.04986,-77.07887
SISE SAN MIGUEL,3.32,0437426,BERTOLT BRECHT,Privada,Privado,LIMA,LIMA,AVENIDA COLONIAL 2798,-12.04986,-77.07887
SISE COMAS,1.94,1483361,MATER MARIA DE LOS ANGELES,Privada,Privado,LIMA,SAN MARTIN DE PORRES,JIRON ANCASH 3683,-12.02809,-77.08678
SISE SAN MIGUEL,1.85,1483395,SACO OLIVEROS DE SAN MIGUEL,Privada,Privado,LIMA,SAN MIGUEL,JIRON LIBERTAD 1250,-12.08393,-77.09375
SISE COMAS,4.98,1483460,FRANCISCO PENZOTTI,Privada,Privado,LIMA,LOS OLIVOS,MZ A LOTE 24,-11.9669,-77.0795
SISE INDEPENDENCIA,3.4,1483460,FRANCISCO PENZOTTI,Privada,Privado,LIMA,LOS OLIVOS,MZ A LOTE 24,-11.9669,-77.0795
SISE COMAS,3.8,1483528,FRAY PEDRO URRACA,Privada,Privado,LIMA,INDEPENDENCIA,AVENIDA LOS AMAUTAS 215,-11.99257,-77.05182
SISE INDEPENDENCIA,0.86,1483528,FRAY PEDRO URRACA,Privada,Privado,LIMA,INDEPENDENCIA,AVENIDA LOS AMAUTAS 215,-11.99257,-77.05182
SISE SAN JUAN DE LURIGANCHO,4.09,1483544,BENJAMIN BARTON,Privada,Privado,LIMA,RIMAC,JIRON VIRU 565,-12.03866,-77.03498
SISE SANTA BEATRIZ,4.34,1483544,BENJAMIN BARTON,Privada,Privado,LIMA,RIMAC,JIRON VIRU 565,-12.03866,-77.03498
SISE COMAS,1.81,1483551,THALES DE MILETO SCHOOL,Privada,Privado,LIMA,SAN MARTIN DE PORRES,AVENIDA PACASMAYO 3302,-12.02798,-77.08122
SISE INDEPENDENCIA,4.82,1483551,THALES DE MILETO SCHOOL,Privada,Privado,LIMA,SAN MARTIN DE PORRES,AVENIDA PACASMAYO 3302,-12.02798,-77.08122
SISE COMAS,4.61,1483627,NUESTRA SE¥ORA DE LOURDES,Privada,Privado,LIMA,INDEPENDENCIA,AVENIDA NI¥OS MARTIRES 133,-11.990093,-77.044573
SISE INDEPENDENCIA,1.61,1483627,NUESTRA SE¥ORA DE LOURDES,Privada,Privado,LIMA,INDEPENDENCIA,AVENIDA NI¥OS MARTIRES 133,-11.990093,-77.044573
SISE COMAS,2.16,1483668,ALBERT EINSTEIN DE CAYRAN,Privada,Privado,LIMA,SAN MARTIN DE PORRES,MZ A LOTE 2,-11.99422,-77.08935
SISE INDEPENDENCIA,3.29,1483668,ALBERT EINSTEIN DE CAYRAN,Privada,Privado,LIMA,SAN MARTIN DE PORRES,MZ A LOTE 2,-11.99422,-77.08935
SISE COMAS,2.83,1483940,TOMAS ARIETA CRUZ,Privada,Privado,LIMA,SAN MARTIN DE PORRES,AVENIDA SANTA ROSA MZ A LOTE 07 ETAPA I,-11.993853,-77.099279
SISE INDEPENDENCIA,4.36,1483940,TOMAS ARIETA CRUZ,Privada,Privado,LIMA,SAN MARTIN DE PORRES,AVENIDA SANTA ROSA MZ A LOTE 07 ETAPA I,-11.993853,-77.099279
SISE COMAS,4.01,1483957,JAVIER HERAUD,Privada,Privado,LIMA,INDEPENDENCIA,JIRON RICARDO PALMA 173-177,-11.9925,-77.0496
SISE INDEPENDENCIA,1.09,1483957,JAVIER HERAUD,Privada,Privado,LIMA,INDEPENDENCIA,JIRON RICARDO PALMA 173-177,-11.9925,-77.0496
SISE COMAS,4.2,1484039,SAN LUIS DE BORJA,Privada,Privado,LIMA,INDEPENDENCIA,JIRON LOS CHANCAS 254,-11.9855,-77.05295
SISE INDEPENDENCIA,0.88,1484039,SAN LUIS DE BORJA,Privada,Privado,LIMA,INDEPENDENCIA,JIRON LOS CHANCAS 254,-11.9855,-77.05295
SISE INDEPENDENCIA,2.3,1484278,RICARDO PALMA,Privada,Privado,LIMA,INDEPENDENCIA,JIRON PALLCAMARCA 287,-11.97322,-77.0474
SISE COMAS,3.41,1484294,SANTA ROSA DE QUIVES,Privada,Privado,LIMA,LOS OLIVOS,CALLE FEDERICO VILLARREAL 150,-11.98257,-77.07094
SISE INDEPENDENCIA,1.52,1484294,SANTA ROSA DE QUIVES,Privada,Privado,LIMA,LOS OLIVOS,CALLE FEDERICO VILLARREAL 150,-11.98257,-77.07094
SISE COMAS,2.14,1484302,YACHAY WASI COMMUNITY COLLEGE,Privada,Privado,LIMA,LOS OLIVOS,AVENIDA ANTUNEZ DE MAYOLO 1084,-11.99369,-77.07377
SISE INDEPENDENCIA,1.61,1484302,YACHAY WASI COMMUNITY COLLEGE,Privada,Privado,LIMA,LOS OLIVOS,AVENIDA ANTUNEZ DE MAYOLO 1084,-11.99369,-77.07377
SISE INDEPENDENCIA,4.85,1484310,INNOVA VIGOTSKY SCHOOL,Privada,Privado,LIMA,SAN MARTIN DE PORRES,MZ E LOTE 13,-11.96581,-77.09631
SISE COMAS,1.64,1484377,SANTISIMO SACRAMENTO,Privada,Privado,LIMA,SAN MARTIN DE PORRES,JIRON PACASMAYO 3694,-12.02555,-77.08595
SISE INDEPENDENCIA,4.87,1484377,SANTISIMO SACRAMENTO,Privada,Privado,LIMA,SAN MARTIN DE PORRES,JIRON PACASMAYO 3694,-12.02555,-77.08595
SISE COMAS,3.9,1484443,2074 VIRGEN PEREGRINA DEL ROSARIO,P£blica de gesti¢n directa,Público,LIMA,SAN MARTIN DE PORRES,MZ E,-11.97756,-77.08883
SISE INDEPENDENCIA,3.5,1484443,2074 VIRGEN PEREGRINA DEL ROSARIO,P£blica de gesti¢n directa,Público,LIMA,SAN MARTIN DE PORRES,MZ E,-11.97756,-77.08883
SISE COMAS,4.92,1484500,PEDRO PABLO ATUSPARIA,Privada,Privado,LIMA,LOS OLIVOS,MZ 17A LOTE 14,-11.96763,-77.07706
SISE INDEPENDENCIA,3.17,1484500,PEDRO PABLO ATUSPARIA,Privada,Privado,LIMA,LOS OLIVOS,MZ 17A LOTE 14,-11.96763,-77.07706
SISE COMAS,1.88,1484617,VILLA AMERICA,Privada,Privado,LIMA,SAN MARTIN DE PORRES,MZ D LOTE 44,-11.9954,-77.0853
SISE INDEPENDENCIA,2.88,1484617,VILLA AMERICA,Privada,Privado,LIMA,SAN MARTIN DE PORRES,MZ D LOTE 44,-11.9954,-77.0853
SISE INDEPENDENCIA,3.11,1484625,ALEXANDER VON HUMBOLDT,Privada,Privado,LIMA,LOS OLIVOS,AVENIDA UNIVERSITARIA MZ A LOTE 10-A,-11.96615,-77.0738
SISE COMAS,3.83,1484633,JUAN PABLO PEREGRINO DE LA PAZ,Privada,Privado,LIMA,SAN MARTIN DE PORRES,MZ F LOTE 28-29,-11.97797,-77.08802
SISE INDEPENDENCIA,3.4,1484633,JUAN PABLO PEREGRINO DE LA PAZ,Privada,Privado,LIMA,SAN MARTIN DE PORRES,MZ F LOTE 28-29,-11.97797,-77.08802
SISE COMAS,1.28,1484674,SAN JUAN DE DIOS DE LOS OLIVOS,Privada,Privado,LIMA,LOS OLIVOS,JIRON CAJAHUAMAN 823,-12.00696,-77.07008
SISE INDEPENDENCIA,2.19,1484674,SAN JUAN DE DIOS DE LOS OLIVOS,Privada,Privado,LIMA,LOS OLIVOS,JIRON CAJAHUAMAN 823,-12.00696,-77.07008
SISE COMAS,4.17,1484682,DANIEL COMBONI,Privada,Privado,LIMA,SAN MARTIN DE PORRES,MZ E LOTE 5-6,-11.994694,-77.114929
SISE COMAS,3.14,1484724,LA INMACULADA CONCEPCION,Privada,Privado,LIMA,INDEPENDENCIA,AVENIDA LOS FICUS 235,-12.00738,-77.05228
SISE INDEPENDENCIA,2.05,1484724,LA INMACULADA CONCEPCION,Privada,Privado,LIMA,INDEPENDENCIA,AVENIDA LOS FICUS 235,-12.00738,-77.05228
SISE INDEPENDENCIA,1.74,1484823,GRUPO CIENTIFICO,Privada,Privado,LIMA,INDEPENDENCIA,CALLE L MZ V LOTE 19,-11.97605,-77.05271
SISE INDEPENDENCIA,4.26,1484856,CHRISTIAN BARNARD COLLEGE,Privada,Privado,LIMA,SAN MARTIN DE PORRES,MZ E LOTE 12,-11.965887,-77.089615
SISE SAN JUAN DE LURIGANCHO,3.82,1484864,NUESTRA SE¥ORA DEL PERPETUO SOCORRO,Privada,Privado,LIMA,RIMAC,AVENIDA FRANCISCO PIZARRO 300,-12.03935,-77.0312
SISE SANTA BEATRIZ,4.29,1484864,NUESTRA SE¥ORA DEL PERPETUO SOCORRO,Privada,Privado,LIMA,RIMAC,AVENIDA FRANCISCO PIZARRO 300,-12.03935,-77.0312
SISE INDEPENDENCIA,4.84,1485291,CYGNUS,Privada,Privado,LIMA,LOS OLIVOS,CALLE 1 MZ K LOTE 3,-11.95143,-77.0795
SISE INDEPENDENCIA,4.71,1485382,EL NAZARENO,Privada,Privado,LIMA,RIMAC,AVENIDA AMANCAES 873,-12.02134,-77.02994
SISE SAN JUAN DE LURIGANCHO,2.82,1485382,EL NAZARENO,Privada,Privado,LIMA,RIMAC,AVENIDA AMANCAES 873,-12.02134,-77.02994
SISE COMAS,4.37,1485440,MARKHAM,Privada,Privado,LIMA,SAN MARTIN DE PORRES,MZ B LOTE 1-3,-11.98714,-77.11209
SISE COMAS,2.98,1485523,CRUZ SACO,Privada,Privado,LIMA,LOS OLIVOS,JIRON CARLOS SALAVERRY 3816-3820,-11.98971,-77.06518
SISE INDEPENDENCIA,0.63,1485523,CRUZ SACO,Privada,Privado,LIMA,LOS OLIVOS,JIRON CARLOS SALAVERRY 3816-3820,-11.98971,-77.06518
SISE COMAS,3.62,1485531,MIGUEL GRAU,Privada,Privado,LIMA,SAN MARTIN DE PORRES,CALLE LAS MORAS 243,-11.986724,-77.059421
SISE INDEPENDENCIA,0.39,1485531,MIGUEL GRAU,Privada,Privado,LIMA,SAN MARTIN DE PORRES,CALLE LAS MORAS 243,-11.986724,-77.059421
SISE COMAS,2.27,1485549,JUAN XXIII,Privada,Privado,LIMA,SAN MARTIN DE PORRES,AVENIDA ALFREDO MENDIOLA 1542,-12.01206,-77.05993
SISE INDEPENDENCIA,2.42,1485549,JUAN XXIII,Privada,Privado,LIMA,SAN MARTIN DE PORRES,AVENIDA ALFREDO MENDIOLA 1542,-12.01206,-77.05993
SISE COMAS,2.24,1485614,SANTA MARIA DE FATIMA,Privada,Privado,LIMA,SAN MARTIN DE PORRES,MZ C LOTE 48,-11.99352,-77.0896
SISE INDEPENDENCIA,3.31,1485614,SANTA MARIA DE FATIMA,Privada,Privado,LIMA,SAN MARTIN DE PORRES,MZ C LOTE 48,-11.99352,-77.0896
SISE COMAS,3.03,1485622,SAN PABLO,Privada,Privado,LIMA,INDEPENDENCIA,CALLE LAS GUINDAS 102,-12.00344,-77.0542
SISE INDEPENDENCIA,1.57,1485622,SAN PABLO,Privada,Privado,LIMA,INDEPENDENCIA,CALLE LAS GUINDAS 102,-12.00344,-77.0542
SISE COMAS,4.52,1485648,CIUDAD DE LOS REYES,Privada,Privado,LIMA,LOS OLIVOS,JIRON PEDRO HELMES MZ K1 LOTE 38,-11.97158,-77.07391
SISE INDEPENDENCIA,2.61,1485648,CIUDAD DE LOS REYES,Privada,Privado,LIMA,LOS OLIVOS,JIRON PEDRO HELMES MZ K1 LOTE 38,-11.97158,-77.07391
SISE INDEPENDENCIA,3.83,1485671,SAN LUIS GONZAGA SCHOOL,Privada,Privado,LIMA,LOS OLIVOS,AVENIDA SAN GENARO 155,-11.95634,-77.06569
SISE COMAS,2.49,1485762,UNIVERSITY SCHOOL LOS OLIVOS,Privada,Privado,LIMA,LOS OLIVOS,JIRON GRANATE MZ G LOTE 8,-11.98933,-77.0798
SISE INDEPENDENCIA,2.22,1485762,UNIVERSITY SCHOOL LOS OLIVOS,Privada,Privado,LIMA,LOS OLIVOS,JIRON GRANATE MZ G LOTE 8,-11.98933,-77.0798
SISE INDEPENDENCIA,3.56,1486018,2022 PEDRO ABRAHAM VALDELOMAR PINTO,P£blica de gesti¢n directa,Público,LIMA,LOS OLIVOS,AVENIDA HUANDOY S/N,-11.96328,-77.07692
SISE COMAS,1.52,1486182,INGENIERIA SAN MARTIN DE PORRES,Privada,Privado,LIMA,SAN MARTIN DE PORRES,JIRON JUAN PICHER 168,-11.99888,-77.08572
SISE INDEPENDENCIA,3.02,1486182,INGENIERIA SAN MARTIN DE PORRES,Privada,Privado,LIMA,SAN MARTIN DE PORRES,JIRON JUAN PICHER 168,-11.99888,-77.08572
SISE COMAS,1.89,1486190,MATFISQUI,Privada,Privado,LIMA,SAN MARTIN DE PORRES,JIRON CAJAMARCA 3959- A,-12.026013,-77.090203
SISE COMAS,4.21,1486257,SAN REMO,Privada,Privado,LIMA,SAN MARTIN DE PORRES,MZ C LOTE 7-8,-11.9953,-77.115633
SISE INDEPENDENCIA,4.07,1486265,MODELO SAN CARLOS,Privada,Privado,LIMA,LOS OLIVOS,CALLE SAN RODOLFO 6265 ETAPA II,-11.9561,-77.072733
SISE COMAS,4.31,1486711,SANTO DOMINGO EL PREDICADOR,Privada,Privado,LIMA,SAN MARTIN DE PORRES,MZ A LOTE 3-4,-11.975037,-77.093511
SISE INDEPENDENCIA,4.08,1486711,SANTO DOMINGO EL PREDICADOR,Privada,Privado,LIMA,SAN MARTIN DE PORRES,MZ A LOTE 3-4,-11.975037,-77.093511
SISE COMAS,1.91,1486950,CESAR VALLEJO,Privada,Privado,LIMA,SAN MARTIN DE PORRES,"CALLE CINCO MZ E LOTE 4,5,9,10,11,12, ETAPA II",-11.9979,-77.0912
SISE INDEPENDENCIA,3.56,1486950,CESAR VALLEJO,Privada,Privado,LIMA,SAN MARTIN DE PORRES,"CALLE CINCO MZ E LOTE 4,5,9,10,11,12, ETAPA II",-11.9979,-77.0912
SISE COMAS,3.97,1487040,3054 VIRGEN DE LAS MERCEDES,P£blica de gesti¢n directa,Público,LIMA,SAN MARTIN DE PORRES,PARQUE 1 MZ F-G,-11.9913,-77.1107
SISE INDEPENDENCIA,4.66,1487065,EL NAZARENO,Privada,Privado,LIMA,SAN MARTIN DE PORRES,MZ U LOTE 20-21,-11.9633,-77.0922
SISE COMAS,2.67,1487339,CHRISTIAN BARNARD,Privada,Privado,LIMA,LOS OLIVOS,JIRON ZAFIRO MZ B LOTE 5,-11.98805,-77.07667
SISE INDEPENDENCIA,1.9,1487339,CHRISTIAN BARNARD,Privada,Privado,LIMA,LOS OLIVOS,JIRON ZAFIRO MZ B LOTE 5,-11.98805,-77.07667
SISE COMAS,4.26,1487388,EL MESIAS,Privada,Privado,LIMA,LOS OLIVOS,MZ C LOTE 28,-11.9764,-77.06543
SISE INDEPENDENCIA,1.68,1487388,EL MESIAS,Privada,Privado,LIMA,LOS OLIVOS,MZ C LOTE 28,-11.9764,-77.06543
SISE COMAS,2.92,1487412,MARIA Y JOSE DE LOS OLIVOS,Privada,Privado,LIMA,LOS OLIVOS,AVENIDA UNIVERSITARIA CDRA 42 MZ G LOTE 15,-11.98552,-77.07902
SISE INDEPENDENCIA,2.2,1487412,MARIA Y JOSE DE LOS OLIVOS,Privada,Privado,LIMA,LOS OLIVOS,AVENIDA UNIVERSITARIA CDRA 42 MZ G LOTE 15,-11.98552,-77.07902
SISE INDEPENDENCIA,4.99,1487537,SAN ANTONIO DEL RIMAC,Privada,Privado,LIMA,RIMAC,CALLE CATORCE 280-284,-12.02588,-77.03146
SISE SAN JUAN DE LURIGANCHO,3.1,1487537,SAN ANTONIO DEL RIMAC,Privada,Privado,LIMA,RIMAC,CALLE CATORCE 280-284,-12.02588,-77.03146
SISE COMAS,0.62,1487552,FRIEDERICH GAUSS,Privada,Privado,LIMA,LOS OLIVOS,MZ B LOTE 30,-12.00735,-77.07723
SISE INDEPENDENCIA,2.72,1487552,FRIEDERICH GAUSS,Privada,Privado,LIMA,LOS OLIVOS,MZ B LOTE 30,-12.00735,-77.07723
SISE INDEPENDENCIA,4.7,1487784,NUESTRA SE¥ORA DEL ROSARIO DEL RIMAC,Privada,Privado,LIMA,RIMAC,JIRON MONITOR HUASCAR 350,-12.02619,-77.03658
SISE SAN JUAN DE LURIGANCHO,3.64,1487784,NUESTRA SE¥ORA DEL ROSARIO DEL RIMAC,Privada,Privado,LIMA,RIMAC,JIRON MONITOR HUASCAR 350,-12.02619,-77.03658
SISE COMAS,3.21,1487792,AMERICANA,Privada,Privado,LIMA,INDEPENDENCIA,AVENIDA LOS JAZMINES 171,-12.00132,-77.05321
SISE INDEPENDENCIA,1.4,1487792,AMERICANA,Privada,Privado,LIMA,INDEPENDENCIA,AVENIDA LOS JAZMINES 171,-12.00132,-77.05321
SISE COMAS,3.74,1487818,CRUZ SACO DE UNIVERSITARIA,Privada,Privado,LIMA,LOS OLIVOS,AVENIDA NARANJAL 851,-11.978824,-77.073601
SISE INDEPENDENCIA,2.0,1487818,CRUZ SACO DE UNIVERSITARIA,Privada,Privado,LIMA,LOS OLIVOS,AVENIDA NARANJAL 851,-11.978824,-77.073601
SISE INDEPENDENCIA,4.7,1487933,BAUTISTA,Privada,Privado,LIMA,RIMAC,AVENIDA AMANCAES 701,-12.021983,-77.030867
SISE SAN JUAN DE LURIGANCHO,2.93,1487933,BAUTISTA,Privada,Privado,LIMA,RIMAC,AVENIDA AMANCAES 701,-12.021983,-77.030867
SISE COMAS,3.9,1487990,ROMA,Privada,Privado,LIMA,SAN MARTIN DE PORRES,AVENIDA CANTA CALLAO MZ B LOTE 15,-11.97962,-77.09518
SISE INDEPENDENCIA,4.07,1487990,ROMA,Privada,Privado,LIMA,SAN MARTIN DE PORRES,AVENIDA CANTA CALLAO MZ B LOTE 15,-11.97962,-77.09518
SISE COMAS,2.37,1488295,COLLEGE SAINT MARYS,Privada,Privado,LIMA,SAN MARTIN DE PORRES,JIRON SANTA MARIA ANTONIETA 202,-12.0223,-77.0619
SISE INDEPENDENCIA,3.57,1488295,COLLEGE SAINT MARYS,Privada,Privado,LIMA,SAN MARTIN DE PORRES,JIRON SANTA MARIA ANTONIETA 202,-12.0223,-77.0619
SISE COMAS,4.9,1488410,REINA DE LA PAZ,Privada,Privado,LIMA,SAN MARTIN DE PORRES,MZ B LOTE 8-9 ETAPA I,-11.96867,-77.09053
SISE INDEPENDENCIA,4.15,1488410,REINA DE LA PAZ,Privada,Privado,LIMA,SAN MARTIN DE PORRES,MZ B LOTE 8-9 ETAPA I,-11.96867,-77.09053
SISE COMAS,3.26,1488469,CORAZON DE CRISTO MORADO,Privada,Privado,LIMA,INDEPENDENCIA,CALLE LAS AMAPOLAS 140,-11.99827,-77.05413
SISE INDEPENDENCIA,1.06,1488469,CORAZON DE CRISTO MORADO,Privada,Privado,LIMA,INDEPENDENCIA,CALLE LAS AMAPOLAS 140,-11.99827,-77.05413
SISE COMAS,3.7,1488477,AMISTAD,Privada,Privado,LIMA,SAN MARTIN DE PORRES,AVENIDA CANTA CALLAO MZ D LOTE 37,-11.9868,-77.1034
SISE INDEPENDENCIA,4.8,1488477,AMISTAD,Privada,Privado,LIMA,SAN MARTIN DE PORRES,AVENIDA CANTA CALLAO MZ D LOTE 37,-11.9868,-77.1034
SISE COMAS,4.66,1488527,VIRGEN DEL ROSARIO DEL NARANJAL,Privada,Privado,LIMA,SAN MARTIN DE PORRES,MZ C LOTE 6-7-8-16-17-18,-11.97604,-77.10321
SISE COMAS,2.63,1488535,REINO DE LOS CIELOS DE VALDIVIEZO,Privada,Privado,LIMA,SAN MARTIN DE PORRES,AVENIDA JAVIER DE LUNA PIZARRO 441,-12.02749,-77.0628
SISE INDEPENDENCIA,4.16,1488535,REINO DE LOS CIELOS DE VALDIVIEZO,Privada,Privado,LIMA,SAN MARTIN DE PORRES,AVENIDA JAVIER DE LUNA PIZARRO 441,-12.02749,-77.0628
SISE COMAS,3.14,1488543,IZAGUIRRE DE ARIEL,Privada,Privado,LIMA,INDEPENDENCIA,CALLE LAS GUINDAS 184,-12.00326,-77.05318
SISE INDEPENDENCIA,1.59,1488543,IZAGUIRRE DE ARIEL,Privada,Privado,LIMA,INDEPENDENCIA,CALLE LAS GUINDAS 184,-12.00326,-77.05318
SISE COMAS,2.54,1488634,KENZIT SMP,Privada,Privado,LIMA,SAN MARTIN DE PORRES,MZ N LOTE 18,-11.98885,-77.08194
SISE INDEPENDENCIA,2.46,1488634,KENZIT SMP,Privada,Privado,LIMA,SAN MARTIN DE PORRES,MZ N LOTE 18,-11.98885,-77.08194
SISE SAN JUAN DE LURIGANCHO,2.87,1488659,EMANUEL & DEZA SCHOOL- KENZIT,Privada,Privado,LIMA,RIMAC,CALLE REAL AUDIENCIA 551,-12.0271,-77.0287
SISE SAN MIGUEL,1.45,0245670,MIGUEL GRAU,P£blica de gesti¢n directa,Público,LIMA,MAGDALENA DEL MAR,JIRON LIBERTAD 1025,-12.0895,-77.06857
SISE SANTA BEATRIZ,3.79,0245670,MIGUEL GRAU,P£blica de gesti¢n directa,Público,LIMA,MAGDALENA DEL MAR,JIRON LIBERTAD 1025,-12.0895,-77.06857
SISE CANTUARIAS,4.33,0449496,SOR ROSA LARRABURE,Privada,Privado,LIMA,MAGDALENA DEL MAR,CALLE SAMUEL VELARDE 110,-12.10055,-77.05948
SISE SAN MIGUEL,3.02,0449496,SOR ROSA LARRABURE,Privada,Privado,LIMA,MAGDALENA DEL MAR,CALLE SAMUEL VELARDE 110,-12.10055,-77.05948
SISE SANTA BEATRIZ,3.61,0449496,SOR ROSA LARRABURE,Privada,Privado,LIMA,MAGDALENA DEL MAR,CALLE SAMUEL VELARDE 110,-12.10055,-77.05948
SISE SAN MIGUEL,1.24,0449819,072 SAN MARTIN DE PORRES,P£blica de gesti¢n directa,Público,LIMA,MAGDALENA DEL MAR,AVENIDA INDEPENDENCIA 1277,-12.08718,-77.06889
SISE SANTA BEATRIZ,3.74,0449819,072 SAN MARTIN DE PORRES,P£blica de gesti¢n directa,Público,LIMA,MAGDALENA DEL MAR,AVENIDA INDEPENDENCIA 1277,-12.08718,-77.06889
SISE SAN MIGUEL,1.49,0582320,ROSENTHAL DE LA PUENTE,Privada,Privado,LIMA,MAGDALENA DEL MAR,AVENIDA BENITO LAZO 575,-12.09258,-77.07371
SISE SANTA BEATRIZ,4.43,0582320,ROSENTHAL DE LA PUENTE,Privada,Privado,LIMA,MAGDALENA DEL MAR,AVENIDA BENITO LAZO 575,-12.09258,-77.07371
SISE SAN MIGUEL,1.04,0601856,ANGELICA RECHARTE,Privada,Privado,LIMA,MAGDALENA DEL MAR,JIRON CASTILLA 983,-12.08782,-77.07268
SISE SANTA BEATRIZ,4.15,0601856,ANGELICA RECHARTE,Privada,Privado,LIMA,MAGDALENA DEL MAR,JIRON CASTILLA 983,-12.08782,-77.07268
SISE CANTUARIAS,4.88,0643965,ATUSPARIA,Privada,Privado,LIMA,MAGDALENA DEL MAR,JIRON CMTE. JIMENEZ 244,-12.0943,-77.06116
SISE SAN MIGUEL,2.39,0643965,ATUSPARIA,Privada,Privado,LIMA,MAGDALENA DEL MAR,JIRON CMTE. JIMENEZ 244,-12.0943,-77.06116
SISE SANTA BEATRIZ,3.31,0643965,ATUSPARIA,Privada,Privado,LIMA,MAGDALENA DEL MAR,JIRON CMTE. JIMENEZ 244,-12.0943,-77.06116
SISE SAN MIGUEL,1.79,0751230,1088 FRANCISCO BOLOGNESI,P£blica de gesti¢n directa,Público,LIMA,MAGDALENA DEL MAR,AVENIDA SUCRE 445,-12.0949,-77.07184
SISE SANTA BEATRIZ,4.35,0751230,1088 FRANCISCO BOLOGNESI,P£blica de gesti¢n directa,Público,LIMA,MAGDALENA DEL MAR,AVENIDA SUCRE 445,-12.0949,-77.07184
SISE CANTUARIAS,3.43,0314476,SAN AGUSTIN,Privada,Privado,LIMA,SAN ISIDRO,AVENIDA JAVIER PRADO ESTE 980,-12.09073,-77.02077
SISE SANTA BEATRIZ,2.19,0314476,SAN AGUSTIN,Privada,Privado,LIMA,SAN ISIDRO,AVENIDA JAVIER PRADO ESTE 980,-12.09073,-77.02077
SISE CANTUARIAS,2.46,0340224,1071 ALFONSO UGARTE,P£blica de gesti¢n directa,Público,LIMA,SAN ISIDRO,AVENIDA PASEO DE LA REPUBLICA 3530,-12.099079,-77.026985
SISE SANTA BEATRIZ,2.57,0340224,1071 ALFONSO UGARTE,P£blica de gesti¢n directa,Público,LIMA,SAN ISIDRO,AVENIDA PASEO DE LA REPUBLICA 3530,-12.099079,-77.026985
SISE CANTUARIAS,3.99,0340570,CRISTO REDENTOR,Privada,Privado,LIMA,SAN ISIDRO,AVENIDA JUAN DELLIPIANI 151,-12.09918,-77.05464
SISE SAN MIGUEL,3.28,0340570,CRISTO REDENTOR,Privada,Privado,LIMA,SAN ISIDRO,AVENIDA JUAN DELLIPIANI 151,-12.09918,-77.05464
SISE SANTA BEATRIZ,3.14,0340570,CRISTO REDENTOR,Privada,Privado,LIMA,SAN ISIDRO,AVENIDA JUAN DELLIPIANI 151,-12.09918,-77.05464
SISE CANTUARIAS,3.62,0343509,LEON PINELO,Privada,Privado,LIMA,SAN ISIDRO,CALLE MAIMONIDES 610,-12.102417,-77.052896
SISE SAN MIGUEL,3.67,0343509,LEON PINELO,Privada,Privado,LIMA,SAN ISIDRO,CALLE MAIMONIDES 610,-12.102417,-77.052896
SISE SANTA BEATRIZ,3.31,0343509,LEON PINELO,Privada,Privado,LIMA,SAN ISIDRO,CALLE MAIMONIDES 610,-12.102417,-77.052896
SISE CANTUARIAS,1.85,0343558,MARIA REINA MARIANISTAS,Privada,Privado,LIMA,SAN ISIDRO,AVENIDA PARDO Y ALIAGA 321,-12.108165,-77.036264
SISE SANTA BEATRIZ,3.39,0343558,MARIA REINA MARIANISTAS,Privada,Privado,LIMA,SAN ISIDRO,AVENIDA PARDO Y ALIAGA 321,-12.108165,-77.036264
SISE CANTUARIAS,3.82,0424812,ISABEL FLORES DE OLIVA,Privada,Privado,LIMA,SAN ISIDRO,CALLE DELLEPIANE 530,-12.10351,-77.05583
SISE SAN MIGUEL,3.53,0424812,ISABEL FLORES DE OLIVA,Privada,Privado,LIMA,SAN ISIDRO,CALLE DELLEPIANE 530,-12.10351,-77.05583
SISE SANTA BEATRIZ,3.6,0424812,ISABEL FLORES DE OLIVA,Privada,Privado,LIMA,SAN ISIDRO,CALLE DELLEPIANE 530,-12.10351,-77.05583
SISE CANTUARIAS,2.16,0449454,SANTA ROSA,Privada,Privado,LIMA,SAN ISIDRO,AVENIDA PROLONG ARENALES 420,-12.1032,-77.0332
SISE SANTA BEATRIZ,2.85,0449454,SANTA ROSA,Privada,Privado,LIMA,SAN ISIDRO,AVENIDA PROLONG ARENALES 420,-12.1032,-77.0332
SISE CANTUARIAS,4.68,0449520,SAGRADO CORAZON SOPHIANUM,Privada,Privado,LIMA,SAN ISIDRO,AVENIDA SALAVERRY 2100,-12.08606,-77.04934
SISE SAN MIGUEL,3.12,0449520,SAGRADO CORAZON SOPHIANUM,Privada,Privado,LIMA,SAN ISIDRO,AVENIDA SALAVERRY 2100,-12.08606,-77.04934
SISE SANTA BEATRIZ,1.73,0449520,SAGRADO CORAZON SOPHIANUM,Privada,Privado,LIMA,SAN ISIDRO,AVENIDA SALAVERRY 2100,-12.08606,-77.04934
SISE CANTUARIAS,3.01,0449538,DE LOS SAGRADOS CORAZONES BELEN,Privada,Privado,LIMA,SAN ISIDRO,AVENIDA ALVAREZ CALDERON 761,-12.10346,-77.04653
SISE SAN MIGUEL,4.26,0449538,DE LOS SAGRADOS CORAZONES BELEN,Privada,Privado,LIMA,SAN ISIDRO,AVENIDA ALVAREZ CALDERON 761,-12.10346,-77.04653
SISE SANTA BEATRIZ,3.09,0449538,DE LOS SAGRADOS CORAZONES BELEN,Privada,Privado,LIMA,SAN ISIDRO,AVENIDA ALVAREZ CALDERON 761,-12.10346,-77.04653
SISE CANTUARIAS,2.87,0449975,REINA DE LA PAZ,Privada,Privado,LIMA,SAN ISIDRO,AVENIDA ALFREDO SALAZAR 1290,-12.10651,-77.04741
SISE SAN MIGUEL,4.41,0449975,REINA DE LA PAZ,Privada,Privado,LIMA,SAN ISIDRO,AVENIDA ALFREDO SALAZAR 1290,-12.10651,-77.04741
SISE SANTA BEATRIZ,3.44,0449975,REINA DE LA PAZ,Privada,Privado,LIMA,SAN ISIDRO,AVENIDA ALFREDO SALAZAR 1290,-12.10651,-77.04741
SISE SAN MIGUEL,1.84,0911552,SAN JUAN MARIA VIANNEY,Privada,Privado,LIMA,MAGDALENA DEL MAR,JIRON RICARDO REY BASADRE 158,-12.09347,-77.06797
SISE SANTA BEATRIZ,3.9,0911552,SAN JUAN MARIA VIANNEY,Privada,Privado,LIMA,MAGDALENA DEL MAR,JIRON RICARDO REY BASADRE 158,-12.09347,-77.06797
SISE CANTUARIAS,2.56,0827022,NUESTRA SE¥ORA DE LA LUZ,Privada,Privado,LIMA,SAN ISIDRO,AVENIDA REPUBLICA DE COLOMBIA 460,-12.0986,-77.02999
SISE SANTA BEATRIZ,2.41,0827022,NUESTRA SE¥ORA DE LA LUZ,Privada,Privado,LIMA,SAN ISIDRO,AVENIDA REPUBLICA DE COLOMBIA 460,-12.0986,-77.02999
SISE SAN MIGUEL,1.9,0827469,NUESTRA SE¥ORA DE LA PAZ,Privada,Privado,LIMA,MAGDALENA DEL MAR,JIRON TACNA 250,-12.09633,-77.07322
SISE SANTA BEATRIZ,4.56,0827469,NUESTRA SE¥ORA DE LA PAZ,Privada,Privado,LIMA,MAGDALENA DEL MAR,JIRON TACNA 250,-12.09633,-77.07322
SISE CANTUARIAS,4.13,0827113,BERKELEY SCHOOL,Privada,Privado,LIMA,SAN ISIDRO,JIRON JUAN ELESPURU 402,-12.09638,-77.05388
SISE SAN MIGUEL,3.15,0827113,BERKELEY SCHOOL,Privada,Privado,LIMA,SAN ISIDRO,JIRON JUAN ELESPURU 402,-12.09638,-77.05388
SISE SANTA BEATRIZ,2.85,0827113,BERKELEY SCHOOL,Privada,Privado,LIMA,SAN ISIDRO,JIRON JUAN ELESPURU 402,-12.09638,-77.05388
SISE COMAS,4.69,0334656,0040 HIPOLITO UNANUE,P£blica de gesti¢n directa,Público,LIMA,LIMA,AVENIDA ELVIRA GARCIA Y GARCIA S/N,-12.05265,-77.0704
SISE SAN MIGUEL,3.1,0334656,0040 HIPOLITO UNANUE,P£blica de gesti¢n directa,Público,LIMA,LIMA,AVENIDA ELVIRA GARCIA Y GARCIA S/N,-12.05265,-77.0704
SISE SANTA BEATRIZ,4.67,0334656,0040 HIPOLITO UNANUE,P£blica de gesti¢n directa,Público,LIMA,LIMA,AVENIDA ELVIRA GARCIA Y GARCIA S/N,-12.05265,-77.0704
SISE COMAS,4.07,0334706,MERCEDES CABELLO DE CARBONERA,P£blica de gesti¢n directa,Público,LIMA,RIMAC,AVENIDA TUPAC AMARU 150-220,-12.0262,-77.0464
SISE INDEPENDENCIA,4.24,0334706,MERCEDES CABELLO DE CARBONERA,P£blica de gesti¢n directa,Público,LIMA,RIMAC,AVENIDA TUPAC AMARU 150-220,-12.0262,-77.0464
SISE SAN JUAN DE LURIGANCHO,4.68,0334706,MERCEDES CABELLO DE CARBONERA,P£blica de gesti¢n directa,Público,LIMA,RIMAC,AVENIDA TUPAC AMARU 150-220,-12.0262,-77.0464
SISE SAN JUAN DE LURIGANCHO,3.78,0334730,PNP CAP. ALIPIO PONCE VASQUEZ,P£blica de gesti¢n directa,Público,LIMA,LIMA,AVENIDA SEBASTIAN LORENTE 769,-12.050325,-77.012703
SISE SANTA BEATRIZ,3.95,0334730,PNP CAP. ALIPIO PONCE VASQUEZ,P£blica de gesti¢n directa,Público,LIMA,LIMA,AVENIDA SEBASTIAN LORENTE 769,-12.050325,-77.012703
SISE SAN JUAN DE LURIGANCHO,3.73,0334748,PNP TUPAC AMARU,P£blica de gesti¢n directa,Público,LIMA,LIMA,AVENIDA SEBASTIAN LORENTE 731,-12.04982,-77.01277
SISE SANTA BEATRIZ,3.99,0334748,PNP TUPAC AMARU,P£blica de gesti¢n directa,Público,LIMA,LIMA,AVENIDA SEBASTIAN LORENTE 731,-12.04982,-77.01277
SISE SAN MIGUEL,4.74,0336495,NUESTRA SE¥ORA DE GUADALUPE,P£blica de gesti¢n directa,Público,LIMA,LIMA,AVENIDA ALFONSO UGARTE 1227,-12.05502,-77.04175
SISE SANTA BEATRIZ,2.6,0336495,NUESTRA SE¥ORA DE GUADALUPE,P£blica de gesti¢n directa,Público,LIMA,LIMA,AVENIDA ALFONSO UGARTE 1227,-12.05502,-77.04175
SISE SANTA BEATRIZ,4.19,0336511,105 PEDRO CORONADO ARRASCUE,P£blica de gesti¢n directa,Público,LIMA,LIMA,AVENIDA ALFONSO UGARTE 120,-12.04086,-77.0443
SISE SAN JUAN DE LURIGANCHO,4.33,0336537,NUESTRA SE¥ORA DE MONTSERRAT,P£blica de gesti¢n directa,Público,LIMA,LIMA,JIRON CONDE DE SUPERUNDA 466,-12.04277,-77.03447
SISE SANTA BEATRIZ,3.88,0336537,NUESTRA SE¥ORA DE MONTSERRAT,P£blica de gesti¢n directa,Público,LIMA,LIMA,JIRON CONDE DE SUPERUNDA 466,-12.04277,-77.03447
SISE COMAS,4.66,0336560,1148 JUANA INFANTES VERA,P£blica de gesti¢n directa,Público,LIMA,LIMA,BLOCK 52 A,-12.05351,-77.08315
SISE SAN MIGUEL,2.98,0336560,1148 JUANA INFANTES VERA,P£blica de gesti¢n directa,Público,LIMA,LIMA,BLOCK 52 A,-12.05351,-77.08315
SISE COMAS,3.73,0336594,JUAN PABLO VIZCARDO Y GUZMAN,P£blica de gesti¢n directa,Público,LIMA,LIMA,AVENIDA NICOLAS DUE¥AS 555,-12.041475,-77.065068
SISE SAN MIGUEL,4.45,0336594,JUAN PABLO VIZCARDO Y GUZMAN,P£blica de gesti¢n directa,Público,LIMA,LIMA,AVENIDA NICOLAS DUE¥AS 555,-12.041475,-77.065068
SISE COMAS,4.51,0336602,1166 LIBERTADOR SIMON BOLIVAR,P£blica de gesti¢n directa,Público,LIMA,LIMA,JIRON RAMON CARCAMO 195,-12.040281,-77.051309
SISE SANTA BEATRIZ,4.48,0336602,1166 LIBERTADOR SIMON BOLIVAR,P£blica de gesti¢n directa,Público,LIMA,LIMA,JIRON RAMON CARCAMO 195,-12.040281,-77.051309
SISE COMAS,4.76,0336883,FRAY LUIS DE LEON,Privada,Privado,LIMA,LIMA,JIRON JUAN OLAECHEA ARNAO 1381,-12.05399,-77.07401
SISE SAN MIGUEL,2.88,0336883,FRAY LUIS DE LEON,Privada,Privado,LIMA,LIMA,JIRON JUAN OLAECHEA ARNAO 1381,-12.05399,-77.07401
SISE SANTA BEATRIZ,4.91,0336883,FRAY LUIS DE LEON,Privada,Privado,LIMA,LIMA,JIRON JUAN OLAECHEA ARNAO 1381,-12.05399,-77.07401
SISE SAN MIGUEL,5.0,0336990,LIMA SAN CARLOS,Privada,Privado,LIMA,LIMA,AVENIDA URUGUAY 384-390,-12.05415,-77.03947
SISE SANTA BEATRIZ,2.64,0336990,LIMA SAN CARLOS,Privada,Privado,LIMA,LIMA,AVENIDA URUGUAY 384-390,-12.05415,-77.03947
SISE SAN MIGUEL,3.98,0337030,ASOCIACION COLEGIO MARIA ALVARADO,Privada,Privado,LIMA,LIMA,AVENIDA 28 DE JULIO 249,-12.06495,-77.04391
SISE SANTA BEATRIZ,1.66,0337030,ASOCIACION COLEGIO MARIA ALVARADO,Privada,Privado,LIMA,LIMA,AVENIDA 28 DE JULIO 249,-12.06495,-77.04391
SISE SAN MIGUEL,4.76,0337238,SAN ANDRES,Privada,Privado,LIMA,LIMA,AVENIDA PETIT THOUARS 179,-12.06483,-77.03619
SISE SANTA BEATRIZ,1.43,0337238,SAN ANDRES,Privada,Privado,LIMA,LIMA,AVENIDA PETIT THOUARS 179,-12.06483,-77.03619
SISE SAN MIGUEL,3.4,0337253,SANTA ISABEL DE HUNGRIA,Privada,Privado,LIMA,LIMA,AVENIDA NACIONES UNIDAS 1678,-12.05328,-77.06148
SISE SANTA BEATRIZ,3.88,0337253,SANTA ISABEL DE HUNGRIA,Privada,Privado,LIMA,LIMA,AVENIDA NACIONES UNIDAS 1678,-12.05328,-77.06148
SISE SAN JUAN DE LURIGANCHO,4.21,0337287,SANTO TOMAS DE AQUINO,Privada,Privado,LIMA,LIMA,CALLE RINCONADA DE SANTO DOMINGO 209,-12.04303,-77.03274
SISE SANTA BEATRIZ,3.87,0337287,SANTO TOMAS DE AQUINO,Privada,Privado,LIMA,LIMA,CALLE RINCONADA DE SANTO DOMINGO 209,-12.04303,-77.03274
SISE SANTA BEATRIZ,3.34,0337295,SANTA MARIA REYNA,Privada,Privado,LIMA,LIMA,JIRON JUNIN 1038,-12.04801,-77.04046
SISE SAN JUAN DE LURIGANCHO,4.02,0337303,SE¥OR DE LA MISERICORDIA,Privada,Privado,LIMA,LIMA,JIRON JUNIN 1458,-12.05193,-77.01502
SISE SANTA BEATRIZ,3.65,0337303,SE¥OR DE LA MISERICORDIA,Privada,Privado,LIMA,LIMA,JIRON JUNIN 1458,-12.05193,-77.01502
SISE SAN MIGUEL,4.92,0337568,ARGENTINA,P£blica de gesti¢n directa,Público,LIMA,LIMA,AVENIDA ALFONSO UGARTE 1011,-12.0519,-77.04201
SISE SANTA BEATRIZ,2.94,0337568,ARGENTINA,P£blica de gesti¢n directa,Público,LIMA,LIMA,AVENIDA ALFONSO UGARTE 1011,-12.0519,-77.04201
SISE SAN JUAN DE LURIGANCHO,4.04,0337592,25 NUESTRA SE¥ORA DE LA INMACULADA CONCEPCION,P£blica de gesti¢n directa,Público,LIMA,LIMA,JIRON JUNIN 1238,-12.05138,-77.0173
SISE SANTA BEATRIZ,3.56,0337592,25 NUESTRA SE¥ORA DE LA INMACULADA CONCEPCION,P£blica de gesti¢n directa,Público,LIMA,LIMA,JIRON JUNIN 1238,-12.05138,-77.0173
SISE SAN JUAN DE LURIGANCHO,3.51,0337741,022 REPUBLICA DE GUATEMALA,P£blica de gesti¢n directa,Público,LIMA,LIMA,JIRON MANUEL PARDO 225,-12.04685,-77.01556
SISE SANTA BEATRIZ,4.08,0337741,022 REPUBLICA DE GUATEMALA,P£blica de gesti¢n directa,Público,LIMA,LIMA,JIRON MANUEL PARDO 225,-12.04685,-77.01556
SISE SAN MIGUEL,4.98,0466383,0035 NUESTRA SE¥ORA DE LA VISITACION,P£blica de gesti¢n directa,Público,LIMA,LIMA,JIRON PACASMAYO 550,-12.046186,-77.046883
SISE SANTA BEATRIZ,3.7,0466383,0035 NUESTRA SE¥ORA DE LA VISITACION,P£blica de gesti¢n directa,Público,LIMA,LIMA,JIRON PACASMAYO 550,-12.046186,-77.046883
SISE SAN MIGUEL,2.18,0466722,SIMON BOLIVAR,P£blica de gesti¢n directa,Público,LIMA,LIMA,JIRON SANTA JUSTINA S/N,-12.0618,-77.06906
SISE SANTA BEATRIZ,4.01,0466722,SIMON BOLIVAR,P£blica de gesti¢n directa,Público,LIMA,LIMA,JIRON SANTA JUSTINA S/N,-12.0618,-77.06906
SISE SAN JUAN DE LURIGANCHO,3.74,0476697,NUESTRA SE¥ORA DE LAS MERCEDES,Privada,Privado,LIMA,LIMA,JIRON MAYNAS 540,-12.04846,-77.01722
SISE SANTA BEATRIZ,3.83,0476697,NUESTRA SE¥ORA DE LAS MERCEDES,Privada,Privado,LIMA,LIMA,JIRON MAYNAS 540,-12.04846,-77.01722
SISE SAN JUAN DE LURIGANCHO,3.3,0496695,NI¥O JESUS DE PRAGA,Privada,Privado,LIMA,LIMA,JIRON CONCHUCOS 278,-12.04609,-77.01147
SISE SANTA BEATRIZ,4.4,0496695,NI¥O JESUS DE PRAGA,Privada,Privado,LIMA,LIMA,JIRON CONCHUCOS 278,-12.04609,-77.01147
SISE SAN JUAN DE LURIGANCHO,4.69,0501676,1049 JUANA ALARCO DE DAMMERT,P£blica de gesti¢n directa,Público,LIMA,LIMA,JIRON CUZCO 426,-12.05116,-77.03003
SISE SANTA BEATRIZ,3.02,0501676,1049 JUANA ALARCO DE DAMMERT,P£blica de gesti¢n directa,Público,LIMA,LIMA,JIRON CUZCO 426,-12.05116,-77.03003
SISE SAN JUAN DE LURIGANCHO,4.01,0511105,NUESTRA SE¥ORA DEL PRADO,Privada,Privado,LIMA,LIMA,JIRON JUNIN 1411,-12.05183,-77.01496
SISE SANTA BEATRIZ,3.67,0511105,NUESTRA SE¥ORA DEL PRADO,Privada,Privado,LIMA,LIMA,JIRON JUNIN 1411,-12.05183,-77.01496
SISE COMAS,4.75,0511295,SANTISIMA TRINIDAD,Privada,Privado,LIMA,LIMA,JIRON HOLANDA 2456,-12.05127,-77.0644
SISE SAN MIGUEL,3.45,0511295,SANTISIMA TRINIDAD,Privada,Privado,LIMA,LIMA,JIRON HOLANDA 2456,-12.05127,-77.0644
SISE SANTA BEATRIZ,4.27,0511295,SANTISIMA TRINIDAD,Privada,Privado,LIMA,LIMA,JIRON HOLANDA 2456,-12.05127,-77.0644
SISE SAN MIGUEL,1.71,0526111,JOSE ANTONIO ENCINAS,Privada,Privado,LIMA,MAGDALENA DEL MAR,JIRON TACNA 465,-12.09433,-77.0727
SISE SANTA BEATRIZ,4.41,0526111,JOSE ANTONIO ENCINAS,Privada,Privado,LIMA,MAGDALENA DEL MAR,JIRON TACNA 465,-12.09433,-77.0727
SISE SAN MIGUEL,2.39,0535526,SAN CLEMENTE,Privada,Privado,LIMA,JESUS MARIA,AVENIDA ARNALDO MARQUEZ 2047,-12.08095,-77.05536
SISE SANTA BEATRIZ,2.15,0535526,SAN CLEMENTE,Privada,Privado,LIMA,JESUS MARIA,AVENIDA ARNALDO MARQUEZ 2047,-12.08095,-77.05536
SISE SAN JUAN DE LURIGANCHO,3.54,0555847,1037 RAMON ESPINOZA,P£blica de gesti¢n directa,Público,LIMA,LIMA,JIRON ANCASH 1254,-12.04673,-77.01667
SISE SANTA BEATRIZ,4.03,0555847,1037 RAMON ESPINOZA,P£blica de gesti¢n directa,Público,LIMA,LIMA,JIRON ANCASH 1254,-12.04673,-77.01667
SISE SAN JUAN DE LURIGANCHO,4.63,0556332,103 LUIS ARMANDO CABELLO HURTADO,P£blica de gesti¢n directa,Público,LIMA,LIMA,PASAJE ALTO DE LA ALIANZA S/N,-12.05834,-77.01134
SISE SANTA BEATRIZ,3.43,0556332,103 LUIS ARMANDO CABELLO HURTADO,P£blica de gesti¢n directa,Público,LIMA,LIMA,PASAJE ALTO DE LA ALIANZA S/N,-12.05834,-77.01134
SISE COMAS,2.84,0578310,CESAR VALLEJO,Privada,Privado,LIMA,LIMA,CALLE MATEO AGUILAR 175-179 MZ 37 LOTE 11,-12.03643,-77.07412
SISE SAN MIGUEL,4.82,0578310,CESAR VALLEJO,Privada,Privado,LIMA,LIMA,CALLE MATEO AGUILAR 175-179 MZ 37 LOTE 11,-12.03643,-77.07412
SISE COMAS,4.37,0578336,1160 JOSE FAUSTINO SANCHEZ CARRION,P£blica de gesti¢n directa,Público,LIMA,LIMA,JIRON REPUBLICA DEL ECUADOR 605,-12.0427,-77.0561
SISE SAN MIGUEL,4.71,0578336,1160 JOSE FAUSTINO SANCHEZ CARRION,P£blica de gesti¢n directa,Público,LIMA,LIMA,JIRON REPUBLICA DEL ECUADOR 605,-12.0427,-77.0561
SISE SANTA BEATRIZ,4.47,0578336,1160 JOSE FAUSTINO SANCHEZ CARRION,P£blica de gesti¢n directa,Público,LIMA,LIMA,JIRON REPUBLICA DEL ECUADOR 605,-12.0427,-77.0561
SISE COMAS,4.18,0578351,1156 JOSE SEBASTIAN BARRANCA LOVERA,P£blica de gesti¢n directa,Público,LIMA,LIMA,JIRON HUARANCAYO 168,-12.03836,-77.05367
SISE SANTA BEATRIZ,4.78,0578351,1156 JOSE SEBASTIAN BARRANCA LOVERA,P£blica de gesti¢n directa,Público,LIMA,LIMA,JIRON HUARANCAYO 168,-12.03836,-77.05367
SISE SAN MIGUEL,2.25,0578393,1021 REPUBLICA FEDERAL DE ALEMANIA,P£blica de gesti¢n directa,Público,LIMA,LIMA,AVENIDA BELISARIO SOSA PELAEZ 1550,-12.0644,-77.06369
SISE SANTA BEATRIZ,3.36,0578393,1021 REPUBLICA FEDERAL DE ALEMANIA,P£blica de gesti¢n directa,Público,LIMA,LIMA,AVENIDA BELISARIO SOSA PELAEZ 1550,-12.0644,-77.06369
SISE SAN JUAN DE LURIGANCHO,3.93,0578401,111 SAN JOSE DE ARTESANOS,P£blica de gesti¢n directa,Público,LIMA,LIMA,JIRON AYACUCHO 179,-12.04645,-77.02476
SISE SANTA BEATRIZ,3.68,0578401,111 SAN JOSE DE ARTESANOS,P£blica de gesti¢n directa,Público,LIMA,LIMA,JIRON AYACUCHO 179,-12.04645,-77.02476
SISE SAN JUAN DE LURIGANCHO,4.94,0578435,1146 REPUBLICA DEL PARAGUAY,P£blica de gesti¢n directa,Público,LIMA,LIMA,AVENIDA EMANCIPACION 731,-12.04518,-77.03971
SISE SANTA BEATRIZ,3.64,0578435,1146 REPUBLICA DEL PARAGUAY,P£blica de gesti¢n directa,Público,LIMA,LIMA,AVENIDA EMANCIPACION 731,-12.04518,-77.03971
SISE SAN MIGUEL,4.73,0632471,1001 JOSE JIMENEZ BORJA,P£blica de gesti¢n directa,Público,LIMA,LIMA,JIRON WASHINGTON 1454,-12.05908,-77.03922
SISE SANTA BEATRIZ,2.1,0632471,1001 JOSE JIMENEZ BORJA,P£blica de gesti¢n directa,Público,LIMA,LIMA,JIRON WASHINGTON 1454,-12.05908,-77.03922
SISE SANTA BEATRIZ,2.57,0642801,1035 JOSE DEL CARMEN MARIN ARISTA,P£blica de gesti¢n directa,Público,LIMA,LIMA,AVENIDA NICOLAS DE PIEROLA 1533,-12.05579,-77.02819
SISE SAN JUAN DE LURIGANCHO,3.93,0644856,INMACULADA VIRGEN DEL TRANSITO,Privada,Privado,LIMA,LIMA,JIRON HUARI 660,-12.05132,-77.0142
SISE SANTA BEATRIZ,3.76,0644856,INMACULADA VIRGEN DEL TRANSITO,Privada,Privado,LIMA,LIMA,JIRON HUARI 660,-12.05132,-77.0142
SISE SAN JUAN DE LURIGANCHO,3.71,0644880,0099 OSCAR MIRO QUESADA DE LA GUERRA,P£blica de gesti¢n directa,Público,LIMA,LIMA,JIRON PARURO 231,-12.04595,-77.02188
SISE SANTA BEATRIZ,3.84,0644880,0099 OSCAR MIRO QUESADA DE LA GUERRA,P£blica de gesti¢n directa,Público,LIMA,LIMA,JIRON PARURO 231,-12.04595,-77.02188
SISE COMAS,2.92,0644914,SE¥OR DE LUREN,Privada,Privado,LIMA,LIMA,JIRON CRESPO Y CASTILLO 2401,-12.03663,-77.07231
SISE SAN MIGUEL,4.82,0644914,SE¥OR DE LUREN,Privada,Privado,LIMA,LIMA,JIRON CRESPO Y CASTILLO 2401,-12.03663,-77.07231
SISE COMAS,2.84,0645093,NUESTRA SE¥ORA DE LA MERCED,Privada,Privado,LIMA,LIMA,JIRON PEREZ DE TUDELA 2474,-12.03605,-77.0729
SISE SAN MIGUEL,4.87,0645093,NUESTRA SE¥ORA DE LA MERCED,Privada,Privado,LIMA,LIMA,JIRON PEREZ DE TUDELA 2474,-12.03605,-77.0729
SISE SANTA BEATRIZ,1.82,0728055,1030 REPUBLICA DE BOLIVIA,P£blica de gesti¢n directa,Público,LIMA,LA VICTORIA,AVENIDA 28 DE JULIO 1443,-12.06293,-77.02867
SISE SAN JUAN DE LURIGANCHO,4.5,0739367,NUESTRA SE¥ORA DE MONTSERRAT,Privada,Privado,LIMA,LIMA,JIRON LIMA 653,-12.042483,-77.036749
SISE SANTA BEATRIZ,3.91,0739367,NUESTRA SE¥ORA DE MONTSERRAT,Privada,Privado,LIMA,LIMA,JIRON LIMA 653,-12.042483,-77.036749
SISE COMAS,2.84,0763771,1157 JULIO CESAR TELLO ROJAS,P£blica de gesti¢n directa,Público,LIMA,LIMA,AVENIDA JOAQUIN CAPELLO 3110,-12.03722,-77.0801
SISE SAN MIGUEL,4.73,0763771,1157 JULIO CESAR TELLO ROJAS,P£blica de gesti¢n directa,Público,LIMA,LIMA,AVENIDA JOAQUIN CAPELLO 3110,-12.03722,-77.0801
SISE SAN JUAN DE LURIGANCHO,1.85,0763789,VISION MUNDIAL,P£blica de gesti¢n directa,Público,LIMA,LIMA,CARRETERA VIA EVITAMIENTO KM.4.5 MZ L LOTE 1-2,-12.0327,-77.0107
SISE SAN JUAN DE LURIGANCHO,4.2,0497081,1028 REPUBLICA ARGENTINA,P£blica de gesti¢n directa,Público,LIMA,LIMA,JIRON MIROQUESADA 1340,-12.05314,-77.01645
SISE SANTA BEATRIZ,3.45,0497081,1028 REPUBLICA ARGENTINA,P£blica de gesti¢n directa,Público,LIMA,LIMA,JIRON MIROQUESADA 1340,-12.05314,-77.01645
SISE COMAS,4.84,1049055,INMACULADA DE LAS NIEVES,Privada,Privado,LIMA,LIMA,AVENIDA LUIS BRAILLE 1437,-12.053,-77.06663
SISE SAN MIGUEL,3.18,1049055,INMACULADA DE LAS NIEVES,Privada,Privado,LIMA,LIMA,AVENIDA LUIS BRAILLE 1437,-12.053,-77.06663
SISE SANTA BEATRIZ,4.32,1049055,INMACULADA DE LAS NIEVES,Privada,Privado,LIMA,LIMA,AVENIDA LUIS BRAILLE 1437,-12.053,-77.06663
SISE SAN MIGUEL,3.45,1049097,INTERNACIONAL ELIM,Privada,Privado,LIMA,BRE¥A,CALLE CHAMAYA 980-990,-12.056915,-77.055766
SISE SANTA BEATRIZ,3.16,1049097,INTERNACIONAL ELIM,Privada,Privado,LIMA,BRE¥A,CALLE CHAMAYA 980-990,-12.056915,-77.055766
SISE SAN MIGUEL,4.41,1049337,ELIM,Privada,Privado,LIMA,LIMA,JIRON PALCA 128,-12.0632,-77.0404
SISE SANTA BEATRIZ,1.68,1049337,ELIM,Privada,Privado,LIMA,LIMA,JIRON PALCA 128,-12.0632,-77.0404
SISE SAN JUAN DE LURIGANCHO,4.56,1049493,SANTA ZOILA,Privada,Privado,LIMA,LIMA,JIRON HUANTA 1011,-12.05392,-77.02327
SISE SANTA BEATRIZ,2.98,1049493,SANTA ZOILA,Privada,Privado,LIMA,LIMA,JIRON HUANTA 1011,-12.05392,-77.02327
SISE COMAS,1.52,1049816,MASTER CIENCIAS II,Privada,Privado,LIMA,SAN MARTIN DE PORRES,JIRON JUAN PICHERT 168 ETAPA II,-11.99882,-77.08534
SISE INDEPENDENCIA,2.98,1049816,MASTER CIENCIAS II,Privada,Privado,LIMA,SAN MARTIN DE PORRES,JIRON JUAN PICHERT 168 ETAPA II,-11.99882,-77.08534
SISE SAN JUAN DE LURIGANCHO,4.3,1072727,1168 HEROES DEL CENEPA,P£blica de gesti¢n directa,Público,LIMA,LIMA,JIRON HUALLAGA 878,-12.05144,-77.02293
SISE SANTA BEATRIZ,3.24,1072727,1168 HEROES DEL CENEPA,P£blica de gesti¢n directa,Público,LIMA,LIMA,JIRON HUALLAGA 878,-12.05144,-77.02293
SISE CANTUARIAS,3.49,1169234,VILLARREAL,Privada,Privado,LIMA,SAN ISIDRO,AVENIDA AREQUIPA 2633,-12.09078,-77.03341
SISE SAN MIGUEL,4.93,1169234,VILLARREAL,Privada,Privado,LIMA,SAN ISIDRO,AVENIDA AREQUIPA 2633,-12.09078,-77.03341
SISE SANTA BEATRIZ,1.48,1169234,VILLARREAL,Privada,Privado,LIMA,SAN ISIDRO,AVENIDA AREQUIPA 2633,-12.09078,-77.03341
SISE CANTUARIAS,3.1,1057553,JOHN NEPER,Privada,Privado,LIMA,SAN ISIDRO,AVENIDA JOSE GALVEZ BARRENECHEA 525,-12.09636,-77.01262
SISE SANTA BEATRIZ,3.28,1057553,JOHN NEPER,Privada,Privado,LIMA,SAN ISIDRO,AVENIDA JOSE GALVEZ BARRENECHEA 525,-12.09636,-77.01262
SISE SAN MIGUEL,1.99,0334680,PEDRO GALVEZ EGUSQUIZA,P£blica de gesti¢n directa,Público,LIMA,LIMA,CALLE EMILIO GARCIA ROSELL 670,-12.06429,-77.06796
SISE SANTA BEATRIZ,3.79,0334680,PEDRO GALVEZ EGUSQUIZA,P£blica de gesti¢n directa,Público,LIMA,LIMA,CALLE EMILIO GARCIA ROSELL 670,-12.06429,-77.06796
SISE SAN MIGUEL,1.57,0334771,JOSE SANTOS CHOCANO,P£blica de gesti¢n directa,Público,LIMA,PUEBLO LIBRE,JIRON GALLESSE 246,-12.08037,-77.06285
SISE SANTA BEATRIZ,2.94,0334771,JOSE SANTOS CHOCANO,P£blica de gesti¢n directa,Público,LIMA,PUEBLO LIBRE,JIRON GALLESSE 246,-12.08037,-77.06285
SISE SAN MIGUEL,1.51,0336669,AGUSTINIANO SAN MARTIN DE PORRES,Privada,Privado,LIMA,PUEBLO LIBRE,AVENIDA GENERAL VIVANCO 911,-12.07766,-77.06351
SISE SANTA BEATRIZ,3.0,0336669,AGUSTINIANO SAN MARTIN DE PORRES,Privada,Privado,LIMA,PUEBLO LIBRE,AVENIDA GENERAL VIVANCO 911,-12.07766,-77.06351
SISE SAN MIGUEL,0.52,0336727,COLEGIO PERUANO JAPONES LA UNION,Privada,Privado,LIMA,PUEBLO LIBRE,AVENIDA CIPRIANO DULANTO 1950,-12.0751,-77.0781
SISE SANTA BEATRIZ,4.6,0336727,COLEGIO PERUANO JAPONES LA UNION,Privada,Privado,LIMA,PUEBLO LIBRE,AVENIDA CIPRIANO DULANTO 1950,-12.0751,-77.0781
SISE SAN MIGUEL,1.89,0336800,DE JESUS,Privada,Privado,LIMA,PUEBLO LIBRE,AVENIDA BRASIL 2470,-12.08254,-77.06016
SISE SANTA BEATRIZ,2.69,0336800,DE JESUS,Privada,Privado,LIMA,PUEBLO LIBRE,AVENIDA BRASIL 2470,-12.08254,-77.06016
SISE SAN MIGUEL,1.62,0336818,DE LA CRUZ,Privada,Privado,LIMA,PUEBLO LIBRE,CALLE ROSA TOLEDO EX SANTA ROSA 224,-12.07664,-77.06268
SISE SANTA BEATRIZ,2.91,0336818,DE LA CRUZ,Privada,Privado,LIMA,PUEBLO LIBRE,CALLE ROSA TOLEDO EX SANTA ROSA 224,-12.07664,-77.06268
SISE SAN MIGUEL,1.89,0336834,EL CARMELO,Privada,Privado,LIMA,PUEBLO LIBRE,JIRON DANIEL ALOMIAS ROBLES 380,-12.07549,-77.06044
SISE SANTA BEATRIZ,2.68,0336834,EL CARMELO,Privada,Privado,LIMA,PUEBLO LIBRE,JIRON DANIEL ALOMIAS ROBLES 380,-12.07549,-77.06044
SISE SAN MIGUEL,1.01,0336958,JORGE POLAR,Privada,Privado,LIMA,PUEBLO LIBRE,AVENIDA SIMON BOLIVAR 1705,-12.07182,-77.07268
SISE SANTA BEATRIZ,4.05,0336958,JORGE POLAR,Privada,Privado,LIMA,PUEBLO LIBRE,AVENIDA SIMON BOLIVAR 1705,-12.07182,-77.07268
SISE SAN MIGUEL,1.09,0337212,COMPLEJO EDUCATIVO SANTA ISABEL SAC,Privada,Privado,LIMA,PUEBLO LIBRE,AVENIDA CIPRIANO DULANTO (EX-LA MAR) 1171,-12.07847,-77.06735
SISE SANTA BEATRIZ,3.42,0337212,COMPLEJO EDUCATIVO SANTA ISABEL SAC,Privada,Privado,LIMA,PUEBLO LIBRE,AVENIDA CIPRIANO DULANTO (EX-LA MAR) 1171,-12.07847,-77.06735
SISE SAN MIGUEL,0.87,0337329,CRISTO REY,Privada,Privado,LIMA,PUEBLO LIBRE,AVENIDA ABRAHAM LINCOLN 235,-12.07203,-77.07571
SISE SANTA BEATRIZ,4.37,0337329,CRISTO REY,Privada,Privado,LIMA,PUEBLO LIBRE,AVENIDA ABRAHAM LINCOLN 235,-12.07203,-77.07571
SISE SAN MIGUEL,1.48,0578229,SANTA MARIA MAZZARELLO,Privada,Privado,LIMA,PUEBLO LIBRE,JIRON VALENCIA 342,-12.06837,-77.07007
SISE SANTA BEATRIZ,3.86,0578229,SANTA MARIA MAZZARELLO,Privada,Privado,LIMA,PUEBLO LIBRE,JIRON VALENCIA 342,-12.06837,-77.07007
SISE SAN MIGUEL,2.8,0337436,1103 ELVIRA GARCIA Y GARCIA,P£blica de gesti¢n directa,Público,LIMA,PUEBLO LIBRE,AVENIDA DEL RIO 55,-12.06777,-77.0546
SISE SANTA BEATRIZ,2.31,0337436,1103 ELVIRA GARCIA Y GARCIA,P£blica de gesti¢n directa,Público,LIMA,PUEBLO LIBRE,AVENIDA DEL RIO 55,-12.06777,-77.0546
SISE SAN MIGUEL,0.37,0334649,BARTOLOME HERRERA,P£blica de gesti¢n directa,Público,LIMA,SAN MIGUEL,AVENIDA LA MARINA CUADRA 12,-12.080887,-77.074082
SISE SANTA BEATRIZ,4.17,0334649,BARTOLOME HERRERA,P£blica de gesti¢n directa,Público,LIMA,SAN MIGUEL,AVENIDA LA MARINA CUADRA 12,-12.080887,-77.074082
SISE SAN MIGUEL,1.57,0336636,1087 GRAL ROQUE SAENZ PE¥A,P£blica de gesti¢n directa,Público,LIMA,SAN MIGUEL,AVENIDA LA PAZ 675,-12.08751,-77.08933
SISE SAN MIGUEL,1.28,0336743,CLARETIANO,Privada,Privado,LIMA,SAN MIGUEL,AVENIDA PARQUE DE LAS LEYENDAS 555,-12.0732,-77.08708
SISE SAN MIGUEL,0.39,0336966,PERUANO CHINO JUAN XXIII,Privada,Privado,LIMA,SAN MIGUEL,JIRON CASTILLA 842,-12.08287,-77.07874
SISE SANTA BEATRIZ,4.69,0336966,PERUANO CHINO JUAN XXIII,Privada,Privado,LIMA,SAN MIGUEL,JIRON CASTILLA 842,-12.08287,-77.07874
SISE SAN MIGUEL,1.24,0337113,MATER ADMIRABILIS,Privada,Privado,LIMA,SAN MIGUEL,JIRON ARICA 898,-12.08923,-77.08318
SISE SAN MIGUEL,0.82,0337220,SANTA ANA,Privada,Privado,LIMA,SAN MIGUEL,JIRON SUCRE 675,-12.087002,-77.077149
SISE SANTA BEATRIZ,4.6,0337220,SANTA ANA,Privada,Privado,LIMA,SAN MIGUEL,JIRON SUCRE 675,-12.087002,-77.077149
SISE SAN MIGUEL,1.35,0337733,16 ALMIRANTE MIGUEL GRAU,P£blica de gesti¢n directa,Público,LIMA,SAN MIGUEL,AVENIDA FEDERICO GALLESI 700,-12.0908,-77.08223
SISE SAN MIGUEL,0.62,0337766,24 ROSA IRENE INFANTES DE CANALES,P£blica de gesti¢n directa,Público,LIMA,SAN MIGUEL,JIRON INDEPENDENCIA 628,-12.08371,-77.0812
SISE SANTA BEATRIZ,4.97,0337766,24 ROSA IRENE INFANTES DE CANALES,P£blica de gesti¢n directa,Público,LIMA,SAN MIGUEL,JIRON INDEPENDENCIA 628,-12.08371,-77.0812
SISE SAN MIGUEL,1.45,0578237,ALMIRANTE GRAU,Privada,Privado,LIMA,SAN MIGUEL,AVENIDA FEDERICO GALLESI (SAN MIGUEL) 349,-12.09254,-77.07922
SISE SANTA BEATRIZ,4.99,0578237,ALMIRANTE GRAU,Privada,Privado,LIMA,SAN MIGUEL,AVENIDA FEDERICO GALLESI (SAN MIGUEL) 349,-12.09254,-77.07922
SISE SAN MIGUEL,3.03,0590315,SAN MARCELO,Privada,Privado,LIMA,SAN MIGUEL,AVENIDA PIO XII 270,-12.064095,-77.100195
SISE SAN MIGUEL,3.07,0643031,SANTA LUCIA,Privada,Privado,LIMA,SAN MIGUEL,JIRON LAUTARO 210,-12.06408,-77.10062
SISE SAN MIGUEL,2.24,0664169,NUESTRA SE¥ORA DEL CARMEN,Privada,Privado,LIMA,SAN MIGUEL,CALLE HUANDOY 578,-12.06813,-77.09418
SISE SAN MIGUEL,0.49,0665190,MAXIM GORKI,Privada,Privado,LIMA,SAN MIGUEL,JIRON JORGE CASTRO HARRISON 369,-12.08291,-77.07425
SISE SANTA BEATRIZ,4.21,0665190,MAXIM GORKI,Privada,Privado,LIMA,SAN MIGUEL,JIRON JORGE CASTRO HARRISON 369,-12.08291,-77.07425
SISE SAN MIGUEL,0.34,0764613,SAN JUDAS TADEO CORAZONISTAS,Privada,Privado,LIMA,SAN MIGUEL,CALLE TRINIDAD MARIA ENRIQUEZ 280,-12.0817,-77.07963
SISE SANTA BEATRIZ,4.78,0764613,SAN JUDAS TADEO CORAZONISTAS,Privada,Privado,LIMA,SAN MIGUEL,CALLE TRINIDAD MARIA ENRIQUEZ 280,-12.0817,-77.07963
SISE SAN MIGUEL,3.01,0774455,1086 JESUS REDENTOR,P£blica de gesti¢n directa,Público,LIMA,SAN MIGUEL,JIRON CANAMELARES 285,-12.07567,-77.10465
SISE SAN MIGUEL,1.66,0829556,SAN PABLO,Privada,Privado,LIMA,LIMA,CALLE MARTE 443,-12.0672,-77.06895
SISE SANTA BEATRIZ,3.78,0829556,SAN PABLO,Privada,Privado,LIMA,LIMA,CALLE MARTE 443,-12.0672,-77.06895
SISE SAN MIGUEL,2.66,0903617,INMACULADO CORAZON DE MARIA,Privada,Privado,LIMA,SAN MIGUEL,CALLE LONDRES 184,-12.06456,-77.09625
SISE SAN MIGUEL,0.87,1020866,BUENAS NUEVAS,Privada,Privado,LIMA,SAN MIGUEL,AVENIDA PROLONGACION CUZCO 165,-12.08727,-77.07551
SISE SANTA BEATRIZ,4.44,1020866,BUENAS NUEVAS,Privada,Privado,LIMA,SAN MIGUEL,AVENIDA PROLONGACION CUZCO 165,-12.08727,-77.07551
SISE SAN MIGUEL,2.36,1020726,JUANA ALARCO DE DAMMERT,Privada,Privado,LIMA,SAN MIGUEL,CALLE VILCAHUARA 132,-12.08047,-77.09894
SISE SAN MIGUEL,1.41,1021526,VEDRUNA SCHOOL,Privada,Privado,LIMA,PUEBLO LIBRE,JIRON MANUEL GUIRIOR 1088,-12.08327,-77.06483
SISE SANTA BEATRIZ,3.21,1021526,VEDRUNA SCHOOL,Privada,Privado,LIMA,PUEBLO LIBRE,JIRON MANUEL GUIRIOR 1088,-12.08327,-77.06483
SISE SAN MIGUEL,0.91,1073444,PERUANO CHINO DIEZ DE OCTUBRE,Privada,Privado,LIMA,SAN MIGUEL,AVENIDA RIVA AGUERO 350,-12.08245,-77.08511
SISE SAN MIGUEL,3.38,0334664,MARIANO MELGAR,P£blica de gesti¢n directa,Público,LIMA,BRE¥A,PASAJE MARIANO MELGAR CUADRA 12 S/N,-12.0599,-77.05371
SISE SANTA BEATRIZ,2.77,0334664,MARIANO MELGAR,P£blica de gesti¢n directa,Público,LIMA,BRE¥A,PASAJE MARIANO MELGAR CUADRA 12 S/N,-12.0599,-77.05371
SISE SAN MIGUEL,3.36,0334714,MICAELA BASTIDAS,P£blica de gesti¢n directa,Público,LIMA,BRE¥A,JIRON RESTAURACION S/N,-12.06162,-77.05248
SISE SANTA BEATRIZ,2.54,0334714,MICAELA BASTIDAS,P£blica de gesti¢n directa,Público,LIMA,BRE¥A,JIRON RESTAURACION S/N,-12.06162,-77.05248
SISE SAN MIGUEL,4.53,0334722,0005 ROSA DE SANTA MARIA,P£blica de gesti¢n directa,Público,LIMA,BRE¥A,JIRON CARHUAZ 326,-12.053427,-77.045407
SISE SANTA BEATRIZ,2.89,0334722,0005 ROSA DE SANTA MARIA,P£blica de gesti¢n directa,Público,LIMA,BRE¥A,JIRON CARHUAZ 326,-12.053427,-77.045407
SISE SAN MIGUEL,2.3,0336792,PERUANO CHINO DIEZ DE OCTUBRE,Privada,Privado,LIMA,BRE¥A,AVENIDA MARIANO CORNEJO 1090,-12.06687,-77.06068
SISE SANTA BEATRIZ,2.95,0336792,PERUANO CHINO DIEZ DE OCTUBRE,Privada,Privado,LIMA,BRE¥A,AVENIDA MARIANO CORNEJO 1090,-12.06687,-77.06068
SISE SAN MIGUEL,3.96,0336982,LA SALLE,Privada,Privado,LIMA,BRE¥A,AVENIDA ARICA 601,-12.058714,-77.04789
SISE SANTA BEATRIZ,2.48,0336982,LA SALLE,Privada,Privado,LIMA,BRE¥A,AVENIDA ARICA 601,-12.058714,-77.04789
SISE SAN MIGUEL,3.17,0337014,MARIA DE LA PROVIDENCIA,Privada,Privado,LIMA,BRE¥A,JIRON CENTENARIO 1075,-12.06029,-77.05591
SISE SANTA BEATRIZ,2.91,0337014,MARIA DE LA PROVIDENCIA,Privada,Privado,LIMA,BRE¥A,JIRON CENTENARIO 1075,-12.06029,-77.05591
SISE SAN MIGUEL,3.99,0337105,MARIA AUXILIADORA,Privada,Privado,LIMA,BRE¥A,JIRON SANTA MARIA MAZZARELLO (OLMEDO) 120,-12.06274,-77.04491
SISE SANTA BEATRIZ,1.93,0337105,MARIA AUXILIADORA,Privada,Privado,LIMA,BRE¥A,JIRON SANTA MARIA MAZZARELLO (OLMEDO) 120,-12.06274,-77.04491
SISE SAN MIGUEL,3.83,0337121,SAN FRANCISCO JAVIER,Privada,Privado,LIMA,BRE¥A,JIRON RECUAY 760,-12.05611,-77.05156
SISE SANTA BEATRIZ,2.94,0337121,SAN FRANCISCO JAVIER,Privada,Privado,LIMA,BRE¥A,JIRON RECUAY 760,-12.05611,-77.05156
SISE SAN MIGUEL,4.37,0337162,PATROCINIO DE SAN JOSE,Privada,Privado,LIMA,BRE¥A,JIRON POMABAMBA 780,-12.050105,-77.050748
SISE SANTA BEATRIZ,3.46,0337162,PATROCINIO DE SAN JOSE,Privada,Privado,LIMA,BRE¥A,JIRON POMABAMBA 780,-12.050105,-77.050748
SISE SAN MIGUEL,4.18,0337311,SAN FRANCISCO DE SALES,Privada,Privado,LIMA,BRE¥A,AVENIDA BRASIL 328,-12.06206,-77.04329
SISE SANTA BEATRIZ,1.91,0337311,SAN FRANCISCO DE SALES,Privada,Privado,LIMA,BRE¥A,AVENIDA BRASIL 328,-12.06206,-77.04329
SISE SAN JUAN DE LURIGANCHO,3.43,0466730,0001 MARIA AUXILIADORA,P£blica de gesti¢n privada,Privado,LIMA,LIMA,JIRON ISAIAS CLIVIO 237,-12.04671,-77.01373
SISE SANTA BEATRIZ,4.2,0466730,0001 MARIA AUXILIADORA,P£blica de gesti¢n privada,Privado,LIMA,LIMA,JIRON ISAIAS CLIVIO 237,-12.04671,-77.01373
SISE SAN MIGUEL,3.15,0497198,SANTA MARIA DE BRE¥A,Privada,Privado,LIMA,BRE¥A,JIRON PEDRO RUIZ 122,-12.06972,-77.05016
SISE SANTA BEATRIZ,1.78,0497198,SANTA MARIA DE BRE¥A,Privada,Privado,LIMA,BRE¥A,JIRON PEDRO RUIZ 122,-12.06972,-77.05016
SISE SAN MIGUEL,3.09,0518944,LUZ CASANOVA,Privada,Privado,LIMA,BRE¥A,JIRON JUSTA GARCIA ROBLEDO 491,-12.06027,-77.05694
SISE SANTA BEATRIZ,3.0,0518944,LUZ CASANOVA,Privada,Privado,LIMA,BRE¥A,JIRON JUSTA GARCIA ROBLEDO 491,-12.06027,-77.05694
SISE SAN MIGUEL,4.58,0556266,0002 HERMANO ANSELMO MARIA,P£blica de gesti¢n directa,Público,LIMA,BRE¥A,AVENIDA BOLIVIA 532,-12.0562,-77.04272
SISE SANTA BEATRIZ,2.5,0556266,0002 HERMANO ANSELMO MARIA,P£blica de gesti¢n directa,Público,LIMA,BRE¥A,AVENIDA BOLIVIA 532,-12.0562,-77.04272
SISE SAN MIGUEL,3.66,0665083,JESUS EL BUEN PASTOR,Privada,Privado,LIMA,BRE¥A,AVENIDA ARICA 1234,-12.05646,-77.05343
SISE SANTA BEATRIZ,3.03,0665083,JESUS EL BUEN PASTOR,Privada,Privado,LIMA,BRE¥A,AVENIDA ARICA 1234,-12.05646,-77.05343
SISE SAN MIGUEL,4.38,0764589,ESPA¥A,Privada,Privado,LIMA,BRE¥A,AVENIDA ESPA¥A 617,-12.0583,-77.04345
SISE SANTA BEATRIZ,2.31,0764589,ESPA¥A,Privada,Privado,LIMA,BRE¥A,AVENIDA ESPA¥A 617,-12.0583,-77.04345
SISE SAN MIGUEL,3.78,1020429,LOS SANTOS APOSTOLES,Privada,Privado,LIMA,BRE¥A,JIRON NAPO 542,-12.05577,-77.05254
SISE SANTA BEATRIZ,3.03,1020429,LOS SANTOS APOSTOLES,Privada,Privado,LIMA,BRE¥A,JIRON NAPO 542,-12.05577,-77.05254
SISE SAN MIGUEL,4.5,0828046,GIORDANO BRUNO,Privada,Privado,LIMA,BRE¥A,AVENIDA BOLIVIA 576,-12.05625,-77.04352
SISE SANTA BEATRIZ,2.52,0828046,GIORDANO BRUNO,Privada,Privado,LIMA,BRE¥A,AVENIDA BOLIVIA 576,-12.05625,-77.04352
SISE SAN MIGUEL,4.4,0826974,ALFONSO UGARTE,Privada,Privado,LIMA,BRE¥A,JIRON BRE¥A 260,-12.05929,-77.04265
SISE SANTA BEATRIZ,2.17,0826974,ALFONSO UGARTE,Privada,Privado,LIMA,BRE¥A,JIRON BRE¥A 260,-12.05929,-77.04265
SISE SAN MIGUEL,3.96,0827121,HERMANO NOE ZEVALLOS ORTEGA,Privada,Privado,LIMA,BRE¥A,AVENIDA ARICA 601,-12.058714,-77.04789
SISE SANTA BEATRIZ,2.48,0827121,HERMANO NOE ZEVALLOS ORTEGA,Privada,Privado,LIMA,BRE¥A,AVENIDA ARICA 601,-12.058714,-77.04789
SISE SAN MIGUEL,4.36,0827956,CRISTO REY,Privada,Privado,LIMA,BRE¥A,JIRON IQUIQUE 844,-12.05874,-77.04333
SISE SANTA BEATRIZ,2.26,0827956,CRISTO REY,Privada,Privado,LIMA,BRE¥A,JIRON IQUIQUE 844,-12.05874,-77.04333
SISE SAN MIGUEL,4.37,1021682,ALBERT EINSTEIN,Privada,Privado,LIMA,BRE¥A,JIRON PORTUGAL 285-287,-12.05744,-77.04417
SISE SANTA BEATRIZ,2.42,1021682,ALBERT EINSTEIN,Privada,Privado,LIMA,BRE¥A,JIRON PORTUGAL 285-287,-12.05744,-77.04417
SISE CANTUARIAS,4.05,0245647,1070 MELITON CARVAJAL,P£blica de gesti¢n directa,Público,LIMA,LINCE,AVENIDA LEONIDAS YEROVI 2120,-12.08481,-77.02604
SISE SANTA BEATRIZ,1.33,0245647,1070 MELITON CARVAJAL,P£blica de gesti¢n directa,Público,LIMA,LINCE,AVENIDA LEONIDAS YEROVI 2120,-12.08481,-77.02604
SISE CANTUARIAS,4.36,0340588,DALTON,Privada,Privado,LIMA,LINCE,AVENIDA PETIT THOUARS 1845,-12.0827,-77.03346
SISE SAN MIGUEL,4.78,0340588,DALTON,Privada,Privado,LIMA,LINCE,AVENIDA PETIT THOUARS 1845,-12.0827,-77.03346
SISE SANTA BEATRIZ,0.62,0340588,DALTON,Privada,Privado,LIMA,LINCE,AVENIDA PETIT THOUARS 1845,-12.0827,-77.03346
SISE CANTUARIAS,4.63,0340612,SACO OLIVEROS DE LINCE,Privada,Privado,LIMA,LINCE,JIRON GRAL CORDOVA 1601,-12.08139,-77.03829
SISE SAN MIGUEL,4.24,0340612,SACO OLIVEROS DE LINCE,Privada,Privado,LIMA,LINCE,JIRON GRAL CORDOVA 1601,-12.08139,-77.03829
SISE SANTA BEATRIZ,0.49,0340612,SACO OLIVEROS DE LINCE,Privada,Privado,LIMA,LINCE,JIRON GRAL CORDOVA 1601,-12.08139,-77.03829
SISE CANTUARIAS,4.55,0343533,MI HOGAR Y ESCUELA,Privada,Privado,LIMA,LINCE,JIRON BRIG PUMACAHUA 2250,-12.08426,-77.04375
SISE SAN MIGUEL,3.68,0343533,MI HOGAR Y ESCUELA,Privada,Privado,LIMA,LINCE,JIRON BRIG PUMACAHUA 2250,-12.08426,-77.04375
SISE SANTA BEATRIZ,1.12,0343533,MI HOGAR Y ESCUELA,Privada,Privado,LIMA,LINCE,JIRON BRIG PUMACAHUA 2250,-12.08426,-77.04375
SISE CANTUARIAS,4.05,0449462,SANTA ROSA DE LIMA,Privada,Privado,LIMA,LINCE,JIRON JOAQUIN BERNAL 650,-12.087214,-77.038986
SISE SAN MIGUEL,4.25,0449462,SANTA ROSA DE LIMA,Privada,Privado,LIMA,LINCE,JIRON JOAQUIN BERNAL 650,-12.087214,-77.038986
SISE SANTA BEATRIZ,1.11,0449462,SANTA ROSA DE LIMA,Privada,Privado,LIMA,LINCE,JIRON JOAQUIN BERNAL 650,-12.087214,-77.038986
SISE CANTUARIAS,4.05,0644690,REPUBLICA DE CHILE,P£blica de gesti¢n directa,Público,LIMA,LINCE,JIRON RISSO 477,-12.0852,-77.03147
SISE SANTA BEATRIZ,0.97,0644690,REPUBLICA DE CHILE,P£blica de gesti¢n directa,Público,LIMA,LINCE,JIRON RISSO 477,-12.0852,-77.03147
SISE CANTUARIAS,4.77,0648816,JESUALDO,Privada,Privado,LIMA,LINCE,CALLE MANCO SEGUNDO 2137,-12.08335,-77.04636
SISE SAN MIGUEL,3.39,0648816,JESUALDO,Privada,Privado,LIMA,LINCE,CALLE MANCO SEGUNDO 2137,-12.08335,-77.04636
SISE SANTA BEATRIZ,1.3,0648816,JESUALDO,Privada,Privado,LIMA,LINCE,CALLE MANCO SEGUNDO 2137,-12.08335,-77.04636
SISE CANTUARIAS,4.72,0760447,CHRISTA MC AULIFFE,Privada,Privado,LIMA,LINCE,JIRON PACHACUTEC 2169,-12.08359,-77.04572
SISE SAN MIGUEL,3.46,0760447,CHRISTA MC AULIFFE,Privada,Privado,LIMA,LINCE,JIRON PACHACUTEC 2169,-12.08359,-77.04572
SISE SANTA BEATRIZ,1.25,0760447,CHRISTA MC AULIFFE,Privada,Privado,LIMA,LINCE,JIRON PACHACUTEC 2169,-12.08359,-77.04572
SISE SAN MIGUEL,2.58,0316554,SAN ANTONIO DE PADUA,Privada,Privado,LIMA,JESUS MARIA,AVENIDA ESTADOS UNIDOS 569,-12.082632,-77.053735
SISE SANTA BEATRIZ,2.02,0316554,SAN ANTONIO DE PADUA,Privada,Privado,LIMA,JESUS MARIA,AVENIDA ESTADOS UNIDOS 569,-12.082632,-77.053735
SISE SAN MIGUEL,3.44,0245688,TERESA GONZALES DE FANNING,P£blica de gesti¢n directa,Público,LIMA,JESUS MARIA,AVENIDA FRANCISCO JAVIER MARIATEGUI 1063,-12.077513,-77.045751
SISE SANTA BEATRIZ,1.07,0245688,TERESA GONZALES DE FANNING,P£blica de gesti¢n directa,Público,LIMA,JESUS MARIA,AVENIDA FRANCISCO JAVIER MARIATEGUI 1063,-12.077513,-77.045751
SISE CANTUARIAS,4.93,0314518,COOPERATIVO SAN FELIPE,Privada,Privado,LIMA,JESUS MARIA,AVENIDA GREGORIO ESCOBEDO 895,-12.08867,-77.05653
SISE SAN MIGUEL,2.47,0314518,COOPERATIVO SAN FELIPE,Privada,Privado,LIMA,JESUS MARIA,AVENIDA GREGORIO ESCOBEDO 895,-12.08867,-77.05653
SISE SANTA BEATRIZ,2.55,0314518,COOPERATIVO SAN FELIPE,Privada,Privado,LIMA,JESUS MARIA,AVENIDA GREGORIO ESCOBEDO 895,-12.08867,-77.05653
SISE SAN MIGUEL,2.33,0340356,GABRIELA MISTRAL,P£blica de gesti¢n directa,Público,LIMA,JESUS MARIA,JIRON ARNALDO MARQUEZ 2139,-12.08167,-77.05597
SISE SANTA BEATRIZ,2.23,0340356,GABRIELA MISTRAL,P£blica de gesti¢n directa,Público,LIMA,JESUS MARIA,JIRON ARNALDO MARQUEZ 2139,-12.08167,-77.05597
SISE SAN MIGUEL,3.12,0500900,SANTA MARIA DE FATIMA SRLDA,Privada,Privado,LIMA,JESUS MARIA,JIRON JOSE MARIA PLAZA 127,-12.0713,-77.04991
SISE SANTA BEATRIZ,1.68,0500900,SANTA MARIA DE FATIMA SRLDA,Privada,Privado,LIMA,JESUS MARIA,JIRON JOSE MARIA PLAZA 127,-12.0713,-77.04991
SISE SAN MIGUEL,3.52,0601492,DIEGO FERRE,P£blica de gesti¢n directa,Público,LIMA,JESUS MARIA,AVENIDA GENERAL GARZON 925,-12.06974,-77.04654
SISE SANTA BEATRIZ,1.45,0601492,DIEGO FERRE,P£blica de gesti¢n directa,Público,LIMA,JESUS MARIA,AVENIDA GENERAL GARZON 925,-12.06974,-77.04654
SISE SAN MIGUEL,3.36,0825950,SANTA MARIA DE LA GRACIA,Privada,Privado,LIMA,JESUS MARIA,AVENIDA BRASIL 963,-12.06886,-77.0484
SISE SANTA BEATRIZ,1.68,0825950,SANTA MARIA DE LA GRACIA,Privada,Privado,LIMA,JESUS MARIA,AVENIDA BRASIL 963,-12.06886,-77.0484
SISE SAN MIGUEL,2.05,0826040,BRASIL,Privada,Privado,LIMA,JESUS MARIA,AVENIDA BRASIL 2339,-12.08116,-77.05851
SISE SANTA BEATRIZ,2.49,0826040,BRASIL,Privada,Privado,LIMA,JESUS MARIA,AVENIDA BRASIL 2339,-12.08116,-77.05851
SISE CANTUARIAS,4.3,0826859,ALBERT EINSTEIN,Privada,Privado,LIMA,LINCE,AVENIDA MILITAR 1886,-12.08298,-77.03166
SISE SAN MIGUEL,4.97,0826859,ALBERT EINSTEIN,Privada,Privado,LIMA,LINCE,AVENIDA MILITAR 1886,-12.08298,-77.03166
SISE SANTA BEATRIZ,0.75,0826859,ALBERT EINSTEIN,Privada,Privado,LIMA,LINCE,AVENIDA MILITAR 1886,-12.08298,-77.03166
SISE CANTUARIAS,3.85,0826982,ALBERTO BENJAMIN SIMPSON,Privada,Privado,LIMA,LINCE,AVENIDA AREQUIPA 2335,-12.08747,-77.03383
SISE SAN MIGUEL,4.8,0826982,ALBERTO BENJAMIN SIMPSON,Privada,Privado,LIMA,LINCE,AVENIDA AREQUIPA 2335,-12.08747,-77.03383
SISE SANTA BEATRIZ,1.11,0826982,ALBERTO BENJAMIN SIMPSON,Privada,Privado,LIMA,LINCE,AVENIDA AREQUIPA 2335,-12.08747,-77.03383
SISE CANTUARIAS,4.59,1072040,APLICACION SAN MARCOS,P£blica de gesti¢n directa,Público,LIMA,LINCE,JIRON CAPAC YUPANQUI 1700,-12.08309,-77.042
SISE SAN MIGUEL,3.86,1072040,APLICACION SAN MARCOS,P£blica de gesti¢n directa,Público,LIMA,LINCE,JIRON CAPAC YUPANQUI 1700,-12.08309,-77.042
SISE SANTA BEATRIZ,0.89,1072040,APLICACION SAN MARCOS,P£blica de gesti¢n directa,Público,LIMA,LINCE,JIRON CAPAC YUPANQUI 1700,-12.08309,-77.042
SISE SAN MIGUEL,2.51,0902767,PERUANO AMERICANO CLINTON RODHAM,Privada,Privado,LIMA,JESUS MARIA,JIRON ESTADOS UNIDOS 405,-12.0811,-77.05426
SISE SANTA BEATRIZ,2.03,0902767,PERUANO AMERICANO CLINTON RODHAM,Privada,Privado,LIMA,JESUS MARIA,JIRON ESTADOS UNIDOS 405,-12.0811,-77.05426
SISE SAN MIGUEL,2.08,1072230,ISAAC NEWTON DE JESUS MARIA,Privada,Privado,LIMA,JESUS MARIA,AVENIDA BRASIL 2309,-12.08095,-77.05821
SISE SANTA BEATRIZ,2.45,1072230,ISAAC NEWTON DE JESUS MARIA,Privada,Privado,LIMA,JESUS MARIA,AVENIDA BRASIL 2309,-12.08095,-77.05821
SISE SAN MIGUEL,2.75,0833905,PAMER PATRIOTAS,Privada,Privado,LIMA,SAN MIGUEL,AVENIDA LOS PATRIOTAS 596,-12.0749,-77.10211
SISE SAN MIGUEL,0.62,0772863,WALT WHITMAN,Privada,Privado,LIMA,SAN MIGUEL,AVENIDA UNIVERSITARIA 680,-12.08242,-77.08221
SISE SAN MIGUEL,4.29,1097781,HANS CHRISTIAN ANDERSEN,Privada,Privado,LIMA,BRE¥A,AVENIDA BOLIVIA 755,-12.05671,-77.04563
SISE SANTA BEATRIZ,2.56,1097781,HANS CHRISTIAN ANDERSEN,Privada,Privado,LIMA,BRE¥A,AVENIDA BOLIVIA 755,-12.05671,-77.04563
SISE SAN MIGUEL,3.97,1098532,SACO OLIVEROS DE JESUS MARIA,Privada,Privado,LIMA,JESUS MARIA,AVENIDA CUBA 531 - 543,-12.07527,-77.04106
SISE SANTA BEATRIZ,0.62,1098532,SACO OLIVEROS DE JESUS MARIA,Privada,Privado,LIMA,JESUS MARIA,AVENIDA CUBA 531 - 543,-12.07527,-77.04106
SISE SAN MIGUEL,3.38,1098292,SAN AGUSTIN,Privada,Privado,LIMA,SAN MIGUEL,CALLE CESAR VALLEJO 285,-12.07367,-77.10775
SISE SAN MIGUEL,3.59,1098250,JESUS DIVINO CREADOR,Privada,Privado,LIMA,BRE¥A,JIRON CARHUAZ 1443,-12.05464,-77.0565
SISE SANTA BEATRIZ,3.4,1098250,JESUS DIVINO CREADOR,Privada,Privado,LIMA,BRE¥A,JIRON CARHUAZ 1443,-12.05464,-77.0565
SISE SAN MIGUEL,2.55,0337717,0003 NUESTRA SE¥ORA DEL CARMEN,P£blica de gesti¢n directa,Público,LIMA,SAN MIGUEL,AVENIDA LIBERTAD 2021,-12.080919,-77.100751
SISE SAN JUAN DE LURIGANCHO,3.88,0337279,SANTISIMO SALVADOR,Privada,Privado,LIMA,LIMA,JIRON ANCASH 880,-12.04765,-77.022
SISE SANTA BEATRIZ,3.67,0337279,SANTISIMO SALVADOR,Privada,Privado,LIMA,LIMA,JIRON ANCASH 880,-12.04765,-77.022
SISE COMAS,4.73,1048990,1154 NUESTRA SE¥ORA DEL CARMEN,P£blica de gesti¢n directa,Público,LIMA,LIMA,JIRON ELVIRA GARCIA Y GARCIA S/N,-12.0526,-77.06866
SISE SAN MIGUEL,3.15,1048990,1154 NUESTRA SE¥ORA DEL CARMEN,P£blica de gesti¢n directa,Público,LIMA,LIMA,JIRON ELVIRA GARCIA Y GARCIA S/N,-12.0526,-77.06866
SISE SANTA BEATRIZ,4.52,1048990,1154 NUESTRA SE¥ORA DEL CARMEN,P£blica de gesti¢n directa,Público,LIMA,LIMA,JIRON ELVIRA GARCIA Y GARCIA S/N,-12.0526,-77.06866
SISE SAN MIGUEL,0.5,0555862,0013 BERNARDO O'HIGGINS,P£blica de gesti¢n directa,Público,LIMA,PUEBLO LIBRE,CALLE SAN MARCOS 380,-12.07964,-77.07266
SISE SANTA BEATRIZ,4.0,0555862,0013 BERNARDO O'HIGGINS,P£blica de gesti¢n directa,Público,LIMA,PUEBLO LIBRE,CALLE SAN MARCOS 380,-12.07964,-77.07266
SISE SAN MIGUEL,1.1,0645630,SAN GENARO,Privada,Privado,LIMA,PUEBLO LIBRE,JIRON JOSE RAMON PIZARRO (ANTES VALLE RIETRA) 1596,-12.07749,-77.06744
SISE SANTA BEATRIZ,3.43,0645630,SAN GENARO,Privada,Privado,LIMA,PUEBLO LIBRE,JIRON JOSE RAMON PIZARRO (ANTES VALLE RIETRA) 1596,-12.07749,-77.06744
SISE SAN MIGUEL,4.0,0510396,1003 REPUBLICA DE COLOMBIA,P£blica de gesti¢n directa,Público,LIMA,BRE¥A,JIRON CHAMAYA 422,-12.05244,-77.05322
SISE SANTA BEATRIZ,3.38,0510396,1003 REPUBLICA DE COLOMBIA,P£blica de gesti¢n directa,Público,LIMA,BRE¥A,JIRON CHAMAYA 422,-12.05244,-77.05322
SISE SAN MIGUEL,3.07,0826941,SANTISIMO SE¥OR DE LUREN,Privada,Privado,LIMA,BRE¥A,JIRON CASTROVIRREYNA 458,-12.06608,-77.05271
SISE SANTA BEATRIZ,2.24,0826941,SANTISIMO SE¥OR DE LUREN,Privada,Privado,LIMA,BRE¥A,JIRON CASTROVIRREYNA 458,-12.06608,-77.05271
SISE CANTUARIAS,4.7,0340281,1057 JOSE BAQUIJANO Y CARRILLO,P£blica de gesti¢n directa,Público,LIMA,LINCE,JIRON MANUEL GOMEZ 651,-12.08181,-77.0414
SISE SAN MIGUEL,3.91,0340281,1057 JOSE BAQUIJANO Y CARRILLO,P£blica de gesti¢n directa,Público,LIMA,LINCE,JIRON MANUEL GOMEZ 651,-12.08181,-77.0414
SISE SANTA BEATRIZ,0.75,0340281,1057 JOSE BAQUIJANO Y CARRILLO,P£blica de gesti¢n directa,Público,LIMA,LINCE,JIRON MANUEL GOMEZ 651,-12.08181,-77.0414
SISE SAN JUAN DE LURIGANCHO,4.37,0336545,VIRGO POTENS,P£blica de gesti¢n privada,Privado,LIMA,LIMA,JIRON PUNO 1731,-12.055,-77.01568
SISE SANTA BEATRIZ,3.35,0336545,VIRGO POTENS,P£blica de gesti¢n privada,Privado,LIMA,LIMA,JIRON PUNO 1731,-12.055,-77.01568
SISE SAN MIGUEL,2.53,1098656,LOS ALAMOS,Privada,Privado,LIMA,JESUS MARIA,JIRON ESTADOS UNIDOS 731,-12.08374,-77.05438
SISE SANTA BEATRIZ,2.12,1098656,LOS ALAMOS,Privada,Privado,LIMA,JESUS MARIA,JIRON ESTADOS UNIDOS 731,-12.08374,-77.05438
SISE SAN MIGUEL,3.04,1168848,SACO OLIVEROS DE SAN FELIPE,Privada,Privado,LIMA,PUEBLO LIBRE,AVENIDA JUAN PABLO FERNANDINI 1167,-12.06998,-77.05118
SISE SANTA BEATRIZ,1.87,1168848,SACO OLIVEROS DE SAN FELIPE,Privada,Privado,LIMA,PUEBLO LIBRE,AVENIDA JUAN PABLO FERNANDINI 1167,-12.06998,-77.05118
SISE SAN MIGUEL,2.11,0314500,SAN ANTONIO DE PADUA,Privada,Privado,LIMA,JESUS MARIA,AVENIDA ARNALDO MARQUEZ 2499,-12.08474,-77.05859
SISE SANTA BEATRIZ,2.59,0314500,SAN ANTONIO DE PADUA,Privada,Privado,LIMA,JESUS MARIA,AVENIDA ARNALDO MARQUEZ 2499,-12.08474,-77.05859
SISE SAN MIGUEL,4.44,1169390,INGENIERO JORGE CABRERA TAPIA,Privada,Privado,LIMA,LIMA,JIRON NATALIO SANCHEZ 175,-12.07049,-77.03755
SISE SANTA BEATRIZ,0.82,1169390,INGENIERO JORGE CABRERA TAPIA,Privada,Privado,LIMA,LIMA,JIRON NATALIO SANCHEZ 175,-12.07049,-77.03755
SISE SAN MIGUEL,1.82,1169168,DIVINO REDENTOR,Privada,Privado,LIMA,LIMA,AVENIDA LA ALBORADA 1720,-12.06639,-77.0675
SISE SANTA BEATRIZ,3.66,1169168,DIVINO REDENTOR,Privada,Privado,LIMA,LIMA,AVENIDA LA ALBORADA 1720,-12.06639,-77.0675
SISE SAN MIGUEL,2.32,1097989,RAYMOND CLARK,Privada,Privado,LIMA,PUEBLO LIBRE,AVENIDA BRASIL 1864,-12.07744,-77.05606
SISE SANTA BEATRIZ,2.19,1097989,RAYMOND CLARK,Privada,Privado,LIMA,PUEBLO LIBRE,AVENIDA BRASIL 1864,-12.07744,-77.05606
SISE CANTUARIAS,3.65,1098987,MARIA REINA DE LA PAZ,Privada,Privado,LIMA,LINCE,AVENIDA ALMIRANTE GUISSE 2670,-12.09069,-77.03816
SISE SAN MIGUEL,4.43,1098987,MARIA REINA DE LA PAZ,Privada,Privado,LIMA,LINCE,AVENIDA ALMIRANTE GUISSE 2670,-12.09069,-77.03816
SISE SANTA BEATRIZ,1.47,1098987,MARIA REINA DE LA PAZ,Privada,Privado,LIMA,LINCE,AVENIDA ALMIRANTE GUISSE 2670,-12.09069,-77.03816
SISE CANTUARIAS,4.26,0760439,MICAELA BASTIDAS DE CONDORCANQUI,P£blica de gesti¢n directa,Público,LIMA,LINCE,JIRON PEZET Y MONEL 2074,-12.08644,-77.04226
SISE SAN MIGUEL,3.88,0760439,MICAELA BASTIDAS DE CONDORCANQUI,P£blica de gesti¢n directa,Público,LIMA,LINCE,JIRON PEZET Y MONEL 2074,-12.08644,-77.04226
SISE SANTA BEATRIZ,1.19,0760439,MICAELA BASTIDAS DE CONDORCANQUI,P£blica de gesti¢n directa,Público,LIMA,LINCE,JIRON PEZET Y MONEL 2074,-12.08644,-77.04226
SISE SAN MIGUEL,1.92,0739342,REINA DEL CARMELO,Privada,Privado,LIMA,MAGDALENA DEL MAR,PARQUE FRANCISCO GRA¥A 285,-12.08829,-77.06195
SISE SANTA BEATRIZ,3.07,0739342,REINA DEL CARMELO,Privada,Privado,LIMA,MAGDALENA DEL MAR,PARQUE FRANCISCO GRA¥A 285,-12.08829,-77.06195
SISE SAN MIGUEL,1.14,1170364,AMERICA,Privada,Privado,LIMA,SAN MIGUEL,AVENIDA LIMA 367,-12.08991,-77.078
SISE SANTA BEATRIZ,4.77,1170364,AMERICA,Privada,Privado,LIMA,SAN MIGUEL,AVENIDA LIMA 367,-12.08991,-77.078
SISE SAN MIGUEL,2.25,1169648,CLARET,Privada,Privado,LIMA,SAN MIGUEL,AVENIDA LIBERTAD 1693,-12.08216,-77.09786
SISE CANTUARIAS,4.33,1099142,DIVINA TRINIDAD,Privada,Privado,LIMA,LINCE,AVENIDA IGNACIO MERINO 1862,-12.08288,-77.03279
SISE SAN MIGUEL,4.85,1099142,DIVINA TRINIDAD,Privada,Privado,LIMA,LINCE,AVENIDA IGNACIO MERINO 1862,-12.08288,-77.03279
SISE SANTA BEATRIZ,0.67,1099142,DIVINA TRINIDAD,Privada,Privado,LIMA,LINCE,AVENIDA IGNACIO MERINO 1862,-12.08288,-77.03279
SISE CANTUARIAS,3.62,1235068,MONTEALTO,Privada,Privado,LIMA,SAN ISIDRO,AVENIDA LOS EUCALIPTOS 491,-12.09696,-77.04796
SISE SAN MIGUEL,3.72,1235068,MONTEALTO,Privada,Privado,LIMA,SAN ISIDRO,AVENIDA LOS EUCALIPTOS 491,-12.09696,-77.04796
SISE SANTA BEATRIZ,2.51,1235068,MONTEALTO,Privada,Privado,LIMA,SAN ISIDRO,AVENIDA LOS EUCALIPTOS 491,-12.09696,-77.04796
SISE SAN MIGUEL,0.73,1234384,CLEMENTE ALTHAUS,Privada,Privado,LIMA,SAN MIGUEL,JIRON PLG CUZCO 360,-12.0862,-77.07732
SISE SANTA BEATRIZ,4.6,1234384,CLEMENTE ALTHAUS,Privada,Privado,LIMA,SAN MIGUEL,JIRON PLG CUZCO 360,-12.0862,-77.07732
SISE SAN MIGUEL,2.68,1234749,NUESTRA SE¥ORA DE LA ASUNCION,Privada,Privado,LIMA,SAN MIGUEL,CALLE TUTUPACA 169,-12.06692,-77.09816
SISE CANTUARIAS,4.5,1240423,BHONNER,Privada,Privado,LIMA,LINCE,AVENIDA CESAR CANEVARO 978,-12.08464,-77.04338
SISE SAN MIGUEL,3.73,1240423,BHONNER,Privada,Privado,LIMA,LINCE,AVENIDA CESAR CANEVARO 978,-12.08464,-77.04338
SISE SANTA BEATRIZ,1.12,1240423,BHONNER,Privada,Privado,LIMA,LINCE,AVENIDA CESAR CANEVARO 978,-12.08464,-77.04338
SISE CANTUARIAS,4.15,0340323,1112 VICTOR ANDRES BELAUNDE,P£blica de gesti¢n directa,Público,LIMA,LA VICTORIA,AVENIDA SAN EUGENIO 600,-12.08435,-77.01979
SISE SANTA BEATRIZ,1.9,0340323,1112 VICTOR ANDRES BELAUNDE,P£blica de gesti¢n directa,Público,LIMA,LA VICTORIA,AVENIDA SAN EUGENIO 600,-12.08435,-77.01979
SISE SANTA BEATRIZ,2.3,1007160,1107 JAVIER PRADO,P£blica de gesti¢n directa,Público,LIMA,LA VICTORIA,AVENIDA PROLONGACION CANGALLO 483,-12.06295,-77.02107
SISE SANTA BEATRIZ,2.06,0535666,1105 LA SAGRADA FAMILIA,P£blica de gesti¢n directa,Público,LIMA,LA VICTORIA,JIRON UNANUE 990,-12.06632,-77.02097
SISE SANTA BEATRIZ,1.96,0340463,GENERAL FELIPE SANTIAGO SALAVERRY,P£blica de gesti¢n directa,Público,LIMA,LA VICTORIA,JIRON MANUEL CISNEROS 595,-12.06739,-77.02131
SISE SANTA BEATRIZ,2.07,0643692,DEPORTIVO EXPERIMENTAL JULIA SANCHEZ DEZA,P£blica de gesti¢n directa,Público,LIMA,LA VICTORIA,AVENIDA 28 DE JULIO 1699,-12.06246,-77.02497
SISE SANTA BEATRIZ,2.62,1008044,1123 SAGRADO CORAZON DE JESUS,P£blica de gesti¢n directa,Público,LIMA,LA VICTORIA,JIRON RAIMONDI CDRA 9,-12.05946,-77.02064
SISE SANTA BEATRIZ,2.12,0449827,093 MANUELA FELICIA GOMEZ,P£blica de gesti¢n directa,Público,LIMA,LA VICTORIA,JIRON MENDOZA MERINO 522,-12.06295,-77.02357
SISE CANTUARIAS,4.71,0340364,TUPAC AMARU,P£blica de gesti¢n directa,Público,LIMA,LA VICTORIA,AVENIDA DEL AIRE 601,-12.08248,-77.00805
SISE SANTA BEATRIZ,3.08,0340364,TUPAC AMARU,P£blica de gesti¢n directa,Público,LIMA,LA VICTORIA,AVENIDA DEL AIRE 601,-12.08248,-77.00805
SISE CANTUARIAS,3.98,0340398,ROSA DOMINGA PEREZ LIENDO,P£blica de gesti¢n directa,Público,LIMA,LA VICTORIA,JIRON FRANCISCO ALMENARA 432,-12.08564,-77.02115
SISE SANTA BEATRIZ,1.83,0340398,ROSA DOMINGA PEREZ LIENDO,P£blica de gesti¢n directa,Público,LIMA,LA VICTORIA,JIRON FRANCISCO ALMENARA 432,-12.08564,-77.02115
SISE SANTA BEATRIZ,2.04,1008960,1201 PAUL HARRIS,P£blica de gesti¢n directa,Público,LIMA,LA VICTORIA,JIRON FRANCIA 1165,-12.07056,-77.01859
SISE CANTUARIAS,4.16,1008994,BUONARROTI,Privada,Privado,LIMA,LA VICTORIA,CALLE MAX GONZALES OLAECHEA 230-244,-12.08379,-77.02421
SISE SANTA BEATRIZ,1.44,1008994,BUONARROTI,Privada,Privado,LIMA,LA VICTORIA,CALLE MAX GONZALES OLAECHEA 230-244,-12.08379,-77.02421
SISE CANTUARIAS,4.45,0314401,REINA DE LAS AMERICAS,Privada,Privado,LIMA,LA VICTORIA,AVENIDA CANADA S/N,-12.08136,-77.02213
SISE SANTA BEATRIZ,1.55,0314401,REINA DE LAS AMERICAS,Privada,Privado,LIMA,LA VICTORIA,AVENIDA CANADA S/N,-12.08136,-77.02213
SISE SANTA BEATRIZ,2.96,0582213,MONSE¥OR MARCOS LIBARDONI,Privada,Privado,LIMA,LA VICTORIA,JIRON 3 DE FEBRERO 1073,-12.0716,-77.00943
SISE CANTUARIAS,4.07,0314468,SAN NORBERTO,Privada,Privado,LIMA,LA VICTORIA,AVENIDA SANTA CATALINA 451,-12.08522,-77.01884
SISE SANTA BEATRIZ,2.04,0314468,SAN NORBERTO,Privada,Privado,LIMA,LA VICTORIA,AVENIDA SANTA CATALINA 451,-12.08522,-77.01884
SISE SANTA BEATRIZ,2.23,1007723,SAN JOSE Y EL REDENTOR,Privada,Privado,LIMA,LA VICTORIA,AVENIDA ISABEL LA CATOLICA 1250,-12.06889,-77.0175
SISE SANTA BEATRIZ,1.81,0779777,MARIA DE LAS MERCEDES,Privada,Privado,LIMA,LA VICTORIA,JIRON FRANCISCO RIVAS 954 - A-B - 956,-12.07325,-77.01986
SISE SANTA BEATRIZ,3.43,1008077,SAN JOSE OBRERO,Privada,Privado,LIMA,LA VICTORIA,AVENIDA BAUSATE Y MEZA 2006,-12.062058,-77.008679
SISE SANTA BEATRIZ,1.22,0690206,SAN RAFAEL,Privada,Privado,LIMA,LA VICTORIA,AVENIDA JOSE GALVEZ 686,-12.06742,-77.03185
SISE CANTUARIAS,4.67,1008879,JESUS SALVADOR,Privada,Privado,LIMA,LA VICTORIA,JIRON LAS TURQUESAS 355,-12.07924,-77.0247
SISE SANTA BEATRIZ,1.23,1008879,JESUS SALVADOR,Privada,Privado,LIMA,LA VICTORIA,JIRON LAS TURQUESAS 355,-12.07924,-77.0247
SISE SAN MIGUEL,1.88,0582338,PERUANO JAPONES LA VICTORIA,Privada,Privado,LIMA,MAGDALENA DEL MAR,JIRON INCLAN 255,-12.0942,-77.0685
SISE SANTA BEATRIZ,3.99,0582338,PERUANO JAPONES LA VICTORIA,Privada,Privado,LIMA,MAGDALENA DEL MAR,JIRON INCLAN 255,-12.0942,-77.0685
SISE SAN JUAN DE LURIGANCHO,1.91,0314393,CV INGENIEROS,Privada,Privado,LIMA,SAN JUAN DE LURIGANCHO,JIRON HARAVICUS 301 MZ H LOTE 06,-12.02534,-76.98887
SISE CANTUARIAS,4.77,1008838,CRISTO MILAGROSO,Privada,Privado,LIMA,LA VICTORIA,CALLE LOS DIAMANTES 401,-12.07858,-77.02088
SISE SANTA BEATRIZ,1.64,1008838,CRISTO MILAGROSO,Privada,Privado,LIMA,LA VICTORIA,CALLE LOS DIAMANTES 401,-12.07858,-77.02088
SISE CANTUARIAS,4.75,1007681,RAFAEL HOYOS RUBIO,Privada,Privado,LIMA,LA VICTORIA,AVENIDA LAS AMERICAS 410,-12.0785,-77.02455
SISE SANTA BEATRIZ,1.24,1007681,RAFAEL HOYOS RUBIO,Privada,Privado,LIMA,LA VICTORIA,AVENIDA LAS AMERICAS 410,-12.0785,-77.02455
SISE SANTA BEATRIZ,2.69,0343590,NUESTRA SE¥ORA DE LA ASUNCION,Privada,Privado,LIMA,LA VICTORIA,PRLG PARINACOCHAS 338,-12.06089,-77.01815
SISE SANTA BEATRIZ,3.34,0245696,CESAR A. VALLEJO,P£blica de gesti¢n directa,Público,LIMA,LA VICTORIA,AVENIDA MEXICO 2087,-12.0681,-77.006771
SISE SANTA BEATRIZ,1.57,0245662,ISABEL LA CATOLICA,P£blica de gesti¢n directa,Público,LIMA,LA VICTORIA,AVENIDA ISABEL LA CATOLICA 872,-12.06977,-77.02396
SISE SAN JUAN DE LURIGANCHO,4.82,0864553,NUESTRA SE¥ORA DEL ROSARIO DE YAUCA,Privada,Privado,LIMA,LA VICTORIA,AVENIDA 28 DE JULIO 3196,-12.06051,-77.00736
SISE SANTA BEATRIZ,3.64,0864553,NUESTRA SE¥ORA DEL ROSARIO DE YAUCA,Privada,Privado,LIMA,LA VICTORIA,AVENIDA 28 DE JULIO 3196,-12.06051,-77.00736
SISE CANTUARIAS,3.66,0343608,NUESTRA SE¥ORA DEL PILAR,Privada,Privado,LIMA,LA VICTORIA,AVENIDA ESTEBAN CAMPODONICO 685,-12.08869,-77.02041
SISE SANTA BEATRIZ,2.08,0343608,NUESTRA SE¥ORA DEL PILAR,Privada,Privado,LIMA,LA VICTORIA,AVENIDA ESTEBAN CAMPODONICO 685,-12.08869,-77.02041
SISE CANTUARIAS,4.51,0690180,DORA MAYER,Privada,Privado,LIMA,LA VICTORIA,CALLE PIETRO VITORELLI 123,-12.08301,-77.01162
SISE SANTA BEATRIZ,2.71,0690180,DORA MAYER,Privada,Privado,LIMA,LA VICTORIA,CALLE PIETRO VITORELLI 123,-12.08301,-77.01162
SISE SANTA BEATRIZ,1.86,0340331,ANGELICA PALMA ROMAN,P£blica de gesti¢n directa,Público,LIMA,LA VICTORIA,CALLE MARIANO ARAGONEZ 220,-12.07477,-77.0191
SISE SANTA BEATRIZ,3.38,0245654,1120 PEDRO ADOLFO LABARTHE EFFIO,P£blica de gesti¢n directa,Público,LIMA,LA VICTORIA,AVENIDA MEXICO 2048,-12.069334,-77.006038
SISE SANTA BEATRIZ,2.79,0690214,SE¥OR DE LUREN,Privada,Privado,LIMA,LA VICTORIA,JIRON GIRIBALDI 236,-12.06059,-77.01706
SISE SANTA BEATRIZ,2.57,0449488,SANTA MARIA GORETTI,Privada,Privado,LIMA,LA VICTORIA,AVENIDA HUANUCO 1780,-12.06675,-77.01508
SISE SANTA BEATRIZ,1.57,1007491,1110 REPUBLICA DE PANAMA,P£blica de gesti¢n directa,Público,LIMA,LA VICTORIA,AVENIDA BAUSATE Y MEZA 328,-12.06478,-77.03003
SISE SANTA BEATRIZ,1.78,1008796,AMERICA,Privada,Privado,LIMA,LA VICTORIA,JIRON HUASCARAN 507,-12.06341,-77.02849
SISE SANTA BEATRIZ,1.67,1007293,SAN RICARDO,Privada,Privado,LIMA,LA VICTORIA,JIRON ABTAO 1200,-12.07178,-77.02179
SISE SANTA BEATRIZ,1.86,1007731,SAN IDELFONSO,Privada,Privado,LIMA,LA VICTORIA,JIRON RENOVACION 437,-12.06339,-77.02693
SISE CANTUARIAS,4.93,1006956,SAN FRANCISCO,Privada,Privado,LIMA,LA VICTORIA,PASAJE LOS TOPACIOS 530,-12.07692,-77.02385
SISE SANTA BEATRIZ,1.31,1006956,SAN FRANCISCO,Privada,Privado,LIMA,LA VICTORIA,PASAJE LOS TOPACIOS 530,-12.07692,-77.02385
SISE SANTA BEATRIZ,3.49,1226182,SAN JOSE,Privada,Privado,LIMA,LA VICTORIA,PARQUE 12 DE OCTUBRE 2231,-12.06579,-77.0062
SISE SAN MIGUEL,1.84,1235829,SAN ANTONIO ABAD,Privada,Privado,LIMA,SAN MIGUEL,AVENIDA UNIVERSITARIA 2063,-12.06319,-77.07869
SISE SANTA BEATRIZ,4.92,1235829,SAN ANTONIO ABAD,Privada,Privado,LIMA,SAN MIGUEL,AVENIDA UNIVERSITARIA 2063,-12.06319,-77.07869
SISE CANTUARIAS,2.36,1240787,TRILCE DE SAN ISIDRO,Privada,Privado,LIMA,SAN ISIDRO,CALLE RIO DE LA PLATA 120,-12.10077,-77.0317
SISE SANTA BEATRIZ,2.61,1240787,TRILCE DE SAN ISIDRO,Privada,Privado,LIMA,SAN ISIDRO,CALLE RIO DE LA PLATA 120,-12.10077,-77.0317
SISE CANTUARIAS,2.49,1241629,FRIENDSHIP HIGH SCHOOL,Privada,Privado,LIMA,SAN ISIDRO,CALLE LA HABANA 155,-12.09952,-77.03157
SISE SANTA BEATRIZ,2.47,1241629,FRIENDSHIP HIGH SCHOOL,Privada,Privado,LIMA,SAN ISIDRO,CALLE LA HABANA 155,-12.09952,-77.03157
SISE SAN MIGUEL,0.93,1241660,LOS ROSALES - SAN MIGUEL,Privada,Privado,LIMA,SAN MIGUEL,AVENIDA UNIVERSITARIA 474,-12.08579,-77.08308
SISE SAN MIGUEL,4.62,1241983,LA SORBONA,Privada,Privado,LIMA,LIMA,AVENIDA 9 DE DICIEMBRE 390,-12.05985,-77.03998
SISE SANTA BEATRIZ,2.03,1241983,LA SORBONA,Privada,Privado,LIMA,LIMA,AVENIDA 9 DE DICIEMBRE 390,-12.05985,-77.03998
SISE CANTUARIAS,4.98,1242437,SACO OLIVEROS DE SANTA BEATRIZ,Privada,Privado,LIMA,LIMA,AVENIDA AREQUIPA 1268,-12.07745,-77.03566
SISE SAN MIGUEL,4.53,1242437,SACO OLIVEROS DE SANTA BEATRIZ,Privada,Privado,LIMA,LIMA,AVENIDA AREQUIPA 1268,-12.07745,-77.03566
SISE SANTA BEATRIZ,0.04,1242437,SACO OLIVEROS DE SANTA BEATRIZ,Privada,Privado,LIMA,LIMA,AVENIDA AREQUIPA 1268,-12.07745,-77.03566
SISE COMAS,3.55,1242510,0095 MARIA AUXILIADORA,P£blica de gesti¢n directa,Público,LIMA,LIMA,AVENIDA MATERIALES 2005,-12.04113,-77.06812
SISE SAN MIGUEL,4.4,1242510,0095 MARIA AUXILIADORA,P£blica de gesti¢n directa,Público,LIMA,LIMA,AVENIDA MATERIALES 2005,-12.04113,-77.06812
SISE SAN MIGUEL,3.53,1243476,HONORES DE BRE¥A,Privada,Privado,LIMA,BRE¥A,JIRON HUANCABAMBA 1120,-12.059602,-77.052108
SISE SANTA BEATRIZ,2.67,1243476,HONORES DE BRE¥A,Privada,Privado,LIMA,BRE¥A,JIRON HUANCABAMBA 1120,-12.059602,-77.052108
SISE SAN MIGUEL,2.06,1243716,YMCA COLEGIOS,Privada,Privado,LIMA,PUEBLO LIBRE,AVENIDA BOLIVAR 635,-12.072191,-77.059917
SISE SANTA BEATRIZ,2.68,1243716,YMCA COLEGIOS,Privada,Privado,LIMA,PUEBLO LIBRE,AVENIDA BOLIVAR 635,-12.072191,-77.059917
SISE SAN MIGUEL,1.48,1243955,SANTISIMA CRUZ,Privada,Privado,LIMA,SAN MIGUEL,AVENIDA PRECURSORES 132,-12.07203,-77.08842
SISE SAN JUAN DE LURIGANCHO,4.45,0644799,LA CATOLICA,Privada,Privado,LIMA,LIMA,JIRON UCAYALI 235,-12.04786,-77.03078
SISE SANTA BEATRIZ,3.36,0644799,LA CATOLICA,Privada,Privado,LIMA,LIMA,JIRON UCAYALI 235,-12.04786,-77.03078
SISE CANTUARIAS,3.14,1072560,SANTA URSULA,Privada,Privado,LIMA,SAN ISIDRO,CALLE SALAMANCA 125,-12.096344,-77.039436
SISE SAN MIGUEL,4.51,1072560,SANTA URSULA,Privada,Privado,LIMA,SAN ISIDRO,CALLE SALAMANCA 125,-12.096344,-77.039436
SISE SANTA BEATRIZ,2.11,1072560,SANTA URSULA,Privada,Privado,LIMA,SAN ISIDRO,CALLE SALAMANCA 125,-12.096344,-77.039436
SISE SAN JUAN DE LURIGANCHO,4.96,1227388,1124 JOSE MARTI,P£blica de gesti¢n directa,Público,LIMA,LA VICTORIA,AVENIDA BAUZATE Y MEZA 2299,-12.0618,-77.007
SISE SANTA BEATRIZ,3.61,1227388,1124 JOSE MARTI,P£blica de gesti¢n directa,Público,LIMA,LA VICTORIA,AVENIDA BAUZATE Y MEZA 2299,-12.0618,-77.007
SISE SANTA BEATRIZ,1.24,1264753,REGINA DECOR CARMELI,Privada,Privado,LIMA,LA VICTORIA,JIRON LOS JASPES 118-120,-12.07571,-77.02464
SISE SAN MIGUEL,2.92,1199009,SANTO DOMINGO EL APOSTOL,Privada,Privado,LIMA,SAN MIGUEL,AVENIDA LA PAZ 2249,-12.080963,-77.104089
SISE SAN MIGUEL,1.82,1488998,CRUZ SACO SAN MIGUEL,Privada,Privado,LIMA,SAN MIGUEL,AVENIDA UNIVERSITARIA 2045,-12.06336,-77.07863
SISE SANTA BEATRIZ,4.91,1488998,CRUZ SACO SAN MIGUEL,Privada,Privado,LIMA,SAN MIGUEL,AVENIDA UNIVERSITARIA 2045,-12.06336,-77.07863
SISE SAN JUAN DE LURIGANCHO,4.5,1489053,NUESTRA SE¥ORA DE COCHARCAS,Privada,Privado,LIMA,LIMA,JIRON HUANUCO 942,-12.05531,-77.01851
SISE SANTA BEATRIZ,3.13,1489053,NUESTRA SE¥ORA DE COCHARCAS,Privada,Privado,LIMA,LIMA,JIRON HUANUCO 942,-12.05531,-77.01851
SISE SAN JUAN DE MIRAFLORES,0.78,1489103,CIENTIFICO ALEXANDER DIEDRICH VON HUMBOLDT,Privada,Privado,LIMA,SAN JUAN DE MIRAFLORES,JIRON JOSE ENCINAS 297,-12.16282,-76.98013
SISE SURCO,2.05,1489103,CIENTIFICO ALEXANDER DIEDRICH VON HUMBOLDT,Privada,Privado,LIMA,SAN JUAN DE MIRAFLORES,JIRON JOSE ENCINAS 297,-12.16282,-76.98013
SISE SANTA BEATRIZ,2.99,1489236,SANTA TERESA,Privada,Privado,LIMA,LA VICTORIA,ITALIA 1916,-12.071419,-77.009129
SISE CANTUARIAS,4.95,1489327,SACO OLIVEROS,Privada,Privado,LIMA,LIMA,JIRON TEODORO CARDENAS 457,-12.07729,-77.0331
SISE SAN MIGUEL,4.81,1489327,SACO OLIVEROS,Privada,Privado,LIMA,LIMA,JIRON TEODORO CARDENAS 457,-12.07729,-77.0331
SISE SANTA BEATRIZ,0.31,1489327,SACO OLIVEROS,Privada,Privado,LIMA,LIMA,JIRON TEODORO CARDENAS 457,-12.07729,-77.0331
SISE SAN MIGUEL,3.92,1489483,JOSEPH AND MARY HIGH SCHOOL,Privada,Privado,LIMA,JESUS MARIA,AVENIDA ARNALDO MARQUEZ 551,-12.06571,-77.04416
SISE SANTA BEATRIZ,1.61,1489483,JOSEPH AND MARY HIGH SCHOOL,Privada,Privado,LIMA,JESUS MARIA,AVENIDA ARNALDO MARQUEZ 551,-12.06571,-77.04416
SISE SAN MIGUEL,1.24,1489608,SAN CHARBEL,Privada,Privado,LIMA,SAN MIGUEL,JIRON ARICA 800,-12.08962,-77.08251
SISE CANTUARIAS,4.68,1489624,CRUZ SACO DE BALCONCILLO,Privada,Privado,LIMA,LA VICTORIA,JIRON LOS DIAMANTES 172,-12.07916,-77.02316
SISE SANTA BEATRIZ,1.4,1489624,CRUZ SACO DE BALCONCILLO,Privada,Privado,LIMA,LA VICTORIA,JIRON LOS DIAMANTES 172,-12.07916,-77.02316
SISE COMAS,2.88,1489640,JESUS DE NAZARETH DE LIMA,Privada,Privado,LIMA,LIMA,JIRON CRESPO Y CASTILLO 2648,-12.03684,-77.07458
SISE SAN MIGUEL,4.77,1489640,JESUS DE NAZARETH DE LIMA,Privada,Privado,LIMA,LIMA,JIRON CRESPO Y CASTILLO 2648,-12.03684,-77.07458
SISE SAN MIGUEL,4.96,1489665,TRILCE DE ROMA,Privada,Privado,LIMA,LIMA,CALLE EMILIO FERNANDEZ 641 - 649,-12.07279,-77.03221
SISE SANTA BEATRIZ,0.68,1489665,TRILCE DE ROMA,Privada,Privado,LIMA,LIMA,CALLE EMILIO FERNANDEZ 641 - 649,-12.07279,-77.03221
SISE COMAS,2.84,1489673,FRIEDRICH GAUSS,Privada,Privado,LIMA,LIMA,JIRON JOAQUIN CAPELLO 3201,-12.037282,-77.080767
SISE SAN MIGUEL,4.73,1489673,FRIEDRICH GAUSS,Privada,Privado,LIMA,LIMA,JIRON JOAQUIN CAPELLO 3201,-12.037282,-77.080767
SISE SAN MIGUEL,4.88,1489822,TRILCE DE BRE¥A,Privada,Privado,LIMA,BRE¥A,JIRON ZORRITOS 159,-12.05085,-77.04339
SISE SANTA BEATRIZ,3.09,1489822,TRILCE DE BRE¥A,Privada,Privado,LIMA,BRE¥A,JIRON ZORRITOS 159,-12.05085,-77.04339
SISE CANTUARIAS,3.74,1489848,DOMINGO SAVIO,Privada,Privado,LIMA,LA VICTORIA,AVENIDA SANTA CATALINA 690,-12.08824,-77.01884
SISE SANTA BEATRIZ,2.2,1489848,DOMINGO SAVIO,Privada,Privado,LIMA,LA VICTORIA,AVENIDA SANTA CATALINA 690,-12.08824,-77.01884
SISE CANTUARIAS,4.51,1489657,NUESTRA SE¥ORA DE LOS ANGELES,Privada,Privado,LIMA,LA VICTORIA,CALLE LAS ESMERALDAS 444,-12.08062,-77.02461
SISE SANTA BEATRIZ,1.27,1489657,NUESTRA SE¥ORA DE LOS ANGELES,Privada,Privado,LIMA,LA VICTORIA,CALLE LAS ESMERALDAS 444,-12.08062,-77.02461
SISE SAN MIGUEL,1.49,1082601,EMILIANO PISCULICH RAMIREZ,Privada,Privado,LIMA,MAGDALENA DEL MAR,JIRON TARAPACA 357,-12.08875,-77.06718
SISE SANTA BEATRIZ,3.62,1082601,EMILIANO PISCULICH RAMIREZ,Privada,Privado,LIMA,MAGDALENA DEL MAR,JIRON TARAPACA 357,-12.08875,-77.06718
SISE SAN JUAN DE LURIGANCHO,4.64,1490127,JESUS REPARADOR,Privada,Privado,LIMA,LIMA,JIRON CUZCO 723,-12.053,-77.02635
SISE SANTA BEATRIZ,2.93,1490127,JESUS REPARADOR,Privada,Privado,LIMA,LIMA,JIRON CUZCO 723,-12.053,-77.02635
SISE SAN MIGUEL,1.5,1490317,CRISTO DE LA PAZ,P£blica de gesti¢n privada,Privado,LIMA,SAN MIGUEL,AVENIDA LA PAZ 535,-12.08815,-77.088
SISE SAN MIGUEL,2.47,1490432,PAMER - FAUCETT,Privada,Privado,LIMA,SAN MIGUEL,AVENIDA ELMER FAUCETT 272,-12.07055,-77.09805
SISE COMAS,4.73,1490721,DIVINO Y SAGRADO CORAZON DE JESUS,Privada,Privado,LIMA,LIMA,JIRON SUECIA 1216,-12.0494,-77.06061
SISE SAN MIGUEL,3.82,1490721,DIVINO Y SAGRADO CORAZON DE JESUS,Privada,Privado,LIMA,LIMA,JIRON SUECIA 1216,-12.0494,-77.06061
SISE SANTA BEATRIZ,4.14,1490721,DIVINO Y SAGRADO CORAZON DE JESUS,Privada,Privado,LIMA,LIMA,JIRON SUECIA 1216,-12.0494,-77.06061
SISE SAN MIGUEL,3.75,1490739,CORAZON DE JESUS,Privada,Privado,LIMA,JESUS MARIA,JIRON LLOQUE YUPANQUI 831 - 841,-12.07041,-77.04411
SISE SANTA BEATRIZ,1.2,1490739,CORAZON DE JESUS,Privada,Privado,LIMA,JESUS MARIA,JIRON LLOQUE YUPANQUI 831 - 841,-12.07041,-77.04411
SISE SANTA BEATRIZ,3.06,1491471,VICTOR ANDRES BELAUNDE,Privada,Privado,LIMA,LIMA,JIRON CHOTA 855,-12.05054,-77.04076
SISE SANTA BEATRIZ,2.81,1491521,REMAR,Privada,Privado,LIMA,LIMA,JIRON CAMANA 963,-12.05242,-77.03709
SISE COMAS,4.66,1491729,TERESA DE CALCUTA EN TRINIDAD,Privada,Privado,LIMA,LIMA,JIRON GUALBERTO GUEVARA 587,-12.05125,-77.06657
SISE SAN MIGUEL,3.37,1491729,TERESA DE CALCUTA EN TRINIDAD,Privada,Privado,LIMA,LIMA,JIRON GUALBERTO GUEVARA 587,-12.05125,-77.06657
SISE SANTA BEATRIZ,4.44,1491729,TERESA DE CALCUTA EN TRINIDAD,Privada,Privado,LIMA,LIMA,JIRON GUALBERTO GUEVARA 587,-12.05125,-77.06657
SISE SAN MIGUEL,0.92,1492008,LOS ROSALES,Privada,Privado,LIMA,SAN MIGUEL,CALLE ARCA PARRO 233,-12.085744,-77.083061
SISE SAN MIGUEL,4.09,1492149,TRILCE SALAVERRY,Privada,Privado,LIMA,JESUS MARIA,AVENIDA CUBA 414 - 418 - 420,-12.07486,-77.04001
SISE SANTA BEATRIZ,0.55,1492149,TRILCE SALAVERRY,Privada,Privado,LIMA,JESUS MARIA,AVENIDA CUBA 414 - 418 - 420,-12.07486,-77.04001
SISE SAN MIGUEL,2.32,0693499,LICEO NAVAL CONTRALMIRANTE MONTERO,P£blica de gesti¢n directa,Público,LIMA,SAN MIGUEL,AVENIDA VENEZUELA CUADRA 34,-12.062288,-77.089106
SISE COMAS,2.88,1492412,BARCIA BONIFATTI,Privada,Privado,LIMA,LIMA,JIRON PEREZ DE TUDELA 3055,-12.03755,-77.0792
SISE SAN MIGUEL,4.69,1492412,BARCIA BONIFATTI,Privada,Privado,LIMA,LIMA,JIRON PEREZ DE TUDELA 3055,-12.03755,-77.0792
SISE CANTUARIAS,4.42,1492594,ALBORADA,Privada,Privado,LIMA,LINCE,JIRON MANUEL CANDAMO 253,-12.08228,-77.03414
SISE SAN MIGUEL,4.7,1492594,ALBORADA,Privada,Privado,LIMA,LINCE,JIRON MANUEL CANDAMO 253,-12.08228,-77.03414
SISE SANTA BEATRIZ,0.55,1492594,ALBORADA,Privada,Privado,LIMA,LINCE,JIRON MANUEL CANDAMO 253,-12.08228,-77.03414
SISE INDEPENDENCIA,4.43,0436642,2026 SIMON BOLIVAR,P£blica de gesti¢n directa,Público,LIMA,COMAS,PASAJE ELIAS AGUIRRE S/N MZ ¥-2 ETAPA II,-11.95063,-77.06313
SISE INDEPENDENCIA,4.37,0437228,CARLOS WIESSE,P£blica de gesti¢n directa,Público,LIMA,COMAS,AVENIDA TUPAC AMARU 1520,-11.9519,-77.0505
SISE PUENTE PIEDRA,0.57,0437269,AUGUSTO B. LEGUIA,P£blica de gesti¢n directa,Público,LIMA,PUENTE PIEDRA,AVENIDA BUENOS AIRES S/N,-11.86867,-77.0749
SISE INDEPENDENCIA,4.38,0437277,ESTHER FESTINI DE RAMOS OCAMPO,P£blica de gesti¢n directa,Público,LIMA,COMAS,AVENIDA TUPAC AMARU 1526,-11.951812,-77.050653
SISE PUENTE PIEDRA,1.15,0437525,3711 FE Y ALEGRIA 12,P£blica de gesti¢n privada,Privado,LIMA,PUENTE PIEDRA,JIRON AYACUCHO S/N,-11.86997,-77.08678
SISE VENTANILLA,4.54,0437525,3711 FE Y ALEGRIA 12,P£blica de gesti¢n privada,Privado,LIMA,PUENTE PIEDRA,JIRON AYACUCHO S/N,-11.86997,-77.08678
SISE INDEPENDENCIA,2.8,0437731,ESTADOS UNIDOS,P£blica de gesti¢n directa,Público,LIMA,COMAS,AVENIDA EL MAESTRO PERUANO S/N,-11.965191,-77.05676
SISE INDEPENDENCIA,4.49,0437749,PRESENTACION DE MARIA 41,P£blica de gesti¢n privada,Privado,LIMA,COMAS,AVENIDA CANADA 095,-11.95058,-77.05162
SISE VENTANILLA,4.91,0542357,2076 ABRAHAM LINCOLN,P£blica de gesti¢n directa,Público,LIMA,PUENTE PIEDRA,MZ A LOTE 27,-11.82699,-77.11653
SISE INDEPENDENCIA,3.99,0566158,3047 REPUBLICA DE CANADA,P£blica de gesti¢n directa,Público,LIMA,COMAS,JIRON LA HABANA S/N,-11.95916,-77.04107
SISE PUENTE PIEDRA,4.48,0582171,2050 REPUBLICA DE ARGENTINA,P£blica de gesti¢n directa,Público,LIMA,CARABAYLLO,AVENIDA JOSE SACO ROJAS S/N,-11.85447,-77.03795
SISE PUENTE PIEDRA,0.25,0582189,3719 SANTISIMA TRINIDAD,P£blica de gesti¢n privada,Privado,LIMA,PUENTE PIEDRA,AVENIDA BUENOS AIRES 600,-11.86345,-77.07989
SISE PUENTE PIEDRA,3.85,0598649,2067 LEONCIO PRADO,P£blica de gesti¢n directa,Público,LIMA,PUENTE PIEDRA,CARRETERA PANAMERICANA S/N,-11.84067,-77.10351
SISE VENTANILLA,4.21,0598649,2067 LEONCIO PRADO,P£blica de gesti¢n directa,Público,LIMA,PUENTE PIEDRA,CARRETERA PANAMERICANA S/N,-11.84067,-77.10351
SISE VENTANILLA,4.93,0599365,3720 NUESTRA SE¥ORA DE LA MISERICORDIA,P£blica de gesti¢n privada,Privado,CALLAO,VENTANILLA,CARRETERA PANAMERICANA NORTE,-11.825532,-77.123596
SISE INDEPENDENCIA,4.22,0639922,JESUS OBRERO,P£blica de gesti¢n privada,Privado,LIMA,COMAS,AVENIDA REPUBLICA DEL PERU 862,-11.95287,-77.05254
SISE INDEPENDENCIA,3.54,0662940,3061 JORGE CHAVEZ DARTNELL,P£blica de gesti¢n directa,Público,LIMA,COMAS,JIRON 21 DE SETIEMBRE S/N,-11.95925,-77.0521
SISE PUENTE PIEDRA,4.9,0663542,2068 JOSE MARIA ARGUEDAS,P£blica de gesti¢n directa,Público,LIMA,PUENTE PIEDRA,AVENIDA INDEPENDENCIA S/N,-11.90856,-77.07782
SISE INDEPENDENCIA,4.21,0703769,INGENIERIA DE LA ENSE¥ANZA,Privada,Privado,LIMA,COMAS,JIRON ASUNCION 881,-11.95284,-77.05339
SISE INDEPENDENCIA,4.05,0725770,JOSE MARTI,P£blica de gesti¢n directa,Público,LIMA,COMAS,JIRON MONTEVIDEO S/N,-11.95403,-77.05587
SISE INDEPENDENCIA,3.2,0775486,DIVINO JESUS,Privada,Privado,LIMA,COMAS,JIRON ASUNCION 157,-11.961658,-77.05583
SISE INDEPENDENCIA,3.69,0775924,GUIAME SAN MARTIN DE PORRAS,Privada,Privado,LIMA,COMAS,AVENIDA METROPOLITANA 1094,-11.95732,-77.06315
SISE PUENTE PIEDRA,1.07,0780320,2069 SANTA ROSA,P£blica de gesti¢n directa,Público,LIMA,PUENTE PIEDRA,JIRON CARMEN ALTO,-11.87225,-77.08358
SISE VENTANILLA,4.9,0780320,2069 SANTA ROSA,P£blica de gesti¢n directa,Público,LIMA,PUENTE PIEDRA,JIRON CARMEN ALTO,-11.87225,-77.08358
SISE PUENTE PIEDRA,0.51,0781161,LOS NI¥OS DE JESUS,Privada,Privado,LIMA,PUENTE PIEDRA,CALLE RAMON CASTILLA 225,-11.86798,-77.074802
SISE PUENTE PIEDRA,1.95,0781245,2064 REPUBLICA FEDERAL DE ALEMANIA,P£blica de gesti¢n directa,Público,LIMA,PUENTE PIEDRA,AVENIDA SAN PEDRO DE CHJOQUE S/N,-11.86696,-77.06016
SISE PUENTE PIEDRA,3.85,0781278,3073 EL DORADO,P£blica de gesti¢n directa,Público,LIMA,PUENTE PIEDRA,AVENIDA JULIO DIAZ S/N,-11.83432,-77.09533
SISE PUENTE PIEDRA,2.9,0781302,3074 PEDRO RUIZ GALLO,P£blica de gesti¢n directa,Público,LIMA,CARABAYLLO,AVENIDA EL ROSARIO S/N,-11.843323,-77.06224
SISE PUENTE PIEDRA,1.9,0781369,5168 ROSA LUZ,P£blica de gesti¢n directa,Público,LIMA,PUENTE PIEDRA,CALLE LAS ORQUIDEAS 319,-11.8806,-77.07223
SISE PUENTE PIEDRA,3.98,0832253,8161 MANUEL SCORZA TORRE,P£blica de gesti¢n directa,Público,LIMA,CARABAYLLO,CALLE 5 S/N MZ J,-11.82905,-77.07259
SISE INDEPENDENCIA,2.58,0832337,PERUANO SUIZO,P£blica de gesti¢n directa,Público,LIMA,COMAS,CALLE 13 A S/N,-11.96703,-77.06011
SISE INDEPENDENCIA,4.18,0832402,SAN MARTIN DE PORRES,Privada,Privado,LIMA,COMAS,JIRON DOS DE MAYO 770,-11.95628,-77.04302
SISE PUENTE PIEDRA,4.98,0833343,MARIA REICHE,Privada,Privado,LIMA,COMAS,AVENIDA HEROES DEL ALTO CENEPA S/N MZ D LOTE 34,-11.90126,-77.05173
SISE INDEPENDENCIA,3.69,0833913,DANIEL ALCIDES CARRION,Privada,Privado,LIMA,COMAS,CALLE RIO PERENE S/N MZ G LOTE 21,-11.95714,-77.06088
SISE PUENTE PIEDRA,4.46,0845420,INGENIERIA DE SANTO DOMINGO,Privada,Privado,LIMA,PUENTE PIEDRA,AVENIDA SANTA GABRIELA S/N MZ N1 LOTE 4,-11.83587,-77.10661
SISE VENTANILLA,4.45,0845420,INGENIERIA DE SANTO DOMINGO,Privada,Privado,LIMA,PUENTE PIEDRA,AVENIDA SANTA GABRIELA S/N MZ N1 LOTE 4,-11.83587,-77.10661
SISE PUENTE PIEDRA,4.97,1037456,LOS AMAUTAS,Privada,Privado,LIMA,CARABAYLLO,JIRON URSULA PEREDA 380,-11.8917,-77.04168
SISE INDEPENDENCIA,3.85,1038926,SAN BENITO DEL CONO NORTE,Privada,Privado,LIMA,COMAS,JIRON LIBERTAD 541,-11.95637,-77.05199
SISE INDEPENDENCIA,3.76,1039320,FRANKLIN DELANO ROOSVELT,Privada,Privado,LIMA,COMAS,CALLE RIO CAPLINA 133 MZ F LOTE 36,-11.95654,-77.06141
SISE PUENTE PIEDRA,0.33,1053404,SAN MIGUEL ARCANGEL,Privada,Privado,LIMA,PUENTE PIEDRA,SAENZ PE¥A CUADRA 6,-11.86237,-77.08004
SISE PUENTE PIEDRA,2.06,1053768,DOMINGO ELIAS,Privada,Privado,LIMA,PUENTE PIEDRA,AVENIDA LOS NARANJOS S/N MZ C LOTE 14,-11.87745,-77.06442
SISE PUENTE PIEDRA,1.54,1053818,MIGUEL DE CERVANTES,Privada,Privado,LIMA,PUENTE PIEDRA,JIRON LOS CLAVELES MZ B LOTE 1-2 ZONA TACNA,-11.85505,-77.08824
SISE VENTANILLA,4.67,1053818,MIGUEL DE CERVANTES,Privada,Privado,LIMA,PUENTE PIEDRA,JIRON LOS CLAVELES MZ B LOTE 1-2 ZONA TACNA,-11.85505,-77.08824
SISE PUENTE PIEDRA,1.13,1053925,RENACIMIENTO,Privada,Privado,LIMA,PUENTE PIEDRA,AVENIDA SAN JUAN 181,-11.85888,-77.08656
SISE VENTANILLA,4.72,1053925,RENACIMIENTO,Privada,Privado,LIMA,PUENTE PIEDRA,AVENIDA SAN JUAN 181,-11.85888,-77.08656
SISE PUENTE PIEDRA,4.34,1054113,3088 VISTA ALEGRE,P£blica de gesti¢n directa,Público,LIMA,PUENTE PIEDRA,CALLE LAS CONCHITAS S/N MZ E LOTE 9,-11.84182,-77.11031
SISE VENTANILLA,3.67,1054113,3088 VISTA ALEGRE,P£blica de gesti¢n directa,Público,LIMA,PUENTE PIEDRA,CALLE LAS CONCHITAS S/N MZ E LOTE 9,-11.84182,-77.11031
SISE VENTANILLA,4.38,1054154,3089 LOS ANGELES,P£blica de gesti¢n directa,Público,CALLAO,VENTANILLA,CALLE PARAISO S/N,-11.831949,-77.116767
SISE PUENTE PIEDRA,1.82,1054196,3070 MARIA DE LOS ANGELES,P£blica de gesti¢n directa,Público,LIMA,PUENTE PIEDRA,AVENIDA BUENOS AIRES S/N MZ K LOTE 9,-11.85322,-77.09004
SISE VENTANILLA,4.57,1054196,3070 MARIA DE LOS ANGELES,P£blica de gesti¢n directa,Público,LIMA,PUENTE PIEDRA,AVENIDA BUENOS AIRES S/N MZ K LOTE 9,-11.85322,-77.09004
SISE VENTANILLA,4.64,1054238,5166 BELLA AURORA,P£blica de gesti¢n directa,Público,LIMA,PUENTE PIEDRA,JIRON FRANCISCO BOLOGNESI S/N,-11.83196,-77.11009
SISE PUENTE PIEDRA,3.52,1054311,5178 VICTOR ANDRES BELAUNDE,P£blica de gesti¢n directa,Público,LIMA,PUENTE PIEDRA,AVENIDA TARAPACA S/N,-11.848705,-77.105932
SISE VENTANILLA,3.38,1054311,5178 VICTOR ANDRES BELAUNDE,P£blica de gesti¢n directa,Público,LIMA,PUENTE PIEDRA,AVENIDA TARAPACA S/N,-11.848705,-77.105932
SISE PUENTE PIEDRA,0.46,1054352,3071 MANUEL GARCIA CERRON,P£blica de gesti¢n directa,Público,LIMA,PUENTE PIEDRA,JIRON 9 DE JUNIO CDRA 4 S/N,-11.86841,-77.079
SISE PUENTE PIEDRA,1.57,1054360,ANTONIO RAYMONDI,Privada,Privado,LIMA,PUENTE PIEDRA,AVENIDA PORVENIR S/N,-11.854,-77.08758
SISE VENTANILLA,4.78,1054360,ANTONIO RAYMONDI,Privada,Privado,LIMA,PUENTE PIEDRA,AVENIDA PORVENIR S/N,-11.854,-77.08758
SISE PUENTE PIEDRA,2.26,1054394,5179 LOS PINOS,P£blica de gesti¢n directa,Público,LIMA,PUENTE PIEDRA,MZ L S/N MZ L,-11.88335,-77.07024
SISE PUENTE PIEDRA,4.59,1054436,5173 GUSTAVO MOHME LLONA,P£blica de gesti¢n directa,Público,LIMA,PUENTE PIEDRA,AVENIDA TIWINZA S/N MZ P LOTE 26,-11.90455,-77.06779
SISE PUENTE PIEDRA,0.31,1054758,SAGRADO CORAZON DE JESUS,Privada,Privado,LIMA,PUENTE PIEDRA,AVENIDA MIGUEL GRAU 600,-11.86297,-77.0803
SISE PUENTE PIEDRA,0.36,1054915,DOMINGO FAUSTINO SARMIENTO,Privada,Privado,LIMA,PUENTE PIEDRA,AVENIDA BUENOS AIRES 181Y 195,-11.8674,-77.0764
SISE PUENTE PIEDRA,2.92,1054956,VIRGEN DE FATIMA,Privada,Privado,LIMA,PUENTE PIEDRA,MZ B LOTE 4 Y 5,-11.8875,-77.06498
SISE INDEPENDENCIA,3.15,1195080,INGENIA SCHOOL LOS OLIVOS,Privada,Privado,LIMA,LOS OLIVOS,AVENIDA UNIVERSITARIA 5634 MZ E LOTE 6-7 ETAPA IV,-11.965137,-77.072776
SISE PUENTE PIEDRA,0.75,1247667,SAN JOSE DE NAZARETH,Privada,Privado,LIMA,PUENTE PIEDRA,AVENIDA 1 S/N MZ B LOTE 4,-11.87004,-77.07406
SISE VENTANILLA,4.77,1257617,SAN FRANCISCO DE ASIS,Privada,Privado,LIMA,PUENTE PIEDRA,AVENIDA INDO AMERICA S/N MZ C LOTE 23,-11.82674,-77.12656
SISE PUENTE PIEDRA,0.28,1257658,INNOVATEC SCHOOL,Privada,Privado,LIMA,PUENTE PIEDRA,MZ A-1 LOTE 02,-11.865603,-77.08013
SISE PUENTE PIEDRA,3.97,1257690,PROLOG DEL NORTE,Privada,Privado,LIMA,PUENTE PIEDRA,AVENIDA LEONCIO PRADO 898,-11.84015,-77.10463
SISE VENTANILLA,4.18,1257690,PROLOG DEL NORTE,Privada,Privado,LIMA,PUENTE PIEDRA,AVENIDA LEONCIO PRADO 898,-11.84015,-77.10463
SISE PUENTE PIEDRA,3.97,1257773,LOS CERVANTINOS,Privada,Privado,LIMA,PUENTE PIEDRA,MZ J LOTE 4-5,-11.89782,-77.06479
SISE INDEPENDENCIA,3.53,1257971,ALFRED BERNHARD NOBEL,Privada,Privado,LIMA,COMAS,JIRON PUQUIO 189,-11.96035,-77.04847
SISE PUENTE PIEDRA,2.38,1258334,5186 REPUBLICA DE JAPON,P£blica de gesti¢n directa,Público,LIMA,PUENTE PIEDRA,MZ F LOTE 1,-11.8802,-77.06299
SISE PUENTE PIEDRA,3.95,1495407,5174 JUAN PABLO II,P£blica de gesti¢n directa,Público,LIMA,CARABAYLLO,AVENIDA SAN ANTONIO S/N,-11.8297,-77.07024
SISE INDEPENDENCIA,4.86,1495555,PAUL GROUSSAC DE COMAS,Privada,Privado,LIMA,COMAS,CALLE LOS PROCERES 179,-11.947446,-77.050298
SISE INDEPENDENCIA,3.6,1495613,NUESTRA SE¥ORA DE GUADALUPE SEGUNDO,Privada,Privado,LIMA,COMAS,JIRON LIBERTAD 332,-11.95863,-77.0525
SISE PUENTE PIEDRA,4.98,1495944,8183 PITAGORAS,P£blica de gesti¢n directa,Público,LIMA,PUENTE PIEDRA,CALLE 6 MZ Y1 S/N,-11.82578,-77.10087
SISE PUENTE PIEDRA,4.82,1496280,REGINA MUNDI,Privada,Privado,LIMA,CARABAYLLO,JIRON MELCHOR ARTEAGA 361,-11.89439,-77.04583
SISE INDEPENDENCIA,2.74,1496512,CANTOR COLLEGE,Privada,Privado,LIMA,COMAS,AVENIDA METROPOLITANA 537,-11.96568,-77.06135
SISE PUENTE PIEDRA,2.05,1496553,LUMBRERAS,Privada,Privado,LIMA,PUENTE PIEDRA,MZ F LOTE 1,-11.88113,-77.0699
SISE PUENTE PIEDRA,1.97,1496611,SAN FRANCISCO DE PUENTE PIEDRA,Privada,Privado,LIMA,PUENTE PIEDRA,"MZ B6 LOTE 17-19, 44",-11.85464,-77.06276
SISE PUENTE PIEDRA,2.33,1496801,CRUZ SACO DE PUENTE PIEDRA,Privada,Privado,LIMA,PUENTE PIEDRA,MZ B LOTE 1,-11.88514,-77.07464
SISE VENTANILLA,4.9,1497007,5172 HIJOS DE LUYA,P£blica de gesti¢n directa,Público,LIMA,PUENTE PIEDRA,JIRON AREQUIPA S/N,-11.83017,-77.10834
SISE PUENTE PIEDRA,2.91,1497056,5177 ALAMEDA DEL NORTE,P£blica de gesti¢n directa,Público,LIMA,PUENTE PIEDRA,CALLE 9 Y 10 PARQUE CENTRAL S/N,-11.84254,-77.09246
SISE VENTANILLA,4.95,1497056,5177 ALAMEDA DEL NORTE,P£blica de gesti¢n directa,Público,LIMA,PUENTE PIEDRA,CALLE 9 Y 10 PARQUE CENTRAL S/N,-11.84254,-77.09246
SISE SAN JUAN DE MIRAFLORES,2.63,1497296,SACO OLIVEROS DE SANTA ISABEL,Privada,Privado,LIMA,CHORRILLOS,CALLE PALAS ATENEA Y PASAJE HUANUCO MZ S LOTE 23,-12.17109,-76.99497
SISE SURCO,2.89,1497296,SACO OLIVEROS DE SANTA ISABEL,Privada,Privado,LIMA,CHORRILLOS,CALLE PALAS ATENEA Y PASAJE HUANUCO MZ S LOTE 23,-12.17109,-76.99497
SISE VENTANILLA,4.78,1497395,LAS AMERICAS,Privada,Privado,LIMA,PUENTE PIEDRA,AVENIDA LOS LIRIOS S/N MZ A LOTE 9,-11.82952,-77.1126
SISE PUENTE PIEDRA,1.57,1497452,CORAZON DE JESUS EL ROBLE,Privada,Privado,LIMA,PUENTE PIEDRA,CALLE 5 MZ H LOTE 03,-11.85392,-77.06826
SISE VENTANILLA,4.52,1497536,MI AMIGO JESUS,Privada,Privado,LIMA,PUENTE PIEDRA,AVENIDA ANCON S/N MZ B LOTE 38,-11.83268,-77.11122
SISE PUENTE PIEDRA,3.72,1497668,JESUS AMIGO,Privada,Privado,LIMA,PUENTE PIEDRA,AVENIDA ZAPALLAL S/N MZ H1 LOTE 8,-11.84078,-77.102065
SISE VENTANILLA,4.31,1497668,JESUS AMIGO,Privada,Privado,LIMA,PUENTE PIEDRA,AVENIDA ZAPALLAL S/N MZ H1 LOTE 8,-11.84078,-77.102065
SISE INDEPENDENCIA,4.74,1497916,MAEZTU DE SANTA LUZMILA,Privada,Privado,LIMA,COMAS,JIRON BAQUIJANO Y CARRILLO 129,-11.947824,-77.063834
SISE INDEPENDENCIA,4.13,1498344,TRILCE DE COMAS,Privada,Privado,LIMA,COMAS,AVENIDA UNIVERSITARIA 5526 MZ E LOTE 36,-11.95351,-77.05374
SISE PUENTE PIEDRA,0.52,1498401,LAS ORQUIDEAS,Privada,Privado,LIMA,PUENTE PIEDRA,CALLE 6 S/N MZ F LOTE 15,-11.85996,-77.07659
SISE PUENTE PIEDRA,1.19,1279751,NUESTRA SE¥ORA DE MONSERRAT DE PUENTE PIEDRA II,Privada,Privado,LIMA,PUENTE PIEDRA,AVENIDA BUENOS AIRES 1289,-11.85729,-77.08599
SISE VENTANILLA,4.83,1279751,NUESTRA SE¥ORA DE MONSERRAT DE PUENTE PIEDRA II,Privada,Privado,LIMA,PUENTE PIEDRA,AVENIDA BUENOS AIRES 1289,-11.85729,-77.08599
SISE PUENTE PIEDRA,0.93,1279793,JOHN A. MACKAY,Privada,Privado,LIMA,PUENTE PIEDRA,AVENIDA BUENOS AIRES 1123,-11.858997,-77.084314
SISE VENTANILLA,4.95,1279793,JOHN A. MACKAY,Privada,Privado,LIMA,PUENTE PIEDRA,AVENIDA BUENOS AIRES 1123,-11.858997,-77.084314
SISE PUENTE PIEDRA,5.0,1278472,8186 MARIA JESUS ESPINOZA MATOS,P£blica de gesti¢n directa,Público,LIMA,COMAS,CALLE 5 S/N MZ M LOTE 1,-11.89907,-77.04858
SISE PUENTE PIEDRA,0.47,1498674,SARITA COLONIA,Privada,Privado,LIMA,PUENTE PIEDRA,AVENIDA BUENOS AIRES 776,-11.86184,-77.08128
SISE PUENTE PIEDRA,1.36,1498708,VIRGEN MILAGROSA,Privada,Privado,LIMA,PUENTE PIEDRA,PASAJE LA S VI¥AS DEL NORTE MZ I LOTE 15,-11.852631,-77.081057
SISE PUENTE PIEDRA,0.65,1499300,3710 SAGRADOS CORAZONES,Privada,Privado,LIMA,PUENTE PIEDRA,AVENIDA SAN LORENZO S/N MZ A LOTE 3,-11.86254,-77.07224
SISE INDEPENDENCIA,4.28,1499532,MARIA DEL ANGEL,Privada,Privado,LIMA,COMAS,CALLE JAPON S/N MZ N LOTE 2,-11.95204,-77.05456
SISE PUENTE PIEDRA,4.92,1499748,SAN RAFAEL,Privada,Privado,LIMA,CARABAYLLO,PARCELA 12 S/N,-11.829724,-77.049843
SISE PUENTE PIEDRA,4.78,1499888,THALES DE MILETO,Privada,Privado,LIMA,CARABAYLLO,MZ D1 LOTE 18 Y 19,-11.88793,-77.041
SISE VENTANILLA,4.58,1499961,LOS AMAUTAS DE ZAPALLAL,Privada,Privado,LIMA,PUENTE PIEDRA,MZ I LOTE 13,-11.83206,-77.11132
SISE PUENTE PIEDRA,0.62,1499987,ALFRED NOBEL DE PUENTE PIEDRA,Privada,Privado,LIMA,PUENTE PIEDRA,AVENIDA HEROES DE CENEPA S/N MZ U LOTE 1 AL 13,-11.86565,-77.08342
SISE VENTANILLA,4.93,1499987,ALFRED NOBEL DE PUENTE PIEDRA,Privada,Privado,LIMA,PUENTE PIEDRA,AVENIDA HEROES DE CENEPA S/N MZ U LOTE 1 AL 13,-11.86565,-77.08342
SISE PUENTE PIEDRA,2.82,1500008,JOSE CARLOS MARIATEGUI DE ZAPALLAL,Privada,Privado,LIMA,PUENTE PIEDRA,AVENIDA PRIMAVERA S/N MZ A LOTE 2,-11.84882,-77.09831
SISE VENTANILLA,4.02,1500008,JOSE CARLOS MARIATEGUI DE ZAPALLAL,Privada,Privado,LIMA,PUENTE PIEDRA,AVENIDA PRIMAVERA S/N MZ A LOTE 2,-11.84882,-77.09831
SISE PUENTE PIEDRA,0.51,1500644,JESUS SUBLIME MAESTRO,Privada,Privado,LIMA,PUENTE PIEDRA,AVENIDA BUENOS AIRES 101,-11.8684,-77.07537
SISE PUENTE PIEDRA,2.92,1500651,NUESTRA SE¥ORA DE LAS MERCEDES,Privada,Privado,LIMA,PUENTE PIEDRA,CALLE CALLE LA MERCED MZ B LOTE 01,-11.84875,-77.0994
SISE VENTANILLA,3.93,1500651,NUESTRA SE¥ORA DE LAS MERCEDES,Privada,Privado,LIMA,PUENTE PIEDRA,CALLE CALLE LA MERCED MZ B LOTE 01,-11.84875,-77.0994
SISE PUENTE PIEDRA,1.61,1281518,ARISTIDES DEL NORTE,Privada,Privado,LIMA,PUENTE PIEDRA,CALLE A Y CALLE B S/N,-11.850468,-77.081797
SISE SAN JUAN DE LURIGANCHO,3.04,0901454,CRISTONY,Privada,Privado,LIMA,SAN JUAN DE LURIGANCHO,JIRON LOS MALVAVISCOS 120,-11.99092,-77.01158
SISE SAN JUAN DE LURIGANCHO,4.22,0762831,INCA GARCILASO DE LA VEGA,Privada,Privado,LIMA,SAN JUAN DE LURIGANCHO,AVENIDA CANTO GRANDE 198,-11.98,-77.01174
SISE SAN JUAN DE LURIGANCHO,4.13,0901587,MENTOR DE CANTO REY,Privada,Privado,LIMA,SAN JUAN DE LURIGANCHO,AVENIDA LOS BAMBUES 815,-11.98095,-76.99666
SISE SAN JUAN DE LURIGANCHO,4.94,1069673,LOBACHEVSKY,Privada,Privado,LIMA,SAN JUAN DE LURIGANCHO,CALLE VILLAC UMU 1238,-11.97325,-76.99839
SISE SAN JUAN DE LURIGANCHO,3.32,0901702,LUIS FABIO XAMMAR,Privada,Privado,LIMA,SAN JUAN DE LURIGANCHO,AVENIDA CONSTELACION 2446,-11.98834,-77.01188
SISE SAN JUAN DE LURIGANCHO,2.05,0665331,CRISTO REY,Privada,Privado,LIMA,SAN JUAN DE LURIGANCHO,JIRON KALASASAYA 1155 MZ E-1 LOTE 11,-12.01494,-76.98567
SISE SAN JUAN DE LURIGANCHO,1.6,0632059,SAN JUAN BAUTISTA,Privada,Privado,LIMA,SAN JUAN DE LURIGANCHO,JIRON LOS AMAUTAS 1167-1171,-12.02483,-76.99183
SISE SAN JUAN DE LURIGANCHO,3.2,0664458,JOHANNES KEPLER II,Privada,Privado,LIMA,EL AGUSTINO,AVENIDA RIVA AGUERO 1566-1568,-12.04554,-76.99859
SISE SAN JUAN DE LURIGANCHO,0.84,0901157,BLAS PASCAL,Privada,Privado,LIMA,SAN JUAN DE LURIGANCHO,JIRON SAN LUIS DE GONZAGA 511-519,-12.02473,-77.00294
SISE SAN JUAN DE LURIGANCHO,4.43,0777714,157 CAPITAN FAP JOSE ABELARDO QUI¥ONEZ,P£blica de gesti¢n directa,Público,LIMA,SAN JUAN DE LURIGANCHO,AVENIDA PROLONGACION SAN MARTIN S/N,-11.98225,-76.98489
SISE SAN JUAN DE LURIGANCHO,0.76,0900738,0134 MARIO FLORIAN,P£blica de gesti¢n directa,Público,LIMA,SAN JUAN DE LURIGANCHO,JIRON LAS SENSITIVAS S/N,-12.01087,-77.00667
SISE SAN JUAN DE LURIGANCHO,0.94,0901603,SAN NICOLAS,Privada,Privado,LIMA,SAN JUAN DE LURIGANCHO,JIRON LOS ACEBOS 166,-12.009,-77.00605
SISE SAN JUAN DE LURIGANCHO,1.52,1067206,NUESTRA SE¥ORA DE COPACABANA,Privada,Privado,LIMA,SAN JUAN DE LURIGANCHO,CALLE MALECON CHECA 241,-12.02998,-77.00958
SISE SAN JUAN DE LURIGANCHO,2.31,0901306,JUAN WESLEY,Privada,Privado,LIMA,SAN JUAN DE LURIGANCHO,CALLE HATUN COLLA 388-390,-12.01762,-76.98306
SISE SAN JUAN DE LURIGANCHO,4.89,0901652,SANTO DOMINGO SAVIO,Privada,Privado,LIMA,SAN JUAN DE LURIGANCHO,AVENIDA LAS FLORES 209,-11.97328,-77.00322
SISE SAN JUAN DE LURIGANCHO,2.1,0901488,ASOCIACION EDUCATIVA DE JESUS,Privada,Privado,LIMA,SAN JUAN DE LURIGANCHO,AVENIDA MANGOMARCA 499,-12.01442,-76.98527
SISE SAN JUAN DE LURIGANCHO,4.88,0901116,BENJAMIN FRANKLIN,Privada,Privado,LIMA,SAN JUAN DE LURIGANCHO,CALLE LOS CEDROS MZ G LOTE 18 ZONA I,-12.02167,-76.95966
SISE SAN JUAN DE LURIGANCHO,0.18,1069590,SAN PEDRO,Privada,Privado,LIMA,SAN JUAN DE LURIGANCHO,JIRON LOS BELE¥OS 275,-12.01592,-77.00519
SISE SAN JUAN DE LURIGANCHO,4.53,1067123,MARISCAL ANDRES AVELINO CACERES DORREGARAY DE CAMPOY,Privada,Privado,LIMA,SAN JUAN DE LURIGANCHO,AVENIDA LOS PROCERES S/N MZ M LOTE 20,-12.01322,-76.96291
SISE SAN JUAN DE LURIGANCHO,1.5,1067081,JUAN PABLO II,Privada,Privado,LIMA,SAN JUAN DE LURIGANCHO,AVENIDA LOS JARDINES ESTE 426,-12.00398,-77.00206
SISE SAN JUAN DE LURIGANCHO,0.93,1067164,HONORES DE LAS FLORES,Privada,Privado,LIMA,SAN JUAN DE LURIGANCHO,PASAJE LOS AMARUS 651,-12.0188,-77.01276
SISE SAN JUAN DE LURIGANCHO,4.94,0901322,PEDRO PAULET,Privada,Privado,LIMA,SAN JUAN DE LURIGANCHO,JIRON RIO VILCANOTA 266,-11.97305,-77.00855
SISE INDEPENDENCIA,4.96,0703280,JEAN PIAGET,Privada,Privado,LIMA,SAN JUAN DE LURIGANCHO,JIRON LOS NACISOS 128,-12.00171,-77.01534
SISE SAN JUAN DE LURIGANCHO,2.11,0703280,JEAN PIAGET,Privada,Privado,LIMA,SAN JUAN DE LURIGANCHO,JIRON LOS NACISOS 128,-12.00171,-77.01534
SISE INDEPENDENCIA,4.7,0607531,0087 JOSE MARIA ARGUEDAS,P£blica de gesti¢n directa,Público,LIMA,SAN JUAN DE LURIGANCHO,JIRON LOS GERMANIOS S/N,-11.99525,-77.01644
SISE SAN JUAN DE LURIGANCHO,2.78,0607531,0087 JOSE MARIA ARGUEDAS,P£blica de gesti¢n directa,Público,LIMA,SAN JUAN DE LURIGANCHO,JIRON LOS GERMANIOS S/N,-11.99525,-77.01644
SISE SAN JUAN DE LURIGANCHO,4.56,0336610,NICOLAS COPERNICO,P£blica de gesti¢n directa,Público,LIMA,SAN JUAN DE LURIGANCHO,AVENIDA WIESE S/N,-11.97627,-77.0028
SISE SAN JUAN DE LURIGANCHO,2.13,0901066,0147 CAPITAN EP LUIS ALBERTO GARCIA ROJAS,P£blica de gesti¢n directa,Público,LIMA,SAN JUAN DE LURIGANCHO,JIRON LOS JOBOS S/N,-11.99992,-77.01265
SISE SAN JUAN DE LURIGANCHO,3.44,0900852,0150 HEROES DE LA BRE¥A,P£blica de gesti¢n directa,Público,LIMA,SAN JUAN DE LURIGANCHO,AVENIDA HEROES DE LA BRE¥A S/N,-11.98802,-76.99411
SISE SAN JUAN DE LURIGANCHO,1.56,1070119,168 AMISTAD PERU JAPON,P£blica de gesti¢n directa,Público,LIMA,SAN JUAN DE LURIGANCHO,JIRON LAS GRAVAS CUADRA 18,-12.00328,-77.00547
SISE INDEPENDENCIA,4.9,0900704,100 SANTA ELIZABETH,P£blica de gesti¢n directa,Público,LIMA,SAN JUAN DE LURIGANCHO,JIRON LOS CENTAUROS S/N,-11.98745,-77.01444
SISE SAN JUAN DE LURIGANCHO,3.49,0900704,100 SANTA ELIZABETH,P£blica de gesti¢n directa,Público,LIMA,SAN JUAN DE LURIGANCHO,JIRON LOS CENTAUROS S/N,-11.98745,-77.01444
SISE SAN JUAN DE LURIGANCHO,1.3,0665281,0130 HEROES DEL CENEPA,P£blica de gesti¢n directa,Público,LIMA,SAN JUAN DE LURIGANCHO,JIRON LAS RIMARINAS,-12.00602,-77.0076
SISE SAN JUAN DE LURIGANCHO,2.11,0578526,0092 ALFRED NOBEL,P£blica de gesti¢n directa,Público,LIMA,SAN JUAN DE LURIGANCHO,JIRON LAS GRAVAS 2032,-11.99857,-77.00743
SISE SAN JUAN DE LURIGANCHO,1.17,0664292,128 LA LIBERTAD,P£blica de gesti¢n directa,Público,LIMA,SAN JUAN DE LURIGANCHO,JIRON ENERGITAS S/N MZ A ETAPA II,-12.00866,-76.99818
SISE INDEPENDENCIA,4.65,0762849,121 VIRGEN DE FATIMA,P£blica de gesti¢n directa,Público,LIMA,SAN JUAN DE LURIGANCHO,AVENIDA NUEVO PERU MZ D LOTE 8-9,-12.00206,-77.01836
SISE SAN JUAN DE LURIGANCHO,2.28,0762849,121 VIRGEN DE FATIMA,P£blica de gesti¢n directa,Público,LIMA,SAN JUAN DE LURIGANCHO,AVENIDA NUEVO PERU MZ D LOTE 8-9,-12.00206,-77.01836
SISE SAN JUAN DE LURIGANCHO,3.18,1070150,0169,P£blica de gesti¢n directa,Público,LIMA,SAN JUAN DE LURIGANCHO,AVENIDA JORGE BASADRE MZ V-1 LOTE 1-22,-11.98876,-77.00652
SISE SAN JUAN DE LURIGANCHO,1.69,0556449,1181 ALBERT EINSTEIN,P£blica de gesti¢n directa,Público,LIMA,SAN JUAN DE LURIGANCHO,JIRON LOS EBANOS S/N,-12.00556,-77.01421
SISE SAN JUAN DE LURIGANCHO,3.84,0703256,0137 MIGUEL GRAU SEMINARIO,P£blica de gesti¢n directa,Público,LIMA,SAN JUAN DE LURIGANCHO,JIRON MARTE Y PLUTON S/N,-11.98397,-77.01347
SISE SAN JUAN DE LURIGANCHO,2.08,0777680,0073 BENITO JUAREZ,P£blica de gesti¢n directa,Público,LIMA,SAN JUAN DE LURIGANCHO,AVENIDA LOS AMAUTAS 1560,-12.02473,-76.98677
SISE SAN JUAN DE LURIGANCHO,0.61,0665265,110 SAN MARCOS,P£blica de gesti¢n directa,Público,LIMA,SAN JUAN DE LURIGANCHO,PASAJE LOS COLIBRIS S/N,-12.014,-76.9998
SISE INDEPENDENCIA,4.58,0665471,0132 TORIBIO DE LUZURIAGA Y MEJIA,P£blica de gesti¢n directa,Público,LIMA,SAN JUAN DE LURIGANCHO,JIRON NEVADO DE HUASCARAN S/N,-11.98134,-77.01831
SISE SAN JUAN DE LURIGANCHO,4.28,0665471,0132 TORIBIO DE LUZURIAGA Y MEJIA,P£blica de gesti¢n directa,Público,LIMA,SAN JUAN DE LURIGANCHO,JIRON NEVADO DE HUASCARAN S/N,-11.98134,-77.01831
SISE SAN JUAN DE LURIGANCHO,1.13,0336628,ANTENOR ORREGO ESPINOZA,P£blica de gesti¢n directa,Público,LIMA,SAN JUAN DE LURIGANCHO,AVENIDA GRAN CHIMU S/N,-12.02474,-76.99727
SISE SAN JUAN DE LURIGANCHO,4.57,0901082,SOLIDARIDAD III,P£blica de gesti¢n directa,Público,LIMA,SAN JUAN DE LURIGANCHO,AVENIDA LOS PROCERES MZ R LOTE 15,-12.01247,-76.96263
SISE INDEPENDENCIA,4.7,0901033,0119 CANTO BELLO,P£blica de gesti¢n directa,Público,LIMA,SAN JUAN DE LURIGANCHO,AVENIDA CANTO BELLO S/N,-11.97731,-77.01825
SISE SAN JUAN DE LURIGANCHO,4.7,0901033,0119 CANTO BELLO,P£blica de gesti¢n directa,Público,LIMA,SAN JUAN DE LURIGANCHO,AVENIDA CANTO BELLO S/N,-11.97731,-77.01825
SISE INDEPENDENCIA,4.64,0778761,161 MOISES COLONIA TRINIDAD,P£blica de gesti¢n directa,Público,LIMA,SAN JUAN DE LURIGANCHO,MZ Q,-11.98837,-77.01676
SISE SAN JUAN DE LURIGANCHO,3.49,0778761,161 MOISES COLONIA TRINIDAD,P£blica de gesti¢n directa,Público,LIMA,SAN JUAN DE LURIGANCHO,MZ Q,-11.98837,-77.01676
SISE SAN JUAN DE LURIGANCHO,1.7,0762864,0138 PROCERES DE LA INDEPENDENCIA,P£blica de gesti¢n directa,Público,LIMA,SAN JUAN DE LURIGANCHO,JIRON REJALGAR 785,-12.00389,-76.99677
SISE SAN JUAN DE LURIGANCHO,0.53,1067040,JESUS EL BUEN PASTOR,Privada,Privado,LIMA,SAN JUAN DE LURIGANCHO,JIRON LOS ARANDANOS 111,-12.01281,-77.00277
SISE SAN JUAN DE LURIGANCHO,4.15,0901355,SAN AGUSTIN,Privada,Privado,LIMA,SAN JUAN DE LURIGANCHO,AVENIDA DEL BOSQUE 430,-11.98001,-77.00394
SISE SAN JUAN DE LURIGANCHO,4.13,0607697,1182 EL BOSQUE,P£blica de gesti¢n directa,Público,LIMA,SAN JUAN DE LURIGANCHO,JIRON LOS CIRUELOS 898,-11.98055,-76.99851
SISE SAN JUAN DE LURIGANCHO,1.58,0336578,1178 JAVIER HERAUD,P£blica de gesti¢n directa,Público,LIMA,SAN JUAN DE LURIGANCHO,JIRON AREQUIPA S/N,-12.028,-77.0139
SISE SAN JUAN DE LURIGANCHO,2.02,0578542,122 ANDRES AVELINO CACERES,P£blica de gesti¢n directa,Público,LIMA,SAN JUAN DE LURIGANCHO,JIRON PALLKA,-12.01584,-76.98582
SISE SAN JUAN DE LURIGANCHO,2.87,0642926,0090 DANIEL ALCIDES CARRION,P£blica de gesti¢n directa,Público,LIMA,SAN JUAN DE LURIGANCHO,AVENIDA PRINCIPAL S/N,-12.02455,-76.97902
SISE SAN JUAN DE LURIGANCHO,1.95,1072941,LEONARD EULER,Privada,Privado,LIMA,SAN JUAN DE LURIGANCHO,MZ B LOTE 10,-12.00323,-76.99357
SISE SAN JUAN DE LURIGANCHO,0.84,0578476,CIENCIAS,Privada,Privado,LIMA,SAN JUAN DE LURIGANCHO,JIRON HUANACAURE 890,-12.02186,-76.99822
SISE SAN JUAN DE LURIGANCHO,0.07,0578559,1173 JULIO CESAR TELLO,P£blica de gesti¢n directa,Público,LIMA,SAN JUAN DE LURIGANCHO,PLAZA PRINCIPAL EL PUEBLITO,-12.01783,-77.00396
SISE SAN JUAN DE LURIGANCHO,1.5,0901389,SAN LUIS GONZAGA,Privada,Privado,LIMA,SAN JUAN DE LURIGANCHO,JIRON LAS LAJAS 287,-12.00384,-77.00439
SISE SAN JUAN DE LURIGANCHO,4.52,0901629,SOR ANA DE LOS ANGELES,Privada,Privado,LIMA,SAN JUAN DE LURIGANCHO,JIRON RIO CHANCAY MZ E LOTE 15,-11.97731,-76.99658
SISE SAN JUAN DE LURIGANCHO,0.63,1192442,SAN BENITO,Privada,Privado,LIMA,SAN JUAN DE LURIGANCHO,JIRON LAS ORTIGAS 724,-12.01706,-77.01008
SISE SAN JUAN DE LURIGANCHO,1.32,0901405,HIJOS DE NUESTRA SE¥ORA DE LA MERCED III,Privada,Privado,LIMA,SAN JUAN DE LURIGANCHO,JIRON BORAX 631,-12.00669,-76.99885
SISE SAN JUAN DE LURIGANCHO,1.67,0578492,0076 MARIA AUXILIADORA,P£blica de gesti¢n directa,Público,LIMA,SAN JUAN DE LURIGANCHO,JIRON SAN MARTIN S/N,-12.00914,-77.01728
SISE SAN JUAN DE LURIGANCHO,0.98,0556340,0071 NUESTRA SE¥ORA DE LA MERCED,P£blica de gesti¢n directa,Público,LIMA,SAN JUAN DE LURIGANCHO,AVENIDA CANTO GRANDE S/N,-12.01674,-77.01337
SISE SAN JUAN DE LURIGANCHO,2.44,0578468,CABO GC. MARTIN ESQUICHA BERNEDO,P£blica de gesti¢n directa,Público,LIMA,SAN JUAN DE LURIGANCHO,AVENIDA LAS LOMAS S/N,-12.01092,-76.98282
SISE SAN JUAN DE LURIGANCHO,4.3,0900829,0143 SOLIDARIDAD II,P£blica de gesti¢n directa,Público,LIMA,SAN JUAN DE LURIGANCHO,CAMPOY MZ G ZONA III,-12.01564,-76.9648
SISE SAN JUAN DE LURIGANCHO,2.17,0607556,109 INCA MANCO CAPAC,P£blica de gesti¢n directa,Público,LIMA,SAN JUAN DE LURIGANCHO,JIRON LOS JASPES MZ I4 LOTE 1,-11.99828,-76.99991
SISE SAN JUAN DE LURIGANCHO,0.46,0703306,SARITA COLONIA,Privada,Privado,LIMA,SAN JUAN DE LURIGANCHO,JIRON LAS LAUSONIAS 712,-12.01552,-77.00819
SISE SAN JUAN DE LURIGANCHO,1.03,0578534,0113 DANIEL ALOMIA ROBLES,P£blica de gesti¢n directa,Público,LIMA,SAN JUAN DE LURIGANCHO,JIRON LAS CAROLINAS S/N MZ L1 LOTE 1,-12.00944,-77.00937
SISE SAN JUAN DE LURIGANCHO,3.23,0901173,DIVINO SEMBRADOR,Privada,Privado,LIMA,SAN JUAN DE LURIGANCHO,JIRON LOS DIAMANTES 2606,-11.98829,-77.00289
SISE SAN JUAN DE LURIGANCHO,1.16,1193200,NUESTRA SE¥ORA DEL SAGRADO CORAZON,Privada,Privado,LIMA,SAN JUAN DE LURIGANCHO,CALLE LAS ANEMONAS 1401,-12.00753,-77.00806
SISE SAN JUAN DE LURIGANCHO,1.04,0336891,FE Y ALEGRIA 05,P£blica de gesti¢n privada,Privado,LIMA,SAN JUAN DE LURIGANCHO,PASAJE HIPOLITO UNANUE S/N,-12.02471,-77.01012
SISE SAN JUAN DE LURIGANCHO,2.68,0665273,126 JAVIER PEREZ DE CUELLAR,P£blica de gesti¢n directa,Público,LIMA,SAN JUAN DE LURIGANCHO,JIRON CANTO RODADO 620,-11.9933,-77.00211
SISE SAN JUAN DE LURIGANCHO,1.67,0578443,1179 TOMAS ALVA EDISON,P£blica de gesti¢n directa,Público,LIMA,SAN JUAN DE LURIGANCHO,AVENIDA PROCERES DE LA INDEPENDENCIA S/N,-12.03016,-77.01222
SISE SAN JUAN DE LURIGANCHO,2.45,1070077,0149 JORGE CIEZA LACHOS,P£blica de gesti¢n directa,Público,LIMA,SAN JUAN DE LURIGANCHO,JIRON SOCHIN MZ C1 LOTE 35,-12.0085,-76.98367
SISE SAN JUAN DE LURIGANCHO,0.85,1067008,MATEMATICO CATOLICO SAN JUAN,Privada,Privado,LIMA,SAN JUAN DE LURIGANCHO,JIRON CODORNICES S/N MZ D LOTE 8-10-11,-12.01206,-76.99868
SISE SAN JUAN DE LURIGANCHO,2.4,1072222,NUEVO PITAGORAS,Privada,Privado,LIMA,SAN JUAN DE LURIGANCHO,JIRON LAS TURMALINAS 518,-11.99574,-77.00423
SISE SAN JUAN DE LURIGANCHO,0.76,0901595,LOS PEREGRINOS,Privada,Privado,LIMA,SAN JUAN DE LURIGANCHO,AVENIDA PIRAMIDE DEL SOL 505,-12.02369,-77.00198
SISE SAN JUAN DE LURIGANCHO,2.49,0901363,PITAGORAS,Privada,Privado,LIMA,SAN JUAN DE LURIGANCHO,JIRON LAS ARENISCAS S/N MZ X LOTE 11-12,-11.99491,-77.00473
SISE SAN JUAN DE LURIGANCHO,4.54,0665554,SAN RAFAEL,Privada,Privado,LIMA,SAN JUAN DE LURIGANCHO,AVENIDA DEL PARQUE 235-237,-11.97645,-77.00608
SISE SAN JUAN DE LURIGANCHO,1.58,0901132,TESLA DE SAN JUAN DE LURIGANCHO,Privada,Privado,LIMA,SAN JUAN DE LURIGANCHO,JIRON CAJAMARQUILLA 1316,-12.02262,-76.99083
SISE SAN JUAN DE LURIGANCHO,1.45,0901611,SAN ANDRES,Privada,Privado,LIMA,SAN JUAN DE LURIGANCHO,JIRON LAS JUNCAS 706,-12.0071,-77.01272
SISE SAN JUAN DE LURIGANCHO,0.97,0901348,MARIA INMACULADA,Privada,Privado,LIMA,SAN JUAN DE LURIGANCHO,JIRON LOS CHASQUIS 553,-12.02564,-77.00701
SISE SAN JUAN DE LURIGANCHO,0.99,0901678,ENRIQUE CAMINO BRENT,Privada,Privado,LIMA,SAN JUAN DE LURIGANCHO,AVENIDA PROCERES DE LA INDEPENDENCIA 1571,-12.00837,-77.00484
SISE SAN JUAN DE LURIGANCHO,0.93,0578484,SANTA MARIANA DE JESUS,Privada,Privado,LIMA,SAN JUAN DE LURIGANCHO,JIRON TIAHUANACO 679,-12.0255,-77.00254
SISE SAN JUAN DE LURIGANCHO,1.4,0555946,1174 VIRGEN DEL CARMEN,P£blica de gesti¢n directa,Público,LIMA,SAN JUAN DE LURIGANCHO,JIRON LOS AMAUTAS 248,-12.0286,-77.01004
SISE SAN JUAN DE LURIGANCHO,1.75,0901645,SANTIAGO ANTUNEZ DE MAYOLO,Privada,Privado,LIMA,SAN JUAN DE LURIGANCHO,JIRON TEMPLO DEL SOL 585,-12.01619,-76.98828
SISE SAN JUAN DE LURIGANCHO,2.39,0607549,0091 SANTA FE,P£blica de gesti¢n directa,Público,LIMA,SAN JUAN DE LURIGANCHO,JIRON LOS GIRASOLES S/N,-11.99706,-76.99689
SISE INDEPENDENCIA,4.89,1073212,0045 SAN ANTONIO,P£blica de gesti¢n directa,Público,LIMA,SAN JUAN DE LURIGANCHO,PASAJE TUMBES S/N,-12.00468,-77.01691
SISE SAN JUAN DE LURIGANCHO,1.96,1073212,0045 SAN ANTONIO,P£blica de gesti¢n directa,Público,LIMA,SAN JUAN DE LURIGANCHO,PASAJE TUMBES S/N,-12.00468,-77.01691
SISE SAN JUAN DE LURIGANCHO,4.12,0728303,SAN JUAN DE LAS AMERICAS,Privada,Privado,LIMA,SAN JUAN DE LURIGANCHO,CALLE LOS NARANJOS 146,-11.98079,-77.01111
SISE SAN JUAN DE LURIGANCHO,0.07,0778829,LATINOAMERICANO,Privada,Privado,LIMA,SAN JUAN DE LURIGANCHO,JIRON LAS ARTEMIAS MZ R LOTE 05,-12.01677,-77.00473
SISE SAN JUAN DE LURIGANCHO,0.68,0901413,SANTO DOMINGO DE GUZMAN,Privada,Privado,LIMA,SAN JUAN DE LURIGANCHO,JIRON JOSE ANTONIO ENCINAS 430,-12.01877,-77.01044
SISE SAN JUAN DE LURIGANCHO,1.52,0901769,INGENIERIA DE LAS LOMAS,Privada,Privado,LIMA,SAN JUAN DE LURIGANCHO,CALLE VILLAC UMU 1238,-12.022928,-76.991558
SISE SAN JUAN DE LURIGANCHO,1.36,1071935,SAN FRANCISCO,Privada,Privado,LIMA,SAN JUAN DE LURIGANCHO,JIRON LOS YUPANQUIS 286,-12.02458,-76.9943
SISE SAN JUAN DE LURIGANCHO,2.38,0901520,COLEGIO PRIVADO UNI,Privada,Privado,LIMA,SAN JUAN DE LURIGANCHO,AVENIDA 13 DE ENERO 2115,-11.99589,-77.00535
SISE SAN JUAN DE LURIGANCHO,4.4,0901447,SANTA JUANA DE LESTONNAC,Privada,Privado,LIMA,SAN JUAN DE LURIGANCHO,CALLE LOS AMANCAES 159,-11.97856,-77.01245
SISE SAN JUAN DE LURIGANCHO,1.29,0901637,NI¥O DE BELEN,Privada,Privado,LIMA,SAN JUAN DE LURIGANCHO,JIRON LAS CHULPAS 200,-12.02847,-77.00759
SISE SAN JUAN DE LURIGANCHO,0.81,1221860,SHONA GARCIA VALLE,Privada,Privado,LIMA,SAN JUAN DE LURIGANCHO,JIRON SAN FEDERICO 778 - 780,-12.02447,-77.00319
SISE SAN JUAN DE LURIGANCHO,4.65,1222900,ANGELO PATRI,Privada,Privado,LIMA,SAN JUAN DE LURIGANCHO,MZ V1 SECTOR 3,-12.00959,-76.9623
SISE SAN JUAN DE LURIGANCHO,0.66,1245794,EL CARMELO,Privada,Privado,LIMA,SAN JUAN DE LURIGANCHO,JIRON LOS ARANDAMOS 380,-12.01205,-77.00723
SISE SAN JUAN DE LURIGANCHO,1.91,1245513,APOSTOL SAN JUDAS TADEO,Privada,Privado,LIMA,SAN JUAN DE LURIGANCHO,JIRON LAS CELEDONIAS 639,-12.00311,-77.01423
SISE SAN JUAN DE LURIGANCHO,1.99,1245158,MATER PURISSIMA,Privada,Privado,LIMA,SAN JUAN DE LURIGANCHO,AVENIDA RIMAC 119,-12.03116,-77.01589
SISE SAN JUAN DE LURIGANCHO,1.53,1244797,AMIGOS DE JESUS,Privada,Privado,LIMA,SAN JUAN DE LURIGANCHO,JIRON LAS ORTIGAS 1794,-12.00449,-77.0094
SISE SAN JUAN DE LURIGANCHO,1.05,1244599,MILAGROSA NUESTRA SE¥ORA DEL CARMEN,Privada,Privado,LIMA,SAN JUAN DE LURIGANCHO,JIRON LAS OXALIDAS 205,-12.00813,-77.00659
SISE SAN JUAN DE LURIGANCHO,2.08,0901256,INNOVADOR MAKARENKO DE SANTA MARIA,Privada,Privado,LIMA,SAN JUAN DE LURIGANCHO,CALLE KILLKE 374,-12.01774,-76.98525
SISE SAN JUAN DE LURIGANCHO,1.92,1223023,170 SANTA ROSA DEL SAUCE,P£blica de gesti¢n directa,Público,LIMA,SAN JUAN DE LURIGANCHO,AVENIDA LAS ROSAS S/N,-12.00889,-76.98889
SISE SAN JUAN DE LURIGANCHO,4.88,1073709,SANTA ROSA PURISIMA,Privada,Privado,LIMA,SAN JUAN DE LURIGANCHO,CALLE WILLY RETTO 3292,-11.97362,-77.00886
SISE SAN JUAN DE LURIGANCHO,4.68,1223304,NUESTRA SE¥ORA DEL ROSARIO,Privada,Privado,LIMA,SAN JUAN DE LURIGANCHO,JIRON EL ROSARIO 636-658 ETAPA V,-11.97673,-76.99279
SISE SAN JUAN DE LURIGANCHO,2.98,1063262,1044 MARIA REICHE NEWMANN,P£blica de gesti¢n directa,Público,LIMA,EL AGUSTINO,CALLE 21 MZ H4,-12.044016,-77.003
SISE SAN JUAN DE LURIGANCHO,1.7,1063221,134 RAMIRO PRIALE,P£blica de gesti¢n directa,Público,LIMA,EL AGUSTINO,CALLE 7 DE JUNIO MZ A LOTE 49,-12.031899,-77.008878
SISE SAN JUAN DE LURIGANCHO,1.9,1063148,115 TORIBIO RODRIGUEZ DE MENDOZA,P£blica de gesti¢n directa,Público,LIMA,EL AGUSTINO,CALLE LOS LIRIOS 105,-12.0343,-77.006
SISE SAN JUAN DE LURIGANCHO,4.29,0578278,1171 JORGE BASADRE GROHMANN,P£blica de gesti¢n directa,Público,LIMA,EL AGUSTINO,AVENIDA INDEPENDENCIA 586,-12.055789,-77.001602
SISE SANTA BEATRIZ,4.45,0578278,1171 JORGE BASADRE GROHMANN,P£blica de gesti¢n directa,Público,LIMA,EL AGUSTINO,AVENIDA INDEPENDENCIA 586,-12.055789,-77.001602
SISE SAN JUAN DE LURIGANCHO,2.73,0578260,0085 JOSE DE LA TORRE UGARTE,P£blica de gesti¢n directa,Público,LIMA,EL AGUSTINO,CALLE LOS ALGARROBOS MZ Q,-12.0379,-76.99063
SISE SAN JUAN DE LURIGANCHO,1.48,1063106,0098 PERU JAPON,P£blica de gesti¢n directa,Público,LIMA,EL AGUSTINO,INDEPENDENCIA MZ D LOTE 19,-12.02852,-76.99701
SISE SAN JUAN DE LURIGANCHO,3.85,1063346,GLORIOSOS HUSARES DE JUNIN,P£blica de gesti¢n directa,Público,LIMA,EL AGUSTINO,JIRON MARIANO BALDARRAGA S/N,-12.0515,-76.9987
SISE SANTA BEATRIZ,4.98,1063346,GLORIOSOS HUSARES DE JUNIN,P£blica de gesti¢n directa,Público,LIMA,EL AGUSTINO,JIRON MARIANO BALDARRAGA S/N,-12.0515,-76.9987
SISE SAN JUAN DE LURIGANCHO,2.02,0664912,0009 JOSE MARIA ARGUEDAS,P£blica de gesti¢n directa,Público,LIMA,EL AGUSTINO,NAZARETH,-12.02803,-76.98938
SISE SAN JUAN DE LURIGANCHO,3.66,1008929,1025 MARIA PARADO DE BELLIDO,P£blica de gesti¢n directa,Público,LIMA,EL AGUSTINO,JIRON CAJACAY,-12.050187,-77.006187
SISE SANTA BEATRIZ,4.45,1008929,1025 MARIA PARADO DE BELLIDO,P£blica de gesti¢n directa,Público,LIMA,EL AGUSTINO,JIRON CAJACAY,-12.050187,-77.006187
SISE SAN JUAN DE LURIGANCHO,4.46,0725523,046 LOS LIBERTADORES DE AYACUCHO,P£blica de gesti¢n directa,Público,LIMA,EL AGUSTINO,PASAJE LOS ANGELES S/N,-12.05624,-76.99453
SISE SAN JUAN DE LURIGANCHO,3.63,0703413,COLEGIOS KEPLER - LA CORPORACION,Privada,Privado,LIMA,EL AGUSTINO,JIRON HOYLE PALACIOS 213,-12.04965,-77.00027
SISE SANTA BEATRIZ,4.97,0703413,COLEGIOS KEPLER - LA CORPORACION,Privada,Privado,LIMA,EL AGUSTINO,JIRON HOYLE PALACIOS 213,-12.04965,-77.00027
SISE SAN JUAN DE LURIGANCHO,3.29,0775320,FE Y ALEGRIA 39,P£blica de gesti¢n privada,Privado,LIMA,EL AGUSTINO,RIO CHEPEN,-12.0433,-76.9899
SISE SAN JUAN DE LURIGANCHO,3.39,0903864,SAN ANTONIO,Privada,Privado,LIMA,EL AGUSTINO,JIRON CHAVI¥A 1273,-12.047733,-77.002833
SISE SANTA BEATRIZ,4.9,0903864,SAN ANTONIO,Privada,Privado,LIMA,EL AGUSTINO,JIRON CHAVI¥A 1273,-12.047733,-77.002833
SISE SAN JUAN DE LURIGANCHO,3.51,0556258,JOHANNES GUTENBERG,Privada,Privado,LIMA,EL AGUSTINO,CALLE RENAN OLIVERA 257,-12.04798,-76.99687
SISE SAN JUAN DE LURIGANCHO,1.72,1066398,LOS INGENIEROS DE MY LITTLE SCHOOL,Privada,Privado,LIMA,EL AGUSTINO,AVENIDA JOSE CARLOS MARIATEGUI 2498,-12.03183,-76.99889
SISE SAN JUAN DE LURIGANCHO,3.79,0334672,NICOLAS DE PIEROLA,P£blica de gesti¢n directa,Público,LIMA,EL AGUSTINO,JIRON PATIVILCA S/N,-12.05079,-77.0107
SISE SANTA BEATRIZ,4.06,0334672,NICOLAS DE PIEROLA,P£blica de gesti¢n directa,Público,LIMA,EL AGUSTINO,JIRON PATIVILCA S/N,-12.05079,-77.0107
SISE SAN JUAN DE LURIGANCHO,3.51,0605519,SAN VICENTE DE PAUL,Privada,Privado,LIMA,EL AGUSTINO,JIRON REYNAFARGE HURTADO 451,-12.04807,-76.9974
SISE SAN JUAN DE LURIGANCHO,4.56,0519645,GRAN MARISCAL ANDRES AVELINO CACERES DORREGARAY,P£blica de gesti¢n directa,Público,LIMA,EL AGUSTINO,AVENIDA RIVA AGUERO 176,-12.05819,-77.00672
SISE SANTA BEATRIZ,3.84,0519645,GRAN MARISCAL ANDRES AVELINO CACERES DORREGARAY,P£blica de gesti¢n directa,Público,LIMA,EL AGUSTINO,AVENIDA RIVA AGUERO 176,-12.05819,-77.00672
SISE SAN JUAN DE LURIGANCHO,2.44,1063304,1047 JUANA INFANTES VERA,P£blica de gesti¢n directa,Público,LIMA,EL AGUSTINO,CALLE AGUA MARINA S/N,-12.03318,-76.98888
SISE SAN JUAN DE LURIGANCHO,1.67,0663971,112 HEROES DE LA BRE¥A,P£blica de gesti¢n directa,Público,LIMA,EL AGUSTINO,CALLE CARACOL 1040,-12.03062,-76.99718
SISE SAN JUAN DE LURIGANCHO,2.94,0336586,JOSE CARLOS MARIATEGUI,P£blica de gesti¢n directa,Público,LIMA,EL AGUSTINO,AVENIDA RIVA AGUERO 1758,-12.04284,-76.9974
SISE SAN JUAN DE LURIGANCHO,3.54,1008531,EL SEMBRADOR,Privada,Privado,LIMA,EL AGUSTINO,JIRON JOSE QUI¥ONES 448,-12.04879,-76.99948
SISE SAN JUAN DE LURIGANCHO,3.57,1225549,VIRGEN MARIA,Privada,Privado,LIMA,EL AGUSTINO,JIRON JUAN GUTIERREZ CHUNQUI 216,-12.04911,-77.00014
SISE SAN JUAN DE LURIGANCHO,1.63,1246313,SANTA CUARESMA,Privada,Privado,LIMA,SAN JUAN DE LURIGANCHO,JIRON LAS PERLAS 1871,-12.00275,-77.00655
SISE SAN JUAN DE LURIGANCHO,3.63,1250653,SAN CARLOS,Privada,Privado,LIMA,EL AGUSTINO,HOYLE PALACIOS,-12.04948,-76.999
SISE SAN JUAN DE LURIGANCHO,1.1,1258128,JESUS ES EL CAMINO,Privada,Privado,LIMA,SAN JUAN DE LURIGANCHO,AVENIDA PROCERES DE LA INDEPENDENCIA 223,-12.02543,-77.01013
SISE SAN JUAN DE LURIGANCHO,3.23,1261197,EULER,Privada,Privado,LIMA,EL AGUSTINO,AVENIDA RIVA AGUERO 1570,-12.04575,-76.9986
SISE SAN JUAN DE LURIGANCHO,0.85,1263813,MENTOR DE LAS FLORES,Privada,Privado,LIMA,SAN JUAN DE LURIGANCHO,AVENIDA LAS FLORES 783-785-787,-12.01609,-77.01202
SISE SAN JUAN DE LURIGANCHO,4.46,1263854,SAGRADO CORAZON,Privada,Privado,LIMA,SAN JUAN DE LURIGANCHO,CALLE LOS DURAZNOS 251,-12.01062,-76.9639
SISE SAN JUAN DE LURIGANCHO,1.46,1264092,LOS HIJOS DE MARIA,Privada,Privado,LIMA,SAN JUAN DE LURIGANCHO,AVENIDA MALECON MIGUEL CHECA EGUIGUREN 1051-1053,-12.02649,-76.9947
SISE SAN JUAN DE LURIGANCHO,3.03,1264340,JUVENTUD CIENTIFICA,Privada,Privado,LIMA,EL AGUSTINO,"AVENIDA RIVA AGUERO 1672 MZ G LOTE 8,9,10 ETAPA I SECTOR V",-12.043698,-76.997616
SISE SAN JUAN DE LURIGANCHO,4.38,1264381,FERMIN TANGUIS,Privada,Privado,LIMA,SAN JUAN DE LURIGANCHO,MZ A-1 LOTE 2-A ETAPA III,-11.97835,-77.0107
SISE SAN JUAN DE LURIGANCHO,0.89,1265545,DAVID AUSUBEL,Privada,Privado,LIMA,SAN JUAN DE LURIGANCHO,LAS AMBROSIAS,-12.01139,-77.00981
SISE SAN JUAN DE LURIGANCHO,4.85,1257963,SAN MIGUEL,Privada,Privado,LIMA,SAN JUAN DE LURIGANCHO,SAN MIGUEL DE PALLANCHACRA MZ 13 LOTE 17,-12.01875,-76.95974
SISE INDEPENDENCIA,4.6,1500800,ARCA DE NOE,Privada,Privado,LIMA,SAN JUAN DE LURIGANCHO,JIRON NEVADO HUASCARAN 311,-11.982,-77.0179
SISE SAN JUAN DE LURIGANCHO,4.19,1500800,ARCA DE NOE,Privada,Privado,LIMA,SAN JUAN DE LURIGANCHO,JIRON NEVADO HUASCARAN 311,-11.982,-77.0179
SISE SAN JUAN DE LURIGANCHO,0.49,1500826,MAVE SCHOOL,Privada,Privado,LIMA,SAN JUAN DE LURIGANCHO,JIRON SAN ENRIQUE 967-A,-12.01843,-76.99996
SISE SAN JUAN DE LURIGANCHO,0.53,1500834,NUESTRA SE¥ORA DE LA ASUNCION,Privada,Privado,LIMA,SAN JUAN DE LURIGANCHO,JIRON CORICANCHA 736,-12.02093,-77.00114
SISE SAN JUAN DE LURIGANCHO,4.23,1500883,IGNACIO MERINO,Privada,Privado,LIMA,EL AGUSTINO,JIRON MARISCAL CACERES 296,-12.05523,-77.00642
SISE SANTA BEATRIZ,4.06,1500883,IGNACIO MERINO,Privada,Privado,LIMA,EL AGUSTINO,JIRON MARISCAL CACERES 296,-12.05523,-77.00642
SISE SAN JUAN DE LURIGANCHO,4.4,1500958,WILLIAM PRESCOTT,Privada,Privado,LIMA,SAN JUAN DE LURIGANCHO,JIRON RIO HUAURA SECTOR I MZ B LOTE 3,-11.97809,-76.99859
SISE SAN JUAN DE LURIGANCHO,3.84,1501097,FELIPE GUAMAN POMA DE AYALA,Privada,Privado,LIMA,SAN JUAN DE LURIGANCHO,AVENIDA SANTA ROSA 935,-11.9843,-76.99392
SISE SAN JUAN DE LURIGANCHO,3.92,1501139,SAN VICENTE FERRER,Privada,Privado,LIMA,SAN JUAN DE LURIGANCHO,AVENIDA CANTO GRANDE 2756,-11.98323,-77.01357
SISE SAN JUAN DE LURIGANCHO,4.72,1227461,LA PRADERA II,P£blica de gesti¢n directa,Público,LIMA,EL AGUSTINO,AVENIDA LA FLORESTA S/N MZ K-1 LOTE 15 ETAPA II ZONA I,-12.03034,-76.96305
SISE SAN JUAN DE LURIGANCHO,2.66,1501535,LAS AMERICAS,Privada,Privado,LIMA,SAN JUAN DE LURIGANCHO,JIRON CANTO RODADO 428,-11.99334,-77.00487
SISE SAN JUAN DE LURIGANCHO,2.57,1501543,CORAZON DE JESUS,Privada,Privado,LIMA,EL AGUSTINO,LA ATARJEA MZ O LOTE 20,-12.03453,-76.98864
SISE SAN JUAN DE LURIGANCHO,1.92,1501634,FERNANDO STAHL,Privada,Privado,LIMA,SAN JUAN DE LURIGANCHO,JIRON CAJAMARQUILLA 1526,-12.0231,-76.98772
SISE SAN JUAN DE LURIGANCHO,1.67,1501725,HIJOS DE MARIA AUXILIADORA,Privada,Privado,LIMA,SAN JUAN DE LURIGANCHO,JIRON LOS OLIVINOS 1600,-12.00401,-76.99716
SISE SAN JUAN DE LURIGANCHO,3.63,1501741,DIVINA MISERICORDIA,Privada,Privado,LIMA,SAN JUAN DE LURIGANCHO,AVENIDA EL SOL 376,-11.98476,-77.00749
SISE SAN JUAN DE LURIGANCHO,2.04,1501873,MARIA REYNA DEL CIELO,Privada,Privado,LIMA,SAN JUAN DE LURIGANCHO,JIRON OIEDRA DEL SOL 1778,-12.00016,-76.99768
SISE SAN JUAN DE LURIGANCHO,4.06,1501188,BERTOLT BRECHT BREZING,Privada,Privado,LIMA,SAN JUAN DE LURIGANCHO,JIRON LOS DURAZNOS 300,-11.98094,-77.00801
SISE SAN JUAN DE LURIGANCHO,2.02,1502277,SAN JUAN DE LA SALLE,Privada,Privado,LIMA,SAN JUAN DE LURIGANCHO,JIRON LAS PERLAS 2015,-11.99946,-77.00776
SISE SAN JUAN DE LURIGANCHO,1.05,1502319,SAN JUAN BAUTISTA DE LA SALLE,Privada,Privado,LIMA,SAN JUAN DE LURIGANCHO,CALLE LOS PALMITOS 953,-12.01342,-77.01313
SISE SAN JUAN DE LURIGANCHO,2.6,1502418,HUSARES DE JUNIN,Privada,Privado,LIMA,EL AGUSTINO,AVENIDA FERROCARRIL 1997,-12.03612,-76.99017
SISE SAN JUAN DE LURIGANCHO,1.08,1502475,VICTORIA BARCIA BONIFFATTI,Privada,Privado,LIMA,SAN JUAN DE LURIGANCHO,JIRON CHULPAS 521,-12.02577,-77.00923
SISE INDEPENDENCIA,4.94,1502533,MARIA MAZZARELLO,Privada,Privado,LIMA,SAN JUAN DE LURIGANCHO,JIRON LAS MILENRAMAS 819,-12.00125,-77.01533
SISE SAN JUAN DE LURIGANCHO,2.15,1502533,MARIA MAZZARELLO,Privada,Privado,LIMA,SAN JUAN DE LURIGANCHO,JIRON LAS MILENRAMAS 819,-12.00125,-77.01533
SISE SAN JUAN DE LURIGANCHO,0.81,1502590,VIRGEN DE LA CANDELARIA,Privada,Privado,LIMA,SAN JUAN DE LURIGANCHO,JIRON LAS CRUCINELAS 553,-12.01947,-77.01141
SISE SAN JUAN DE LURIGANCHO,3.69,1502608,APPU - NUEVO PERU,Privada,Privado,LIMA,EL AGUSTINO,AVENIDA RIVA AGUERO 1137,-12.05042,-77.00233
SISE SANTA BEATRIZ,4.75,1502608,APPU - NUEVO PERU,Privada,Privado,LIMA,EL AGUSTINO,AVENIDA RIVA AGUERO 1137,-12.05042,-77.00233
SISE SAN JUAN DE LURIGANCHO,1.72,1278944,ALEXANDER FLEMING,Privada,Privado,LIMA,EL AGUSTINO,CALLE LAS GAVIOTAS 274,-12.0321,-76.9997
SISE SAN JUAN DE LURIGANCHO,4.12,1278662,INTERNACIONAL ELIM,Privada,Privado,LIMA,SAN JUAN DE LURIGANCHO,JIRON LOS OLMOS 128,-11.98138,-77.01356
SISE SAN JUAN DE LURIGANCHO,1.97,1503036,JOSE INGENIEROS II,Privada,Privado,LIMA,SAN JUAN DE LURIGANCHO,JIRON LOS RUBIES 1975,-11.99961,-77.00565
SISE SAN JUAN DE LURIGANCHO,3.2,1279223,PRINCIPE DE PAZ,Privada,Privado,LIMA,SAN JUAN DE LURIGANCHO,AVENIDA SANTA MARIA MZ R LOTE 25-26,-11.9887,-77.00066
SISE SAN JUAN DE LURIGANCHO,1.96,1279306,RICHARD FEYNMAN,Privada,Privado,LIMA,SAN JUAN DE LURIGANCHO,JIRON EL GRANITO 530,-11.99976,-77.00245
SISE SAN JUAN DE LURIGANCHO,3.47,1503119,APPU - SAN CARLOS,Privada,Privado,LIMA,SAN JUAN DE LURIGANCHO,JIRON LAS ARCILLAS 2762 LOTE 28-29-30,-11.98612,-77.00386
SISE SAN JUAN DE LURIGANCHO,1.52,1503143,FLORA TRISTAN,Privada,Privado,LIMA,SAN JUAN DE LURIGANCHO,JIRON LAS MANDRAGORAS 737,-12.00703,-77.01358
SISE SAN JUAN DE LURIGANCHO,1.36,1503291,DIVINO MAESTRO,Privada,Privado,LIMA,SAN JUAN DE LURIGANCHO,JIRON BARITINA MZ ¥3 LOTE 56,-12.00572,-77.00037
SISE SAN JUAN DE LURIGANCHO,3.69,1057009,APPU - JUAN CRONIQUEUR,Privada,Privado,LIMA,EL AGUSTINO,AVENIDA RIVA AGUERO 1032,-12.05038,-77.00232
SISE SANTA BEATRIZ,4.75,1057009,APPU - JUAN CRONIQUEUR,Privada,Privado,LIMA,EL AGUSTINO,AVENIDA RIVA AGUERO 1032,-12.05038,-77.00232
SISE SAN JUAN DE LURIGANCHO,2.54,1503580,UNIVERSAL,Privada,Privado,LIMA,SAN JUAN DE LURIGANCHO,JIRON CANTO RODADO 101,-11.99497,-77.00924
SISE SAN JUAN DE LURIGANCHO,2.52,1503960,ROSA DE LAS AMERICAS SCHOOL,Privada,Privado,LIMA,SAN JUAN DE LURIGANCHO,AVENIDA LAS LOMAS 1541,-12.0108,-76.98216
SISE ATE,3.41,0743807,1228 LEONCIO PRADO,P£blica de gesti¢n directa,Público,LIMA,ATE,AVENIDA LOS CLAVELES S/N,-12.03599,-76.92746
SISE ATE,3.65,0650002,1227 INDIRA GANDHI,P£blica de gesti¢n directa,Público,LIMA,ATE,SECTOR F MZ Q LOTE 32-A SECTOR F,-12.03273,-76.9317
SISE SANTA BEATRIZ,4.7,0745448,1138 JOSE ABELARDO QUI¥ONES,P£blica de gesti¢n directa,Público,LIMA,ATE,JIRON MELITON CARBAJAL 200,-12.0616,-76.99595
SISE ATE,3.88,1045798,1264 JUAN ANDRES VIVANCO AMORIN,P£blica de gesti¢n directa,Público,LIMA,ATE,CALLE ITALIA 130,-12.04086,-76.92929
SISE ATE,4.37,0705459,0051 JOSE F. SANCHEZ CARRION,P£blica de gesti¢n directa,Público,LIMA,LURIGANCHO,PARCELA 3 CARAPONGO S/N,-11.99946,-76.86647
SISE ATE,2.65,0340315,COLEGIO NACIONAL VITARTE,P£blica de gesti¢n directa,Público,LIMA,ATE,JIRON SANTA MARIA 26 DE MAYO S/N,-12.02587,-76.92445
SISE ATE,1.78,0536151,TELESFORO CATACORA,P£blica de gesti¢n directa,Público,LIMA,ATE,JIRON CAHUIDE MZ C LOTE 01-02,-12.01954,-76.8845
SISE ATE,1.71,0643874,RICARDO PALMA,P£blica de gesti¢n directa,Público,LIMA,ATE,MZ Z LOTE 5-A,-12.03072,-76.88971
SISE ATE,2.02,0340349,EDELMIRA DEL PANDO,P£blica de gesti¢n directa,Público,LIMA,ATE,CARRETERA CENTRAL S/N,-12.02526,-76.91859
SISE ATE,2.0,1046952,SAN LUIS REY DE FRANCIA,Privada,Privado,LIMA,ATE,JIRON LOS ALCANFORES 334,-12.02786,-76.91728
SISE ATE,2.58,0778233,0029 MARCO PUENTE LLANOS,P£blica de gesti¢n directa,Público,LIMA,ATE,MZ H,-12.0312,-76.92155
SISE ATE,4.32,0777912,INCA GARCILASO DE LA VEGA,Privada,Privado,LIMA,ATE,AVENIDA LOS VIRREYES 2055,-12.0298,-76.93921
SISE ATE,1.32,0765339,MARIA REINA DE LOS APOSTOLES,Privada,Privado,LIMA,ATE,JIRON INDUSTRIAL 477,-12.0246,-76.91198
SISE ATE,0.68,1046184,EDUARDO PALACI,Privada,Privado,LIMA,ATE,AVENIDA PROGRESO 1032,-12.02598,-76.89999
SISE ATE,3.45,1046671,NUESTRA VIRGEN DEL ROSARIO,Privada,Privado,LIMA,ATE,CALLE ESTOCOLMO 204-208,-12.04029,-76.92467
SISE ATE,1.67,1066620,SAN ALFONSO,Privada,Privado,LIMA,ATE,AVENIDA JOSE QUI¥ONES S/N,-12.02416,-76.88608
SISE ATE,1.63,0582445,JOHN F. KENNEDY,Privada,Privado,LIMA,ATE,JIRON TRIUNFO 204,-12.02569,-76.91455
SISE ATE,2.64,1066588,ALFRED NOBEL,Privada,Privado,LIMA,ATE,AVENIDA MARCO PUENTE LLANOS MZ G LOTE 2A,-12.03812,-76.91636
SISE ATE,3.82,0743773,0031 ROBERT F. KENNEDY,P£blica de gesti¢n directa,Público,LIMA,ATE,CALLE SAN ANDRES S/N,-12.0235,-76.93579
SISE ATE,4.22,1064989,1244 MICAELA BASTIDAS,P£blica de gesti¢n directa,Público,LIMA,ATE,MICAELA BASTIDAS,-12.04625,-76.92868
SISE ATE,1.56,0765313,0026 AICHI NAGOYA,P£blica de gesti¢n directa,Público,LIMA,ATE,CALLE LOS JAZMINEZ S/N,-12.03073,-76.90986
SISE ATE,1.79,1074459,1252 SANTA ISABEL,P£blica de gesti¢n directa,Público,LIMA,ATE,AVENIDA 10 DE ABRIL S/N MZ A LOTE 1,-12.03596,-76.90168
SISE ATE,4.01,1066109,INTERNACIONAL ELIM,Privada,Privado,LIMA,ATE,LOS PORTALES DE JAVIER PRADO 2 ETAPA MZ M1 LOTE 4,-12.04122,-76.93055
SISE ATE,0.74,1046267,FRATERNIDAD UNIVERSAL,Privada,Privado,LIMA,ATE,JIRON SALAVERRY 135,-12.02424,-76.90599
SISE ATE,1.78,1047034,SANTIAGO APOSTOL,Privada,Privado,LIMA,ATE,JIRON CAHUIDE MZ E LOTE 19-20,-12.02181,-76.88455
SISE ATE,4.61,0582304,JULIO C. TELLO,P£blica de gesti¢n directa,Público,LIMA,ATE,PARQUE PARQUE 5 FORTALEZA,-12.03461,-76.94043
SISE ATE,2.83,1046630,NUESTRA SE¥ORA DEL PERPETUO SOCORRO,Privada,Privado,LIMA,ATE,AVENIDA METROPOLITANA S/N MZ E LOTE 8,-12.02886,-76.92514
SISE COMAS,2.61,1039544,PERU REY,Privada,Privado,LIMA,SAN MARTIN DE PORRES,AVENIDA 12 DE OCTUBRE 789,-12.03358,-77.0895
SISE ATE,2.79,1041516,1250,P£blica de gesti¢n directa,Público,LIMA,LURIGANCHO,AYACUCHO MZ A LOTE 17,-11.99723,-76.91196
SISE ATE,2.02,0582262,0033 VIRGILIO ESPINOZA BARRIOS,P£blica de gesti¢n directa,Público,LIMA,LURIGANCHO,JIRON LOS BRILLANTES S/N MZ C LOTE 12,-12.01372,-76.91828
SISE ATE,2.56,1045715,1262 EL AMAUTA JOSE C. MARIATEGUI,P£blica de gesti¢n directa,Público,LIMA,ATE,AVENIDA SAN JUAN BAUTISTA S/N,-12.04274,-76.89804
SISE ATE,4.1,1046556,CIENTIFICO ISAAC NEWTON,Privada,Privado,LIMA,ATE,AVENIDA METROPOLITANA MZ M LOTE 4,-12.03252,-76.93625
SISE ATE,1.4,1046432,MAESTRO DIVINO,Privada,Privado,LIMA,ATE,AVENIDA JOSE C MARIATEGUI 841,-12.02595,-76.91208
SISE ATE,3.68,0765396,1233 MANUEL FERNANDO CABREL NICHO,P£blica de gesti¢n directa,Público,LIMA,LURIGANCHO,CALLE PRINCIPAL S/N,-11.9868,-76.8989
SISE ATE,3.95,0765321,1226,P£blica de gesti¢n directa,Público,LIMA,ATE,CALLE ALFA SECT E S/N MZ D LOTE 1,-12.03692,-76.93268
SISE ATE,4.52,1041557,1267,P£blica de gesti¢n directa,Público,LIMA,LURIGANCHO,LOTE 2,-11.98169,-76.91517
SISE ATE,1.18,1046226,EL PARAISO,Privada,Privado,LIMA,ATE,CALLE LOS MANZANOS 153-161,-12.02666,-76.90918
SISE ATE,2.01,0449868,046 VICTOR RAUL HAYA DE LA TORRE,P£blica de gesti¢n directa,Público,LIMA,ATE,CALLE PRINCIPAL S/N,-12.025984,-76.918236
SISE ATE,3.51,1046838,SAN BENITO DE PALERMO,Privada,Privado,LIMA,ATE,CALLE POLONIA 151-157,-12.03955,-76.92607
SISE ATE,3.33,1075829,BELEN,Privada,Privado,LIMA,ATE,CALLE LAS FRESAS S/N MZ F1 LOTE 21 ETAPA II,-12.02992,-76.92962
SISE ATE,3.75,0765354,ESTUDIO Y ENSE¥ANZA SANTA ROSA S.C.,Privada,Privado,LIMA,ATE,CALLE ITALIA 180,-12.04061,-76.928
SISE ATE,0.72,0582312,0025 SAN MARTIN DE PORRES,P£blica de gesti¢n directa,Público,LIMA,ATE,AVENIDA PROGRESO S/N,-12.02624,-76.90197
SISE SAN JUAN DE LURIGANCHO,4.91,1223551,FAMILIA DE NAZARETH,Privada,Privado,LIMA,ATE,AVENIDA MIGUEL GRAU 135,-12.06052,-76.99519
SISE SANTA BEATRIZ,4.82,1223551,FAMILIA DE NAZARETH,Privada,Privado,LIMA,ATE,AVENIDA MIGUEL GRAU 135,-12.06052,-76.99519
SISE ATE,4.51,1045756,1263 PURUCHUCO,P£blica de gesti¢n directa,Público,LIMA,ATE,PURUCHUCO MZ U LOTE 1 ZONA I,-12.04869,-76.93006
SISE ATE,3.18,1066026,1251 PERUANO SUIZO,P£blica de gesti¢n directa,Público,LIMA,ATE,HIJOS DE APURIMAC,-12.02194,-76.8717
SISE ATE,3.28,1074509,1254 MARIA REICHE NEWMANN,P£blica de gesti¢n directa,Público,LIMA,ATE,AVENIDA MONTEVERVE S/N MZ X LOTE 2,-12.0434,-76.91908
SISE ATE,2.98,1188382,SAINT JOSEPH SCHOOL,Privada,Privado,LIMA,ATE,CALLE SAN JOSE 168,-12.025392,-76.92762
SISE ATE,3.46,1243666,DOMINGO SAVIO,Privada,Privado,LIMA,ATE,VIRGEN DEL CARMEN MZ K LOTE 15,-12.03562,-76.92829
SISE ATE,4.18,1243146,LA INMACULADA,Privada,Privado,LIMA,ATE,CALLE AMAZONAS MZ F LOTE 1,-12.03077,-76.93765
SISE ATE,1.78,1253277,SAN JUAN BOSCO,Privada,Privado,LIMA,ATE,AVENIDA CENTRAL 623,-12.02436,-76.91658
SISE SAN JUAN DE LURIGANCHO,4.5,0762773,0097 PATRICIA ANTONIA LOPEZ,P£blica de gesti¢n directa,Público,LIMA,SANTA ANITA,CALLE APURIMAC 160,-12.050626,-76.980906
SISE SAN JUAN DE LURIGANCHO,4.07,0605469,0101 SHUJI KITAMURA,P£blica de gesti¢n privada,Privado,LIMA,SANTA ANITA,JIRON JOSE CARLOS MARIATEGUI 355,-12.04268,-76.97738
SISE SAN JUAN DE LURIGANCHO,4.98,0605501,106 ABRAHAM VALDELOMAR,P£blica de gesti¢n directa,Público,LIMA,SANTA ANITA,AVENIDA 7 DE JUNIO S/N,-12.04765,-76.97062
SISE SAN JUAN DE LURIGANCHO,4.83,0578294,0108 SANTA ROSA DE QUIVES,P£blica de gesti¢n directa,Público,LIMA,SANTA ANITA,JIRON LAS PALMERAS 375,-12.05326,-76.97946
SISE SAN JUAN DE LURIGANCHO,4.67,0578286,107 DANIEL ALCIDES CARRION GARCIA,P£blica de gesti¢n directa,Público,LIMA,SANTA ANITA,AVENIDA CHANCAS 3 S/N,-12.03889,-76.96755
SISE SAN JUAN DE LURIGANCHO,4.74,1066513,NUESTRA SE¥ORA DEL ROSARIO,Privada,Privado,LIMA,SANTA ANITA,CALLE LOS ALCANFORES 1244,-12.04432,-76.97061
SISE SAN JUAN DE LURIGANCHO,4.27,1066356,CESAR VALLEJO,Privada,Privado,LIMA,SANTA ANITA,AVENIDA JOSE CARLOS MARIATEGUI 500,-12.0438,-76.97591
SISE SAN JUAN DE LURIGANCHO,4.7,0665018,SAN JUDAS TADEO,Privada,Privado,LIMA,SANTA ANITA,AVENIDA LOS ROBLES 919,-12.0507,-76.97791
SISE SAN JUAN DE LURIGANCHO,3.9,0904045,SAN LUIS,Privada,Privado,LIMA,SANTA ANITA,JIRON LUIS DE LA PUENTE UCEDA 283,-12.04315,-76.98016
SISE SAN JUAN DE LURIGANCHO,4.06,0307405,MONITOR HUASCAR,Privada,Privado,LIMA,SANTA ANITA,JIRON JAVIER HERAUD 596,-12.04313,-76.97796
SISE SAN JUAN DE LURIGANCHO,4.74,1044437,SANTA MARGARITA DE JESUS,Privada,Privado,LIMA,SANTA ANITA,JIRON GUILLERMO MOORE 295,-12.04726,-76.97334
SISE SAN JUAN DE LURIGANCHO,4.46,1063189,0124 GLORIOSA LEGION CACERES,P£blica de gesti¢n directa,Público,LIMA,SANTA ANITA,CALLE MARSELLA S/N,-12.05231,-76.98433
SISE SAN JUAN DE LURIGANCHO,4.55,0762781,133 JULIO CESAR TELLO,P£blica de gesti¢n directa,Público,LIMA,SANTA ANITA,AVENIDA FRANCISCO BOLOGNESI 1082,-12.04527,-76.97387
SISE SAN JUAN DE LURIGANCHO,4.56,0664920,129 YAMAGUCHI,P£blica de gesti¢n directa,Público,LIMA,SANTA ANITA,JIRON LOS CEDROS CUADEA 3 S/N,-12.0485,-76.97721
SISE SAN JUAN DE LURIGANCHO,4.66,0535625,ALFONSO UGARTE,Privada,Privado,LIMA,SANTA ANITA,JIRON LOS PINOS 514,-12.04823,-76.97547
SISE SAN JUAN DE LURIGANCHO,4.56,0903955,LEONCIO PRADO,Privada,Privado,LIMA,SANTA ANITA,CALLE LOS CIPRESES 526,-12.04937,-76.97824
SISE SAN JUAN DE LURIGANCHO,4.43,0904078,SAN JOSE SCHOOL,Privada,Privado,LIMA,SANTA ANITA,JIRON LAS CASUARINAS 583,-12.04821,-76.9787
SISE SAN JUAN DE LURIGANCHO,4.4,1066430,DON BOSCO,Privada,Privado,LIMA,SANTA ANITA,JIRON LOS ROBLES 101,-12.04809,-76.97901
SISE SAN JUAN DE LURIGANCHO,4.52,1007335,APPU LUMBRERAS,Privada,Privado,LIMA,SANTA ANITA,AVENIDA FRANCISCO BOLOGNESI 1089,-12.04535,-76.97421
SISE SAN JUAN DE LURIGANCHO,4.63,1226463,INGENIEROS & ARQUITECTOS UNI,Privada,Privado,LIMA,SANTA ANITA,CALLE LOS ALISOS 105,-12.04967,-76.97754
SISE ATE,1.83,1254150,CRISTO REINA I,Privada,Privado,LIMA,ATE,AVENIDA CENTRAL 601,-12.02443,-76.91703
SISE SANTA BEATRIZ,4.56,1254358,HOGAR DE JESUS,Privada,Privado,LIMA,ATE,AVENIDA LOS ROSALES 144,-12.06212,-76.9971
SISE ATE,3.79,1255074,PASCUAL SACO OLIVEROS - LUMBRERAS,Privada,Privado,LIMA,ATE,CALLE MADRE DE DIOS MZ Q LOTE 13,-12.02865,-76.93446
SISE ATE,3.11,1265214,1282 AYMON LA CRUZ LOPEZ,P£blica de gesti¢n directa,Público,LIMA,LURIGANCHO,AVENIDA LAS MORAS S/N,-12.00228,-76.92308
SISE SAN JUAN DE LURIGANCHO,4.91,1265453,MANUEL ELIAS BONNEMAISON,Privada,Privado,LIMA,ATE,AVENIDA MANUEL ELIAS BONNEMAISON 180-1,-12.06028,-76.99403
SISE SANTA BEATRIZ,4.95,1265453,MANUEL ELIAS BONNEMAISON,Privada,Privado,LIMA,ATE,AVENIDA MANUEL ELIAS BONNEMAISON 180-1,-12.06028,-76.99403
SISE SAN JUAN DE LURIGANCHO,4.7,1265602,JIREH,Privada,Privado,LIMA,SANTA ANITA,CALLE TUMI 248,-12.04266,-76.9698
SISE SAN JUAN DE LURIGANCHO,4.42,1505890,BOURBAKI,Privada,Privado,LIMA,SANTA ANITA,JIRON LOS LIBERTADORES 344 MZ H LOTE 16 ETAPA II,-12.04457,-76.97474
SISE ATE,2.68,1506005,ELVIRA GARCIA Y GARCIA BERT,Privada,Privado,LIMA,LURIGANCHO,MZ J LOTE 9-12-13 ETAPA I,-12.00271,-76.91816
SISE ATE,1.28,1506039,JESUS GUIA,Privada,Privado,LIMA,ATE,AVENIDA SAN MARTIN 613 MZ B LOTE 17,-12.02034,-76.88903
SISE SAN JUAN DE LURIGANCHO,4.81,1506062,OSCAR MIRO QUESADA,Privada,Privado,LIMA,ATE,AVENIDA LOS ROSALES 789,-12.05923,-76.99368
SISE ATE,0.53,1506195,SANTA INES,Privada,Privado,LIMA,ATE,AVENIDA GRAU 2550,-12.02447,-76.89937
SISE ATE,2.07,1506864,CORAZON DE JESUS DE SANTA CLARA,Privada,Privado,LIMA,ATE,AVENIDA INDEPENDENCIA 309,-12.01661,-76.88213
SISE SANTA BEATRIZ,4.76,1275213,SALESIAN INNOVA,Privada,Privado,LIMA,ATE,AVENIDA MARISCAL CACER5ES 251,-12.062,-76.99515
SISE SAN JUAN DE LURIGANCHO,4.77,1231737,SACO OLIVEROS SISTEMA MARSHALL,Privada,Privado,LIMA,SAN JUAN DE LURIGANCHO,AVENIDA LOS PROCERES DE LA INDEPENDENCIA MZ J-1 LOTE 3,-11.9747,-76.99945
SISE ATE,3.52,1507250,1224,P£blica de gesti¢n directa,Público,LIMA,LURIGANCHO,AVENIDA SAN JUAN S/N,-11.9964,-76.9226
SISE ATE,4.21,1507342,SOMOS CULTURA ORGANIZADA ACADEMICAMENTE,Privada,Privado,LIMA,ATE,MZ D LOTE 16 SECTOR II,-12.033609,-76.93691
SISE ATE,3.03,1507557,1283 OKINAWA,P£blica de gesti¢n directa,Público,LIMA,ATE,MZ D,-12.04551,-76.89125
SISE ATE,0.2,1507599,JULIO RAMON RIBEYRO,Privada,Privado,LIMA,ATE,PASAJE HUANCHIHUAYLAS 187,-12.02153,-76.90022
SISE ATE,3.31,1507219,UNIMASTER,Privada,Privado,LIMA,ATE,AVENIDA JOSE MARIA MORELOS 251 MZ A LOTE 01,-12.02784,-76.93015
SISE ATE,2.96,1506849,EMANUEL,Privada,Privado,LIMA,LURIGANCHO,CALLE 2 S/N MZ J LOTE 2,-12.00365,-76.92243
SISE ATE,0.91,1507839,MAHATMA GANDHI,Privada,Privado,LIMA,ATE,CALLE 1 DE MAYO MZ LL LOTE 10,-12.0274,-76.90405
SISE ATE,2.96,1508118,LOS PORTALES DEL SABER,Privada,Privado,LIMA,ATE,"LOS OLIVOS MZ A LOTE 2,3,4",-12.02718,-76.92699
SISE ATE,4.15,1508563,SELECCION A DE ATE,Privada,Privado,LIMA,ATE,MZ A LOTE 14,-12.0281,-76.93807
SISE ATE,2.99,1508621,JESUS DE NAZARETH,Privada,Privado,LIMA,LURIGANCHO,AVENIDA LAS PRADERAS DE HUACHIPA MZ G LOTE 3 Y 4,-11.99304,-76.90301
SISE ATE,3.55,1508654,MAESTRO CESAR VALLEJO,Privada,Privado,LIMA,ATE,LOS ANGELES MZ H LOTE 25,-12.03201,-76.93102
SISE ATE,2.84,1508837,SAN ISIDRO PATRON DE VITARTE,Privada,Privado,LIMA,ATE,AVENIDA JAVIER PRADO ESTE MZ G LOTE 10-A ETAPA I,-12.02714,-76.9259
SISE ATE,3.32,1508845,PERUANO AMERICANO,Privada,Privado,LIMA,LURIGANCHO,CALLE TRECE MZ H LOTE 4-5-6-7,-12.0011,-76.8771
SISE ATE,3.06,1508902,PEDRO PAULET,Privada,Privado,LIMA,LURIGANCHO,MZ M LOTE 01,-11.999752,-76.920018
SISE ATE,4.22,1509108,CIBERT UNI DE ATE VITARTE,Privada,Privado,LIMA,ATE,MZ A LOTE 1,-12.03263,-76.93733
SISE ATE,1.6,1509181,LA SAGRADA FAMILIA,Privada,Privado,LIMA,ATE,AVENIDA SAN ALFONSO 362,-12.02018,-76.88609
SISE SAN JUAN DE LURIGANCHO,4.49,1509421,CIBER UNI LAS PRADERAS,Privada,Privado,LIMA,SANTA ANITA,AVENIDA FERROCARRIL 788 MZ CH LOTE 1,-12.03474,-76.96708
SISE ATE,3.26,1509629,SAN ANTONIO DE CARAPONGO,Privada,Privado,LIMA,LURIGANCHO,CALLE 16 MZ V LOTE 38-39,-12.0018,-76.87726
SISE ATE,1.07,1509686,THALES DE VITARTE,Privada,Privado,LIMA,ATE,CALLE CORAZON DE JESUS 114,-12.02601,-76.90835
SISE SAN JUAN DE LURIGANCHO,4.61,1509728,RICARDO PALMA,Privada,Privado,LIMA,SANTA ANITA,JIRON CULTURA MOCHICA 316,-12.04073,-76.96935
SISE ATE,3.35,1510007,MIGUEL ANGEL ASTURIAS,Privada,Privado,LIMA,ATE,MZ A LOTE 9-10,-12.012851,-76.870863
SISE SAN JUAN DE LURIGANCHO,4.5,1510247,TECHNOLOGY SCHOOLS DE LOS FICUS I,Privada,Privado,LIMA,SANTA ANITA,CALLE LOS ROBLES 325,-12.0465,-76.97565
SISE ATE,0.93,1510312,DANIEL GOLEMAN,Privada,Privado,LIMA,ATE,CALLE LOS ANDES 184,-12.02782,-76.90342
SISE ATE,2.97,1510353,LA SORBONA DE LIMA,Privada,Privado,LIMA,ATE,AVENIDA BERNARDINO RIVADAVIA MZ F LOTE 01,-12.02951,-76.92633
SISE ATE,2.68,1510361,RUBEN DARIO,Privada,Privado,LIMA,ATE,PASAJE MAUTA MZ X LOTE 11 SECTOR 8 ZONA A,-12.04393,-76.90288
SISE SAN JUAN DE MIRAFLORES,4.71,1056704,YACHAYHUASI,Privada,Privado,LIMA,SANTIAGO DE SURCO,AVENIDA LOS PINOS S/N MZ L LOTE 7,-12.20267,-76.97806
SISE VILLA EL SALVADOR,4.58,1056704,YACHAYHUASI,Privada,Privado,LIMA,SANTIAGO DE SURCO,AVENIDA LOS PINOS S/N MZ L LOTE 7,-12.20267,-76.97806
SISE CANTUARIAS,3.42,0583203,PNP CAP. ALCIDES VIGO HURTADO,Privada,Privado,LIMA,SANTIAGO DE SURCO,AVENIDA VILLA CARRILLO 287,-12.12264,-76.99421
SISE SAN JUAN DE MIRAFLORES,4.79,0583203,PNP CAP. ALCIDES VIGO HURTADO,Privada,Privado,LIMA,SANTIAGO DE SURCO,AVENIDA VILLA CARRILLO 287,-12.12264,-76.99421
SISE SURCO,2.69,0583203,PNP CAP. ALCIDES VIGO HURTADO,Privada,Privado,LIMA,SANTIAGO DE SURCO,AVENIDA VILLA CARRILLO 287,-12.12264,-76.99421
SISE CANTUARIAS,2.45,0323345,7014 VASIL LEVSKI,P£blica de gesti¢n directa,Público,LIMA,SURQUILLO,AVENIDA LAS MAGNOLIAS S/N,-12.12184,-77.00317
SISE SURCO,3.16,0323345,7014 VASIL LEVSKI,P£blica de gesti¢n directa,Público,LIMA,SURQUILLO,AVENIDA LAS MAGNOLIAS S/N,-12.12184,-77.00317
SISE CANTUARIAS,4.73,1085851,7083 MANUEL GONZALES PRADA,P£blica de gesti¢n directa,Público,LIMA,SAN BORJA,CALLE DEL COMERCIO 193,-12.08564,-77.00184
SISE SANTA BEATRIZ,3.81,1085851,7083 MANUEL GONZALES PRADA,P£blica de gesti¢n directa,Público,LIMA,SAN BORJA,CALLE DEL COMERCIO 193,-12.08564,-77.00184
SISE CANTUARIAS,4.86,0325548,6085 BRIGIDA SILVA DE OCHOA,P£blica de gesti¢n directa,Público,LIMA,CHORRILLOS,AVENIDA ESCUELA MILITAR 851,-12.164653,-77.020892
SISE SURCO,4.14,0325548,6085 BRIGIDA SILVA DE OCHOA,P£blica de gesti¢n directa,Público,LIMA,CHORRILLOS,AVENIDA ESCUELA MILITAR 851,-12.164653,-77.020892
SISE CANTUARIAS,4.42,0329813,6053 SAGRADO CORAZON,P£blica de gesti¢n privada,Privado,LIMA,CHORRILLOS,AVENIDA CHORRILLOS 528,-12.1609,-77.02362
SISE SURCO,4.22,0329813,6053 SAGRADO CORAZON,P£blica de gesti¢n privada,Privado,LIMA,CHORRILLOS,AVENIDA CHORRILLOS 528,-12.1609,-77.02362
SISE CANTUARIAS,2.87,0330464,7049 CAP. FAP JOSE A. QUI¥ONES GONZALES,P£blica de gesti¢n directa,Público,LIMA,BARRANCO,AVENIDA JORGE CHAVEZ 489,-12.14456,-77.01443
SISE SAN JUAN DE MIRAFLORES,4.81,0330464,7049 CAP. FAP JOSE A. QUI¥ONES GONZALES,P£blica de gesti¢n directa,Público,LIMA,BARRANCO,AVENIDA JORGE CHAVEZ 489,-12.14456,-77.01443
SISE SURCO,2.89,0330464,7049 CAP. FAP JOSE A. QUI¥ONES GONZALES,P£blica de gesti¢n directa,Público,LIMA,BARRANCO,AVENIDA JORGE CHAVEZ 489,-12.14456,-77.01443
SISE SAN JUAN DE MIRAFLORES,4.89,0693622,7066 ANDRES AVELINO CACERES,P£blica de gesti¢n directa,Público,LIMA,CHORRILLOS,AVENIDA 12 DE OCTUBRE S/N,-12.19998,-76.99325
SISE CANTUARIAS,3.76,0325480,6051 MERCEDES INDACOCHEA,P£blica de gesti¢n directa,Público,LIMA,BARRANCO,AVENIDA PANAMERICA SUR 386,-12.15446,-77.01962
SISE SURCO,3.57,0325480,6051 MERCEDES INDACOCHEA,P£blica de gesti¢n directa,Público,LIMA,BARRANCO,AVENIDA PANAMERICA SUR 386,-12.15446,-77.01962
SISE SAN JUAN DE MIRAFLORES,4.75,0329367,FRANCO PERUANO,Privada,Privado,LIMA,SANTIAGO DE SURCO,AVENIDA MORRO SOLAR 550,-12.11802,-76.97756
SISE SURCO,3.31,0329367,FRANCO PERUANO,Privada,Privado,LIMA,SANTIAGO DE SURCO,AVENIDA MORRO SOLAR 550,-12.11802,-76.97756
SISE SAN JUAN DE MIRAFLORES,4.02,0779017,ANDRE MALRAUX,Privada,Privado,LIMA,SANTIAGO DE SURCO,AVENIDA SAN FRANCISCO 245,-12.12482,-76.97922
SISE SURCO,2.54,0779017,ANDRE MALRAUX,Privada,Privado,LIMA,SANTIAGO DE SURCO,AVENIDA SAN FRANCISCO 245,-12.12482,-76.97922
SISE CANTUARIAS,1.54,0329458,MIRAFLORES,Privada,Privado,LIMA,MIRAFLORES,AVENIDA COMANDANTE ESPINAR 750,-12.11254,-77.03667
SISE SANTA BEATRIZ,3.88,0329458,MIRAFLORES,Privada,Privado,LIMA,MIRAFLORES,AVENIDA COMANDANTE ESPINAR 750,-12.11254,-77.03667
SISE CANTUARIAS,1.67,0646745,JOSE ANTONIO ENCINAS,Privada,Privado,LIMA,SURQUILLO,AVENIDA VICTOR ALZAMORA 225,-12.11374,-77.01236
SISE SANTA BEATRIZ,4.76,0646745,JOSE ANTONIO ENCINAS,Privada,Privado,LIMA,SURQUILLO,AVENIDA VICTOR ALZAMORA 225,-12.11374,-77.01236
SISE SURCO,4.47,0646745,JOSE ANTONIO ENCINAS,Privada,Privado,LIMA,SURQUILLO,AVENIDA VICTOR ALZAMORA 225,-12.11374,-77.01236
SISE CANTUARIAS,1.55,0306001,MATER PURISSIMA,Privada,Privado,LIMA,MIRAFLORES,AVENIDA DE LA AVIACION 445,-12.12185,-77.03992
SISE SANTA BEATRIZ,4.93,0306001,MATER PURISSIMA,Privada,Privado,LIMA,MIRAFLORES,AVENIDA DE LA AVIACION 445,-12.12185,-77.03992
SISE CANTUARIAS,2.81,1056761,VIRGEN DEL ROSARIO,Privada,Privado,LIMA,SANTIAGO DE SURCO,PASAJE VENEGAS 257,-12.14375,-77.01405
SISE SAN JUAN DE MIRAFLORES,4.8,1056761,VIRGEN DEL ROSARIO,Privada,Privado,LIMA,SANTIAGO DE SURCO,PASAJE VENEGAS 257,-12.14375,-77.01405
SISE SURCO,2.85,1056761,VIRGEN DEL ROSARIO,Privada,Privado,LIMA,SANTIAGO DE SURCO,PASAJE VENEGAS 257,-12.14375,-77.01405
SISE SAN JUAN DE MIRAFLORES,4.09,0774794,7076 LAS BRISAS DE VILLA,P£blica de gesti¢n directa,Público,LIMA,SANTIAGO DE SURCO,"CALLE B, 5, D, 3",-12.1973,-76.9749
SISE VILLA EL SALVADOR,4.12,0774794,7076 LAS BRISAS DE VILLA,P£blica de gesti¢n directa,Público,LIMA,SANTIAGO DE SURCO,"CALLE B, 5, D, 3",-12.1973,-76.9749
SISE CANTUARIAS,3.19,0325506,ENRIQUE ARNAEZ NAVEDA,P£blica de gesti¢n directa,Público,LIMA,BARRANCO,AVENIDA LIMA 209,-12.14908,-77.01884
SISE SURCO,3.38,0325506,ENRIQUE ARNAEZ NAVEDA,P£blica de gesti¢n directa,Público,LIMA,BARRANCO,AVENIDA LIMA 209,-12.14908,-77.01884
SISE CANTUARIAS,2.33,0704460,FEDERICO VILLARREAL,P£blica de gesti¢n directa,Público,LIMA,MIRAFLORES,CALLE ENRIQUE CABALLERO ORREGO 376,-12.12498,-77.00461
SISE SURCO,2.96,0704460,FEDERICO VILLARREAL,P£blica de gesti¢n directa,Público,LIMA,MIRAFLORES,CALLE ENRIQUE CABALLERO ORREGO 376,-12.12498,-77.00461
SISE SURCO,4.29,0325449,JOSE DE LA RIVA AGUERO Y OSMA,P£blica de gesti¢n directa,Público,LIMA,CHORRILLOS,AVENIDA CARLOS ALCORTA 251,-12.16639,-77.0215
SISE CANTUARIAS,2.7,0305656,7047 TACNA,P£blica de gesti¢n directa,Público,LIMA,BARRANCO,JIRON GARCIA Y GARCIA 140,-12.14433,-77.01804
SISE SURCO,3.28,0305656,7047 TACNA,P£blica de gesti¢n directa,Público,LIMA,BARRANCO,JIRON GARCIA Y GARCIA 140,-12.14433,-77.01804
SISE SAN JUAN DE MIRAFLORES,3.83,0583328,TUPAC AMARU II,P£blica de gesti¢n directa,Público,LIMA,CHORRILLOS,AVENIDA SANTA ROSA S/N,-12.19324,-76.98449
SISE SAN JUAN DE MIRAFLORES,2.01,1056092,SAN BENITO DE PALERMO,Privada,Privado,LIMA,SANTIAGO DE SURCO,AVENIDA EL CARMEN 681,-12.15057,-76.98875
SISE SURCO,0.51,1056092,SAN BENITO DE PALERMO,Privada,Privado,LIMA,SANTIAGO DE SURCO,AVENIDA EL CARMEN 681,-12.15057,-76.98875
SISE SAN JUAN DE MIRAFLORES,3.07,0693556,LAS NAZARENAS,Privada,Privado,LIMA,SANTIAGO DE SURCO,AVENIDA LAS NAZARENAS 898,-12.13404,-76.98116
SISE SURCO,1.52,0693556,LAS NAZARENAS,Privada,Privado,LIMA,SANTIAGO DE SURCO,AVENIDA LAS NAZARENAS 898,-12.13404,-76.98116
SISE CANTUARIAS,2.97,0305763,LA INMACULADA CONCEPCION,Privada,Privado,LIMA,SANTIAGO DE SURCO,CALLE BARLOVENTO 140,-12.12794,-76.99928
SISE SAN JUAN DE MIRAFLORES,4.59,0305763,LA INMACULADA CONCEPCION,Privada,Privado,LIMA,SANTIAGO DE SURCO,CALLE BARLOVENTO 140,-12.12794,-76.99928
SISE SURCO,2.36,0305763,LA INMACULADA CONCEPCION,Privada,Privado,LIMA,SANTIAGO DE SURCO,CALLE BARLOVENTO 140,-12.12794,-76.99928
SISE CANTUARIAS,0.96,0329565,SAN VICENTE DE PAUL,Privada,Privado,LIMA,SURQUILLO,JIRON GENERAL RECAVARREN 890,-12.11256,-77.02523
SISE SANTA BEATRIZ,4.05,0329565,SAN VICENTE DE PAUL,Privada,Privado,LIMA,SURQUILLO,JIRON GENERAL RECAVARREN 890,-12.11256,-77.02523
SISE SAN JUAN DE MIRAFLORES,2.23,1057769,MERRY DOPSON,Privada,Privado,LIMA,SANTIAGO DE SURCO,AVENIDA JUAN PABLO II S/N MZ C1 LOTE 01,-12.14053,-76.97515
SISE SURCO,1.52,1057769,MERRY DOPSON,Privada,Privado,LIMA,SANTIAGO DE SURCO,AVENIDA JUAN PABLO II S/N MZ C1 LOTE 01,-12.14053,-76.97515
SISE CANTUARIAS,2.87,0693549,HIRAM BINGHAM,Privada,Privado,LIMA,SANTIAGO DE SURCO,AVENIDA PASEO CASTELLANA 919,-12.13834,-77.00589
SISE SAN JUAN DE MIRAFLORES,4.31,0693549,HIRAM BINGHAM,Privada,Privado,LIMA,SANTIAGO DE SURCO,AVENIDA PASEO CASTELLANA 919,-12.13834,-77.00589
SISE SURCO,2.13,0693549,HIRAM BINGHAM,Privada,Privado,LIMA,SANTIAGO DE SURCO,AVENIDA PASEO CASTELLANA 919,-12.13834,-77.00589
SISE CANTUARIAS,1.0,0500363,HOSANNA,Privada,Privado,LIMA,MIRAFLORES,AVENIDA GRAU 425,-12.12266,-77.03471
SISE CANTUARIAS,1.81,1056860,MEDALLA DE MARIA,Privada,Privado,LIMA,MIRAFLORES,AVENIDA MARISCAL LA MAR 295,-12.11735,-77.04183
SISE SANTA BEATRIZ,4.46,1056860,MEDALLA DE MARIA,Privada,Privado,LIMA,MIRAFLORES,AVENIDA MARISCAL LA MAR 295,-12.11735,-77.04183
SISE CANTUARIAS,4.94,0693614,NUESTRA SE¥ORA DE LA ASUNCION,Privada,Privado,LIMA,SANTIAGO DE SURCO,JIRON TALARA MZ J4 LOTE 27,-12.14435,-76.98687
SISE SAN JUAN DE MIRAFLORES,2.32,0693614,NUESTRA SE¥ORA DE LA ASUNCION,Privada,Privado,LIMA,SANTIAGO DE SURCO,JIRON TALARA MZ J4 LOTE 27,-12.14435,-76.98687
SISE SURCO,0.22,0693614,NUESTRA SE¥ORA DE LA ASUNCION,Privada,Privado,LIMA,SANTIAGO DE SURCO,JIRON TALARA MZ J4 LOTE 27,-12.14435,-76.98687
SISE SAN JUAN DE MIRAFLORES,2.94,0643205,PALESTRA,Privada,Privado,LIMA,SANTIAGO DE SURCO,CALLE CERRO RICO 120,-12.13444,-76.97789
SISE SURCO,1.69,0643205,PALESTRA,Privada,Privado,LIMA,SANTIAGO DE SURCO,CALLE CERRO RICO 120,-12.13444,-76.97789
SISE CANTUARIAS,3.39,1057207,NUEVO MUNDO,Privada,Privado,LIMA,SANTIAGO DE SURCO,AVENIDA VILLA CARRILLO 316 - 320,-12.12289,-76.99456
SISE SAN JUAN DE MIRAFLORES,4.78,1057207,NUEVO MUNDO,Privada,Privado,LIMA,SANTIAGO DE SURCO,AVENIDA VILLA CARRILLO 316 - 320,-12.12289,-76.99456
SISE SURCO,2.67,1057207,NUEVO MUNDO,Privada,Privado,LIMA,SANTIAGO DE SURCO,AVENIDA VILLA CARRILLO 316 - 320,-12.12289,-76.99456
SISE SAN JUAN DE MIRAFLORES,3.37,0305615,COLEGIO DE LA INMACULADA (JESUITAS),Privada,Privado,LIMA,SANTIAGO DE SURCO,CALLE HERMANO SANTOS GARCIA 108,-12.13024,-76.97277
SISE SURCO,2.41,0305615,COLEGIO DE LA INMACULADA (JESUITAS),Privada,Privado,LIMA,SANTIAGO DE SURCO,CALLE HERMANO SANTOS GARCIA 108,-12.13024,-76.97277
SISE CANTUARIAS,0.72,0329391,INDEPENDENCIA,Privada,Privado,LIMA,MIRAFLORES,AVENIDA PASEO DE LA REPUBLICA 4900,-12.11474,-77.02645
SISE SANTA BEATRIZ,4.25,0329391,INDEPENDENCIA,Privada,Privado,LIMA,MIRAFLORES,AVENIDA PASEO DE LA REPUBLICA 4900,-12.11474,-77.02645
SISE CANTUARIAS,3.04,0325662,TECNICO FAP MANUEL POLO JIMENEZ,P£blica de gesti¢n directa,Público,LIMA,SANTIAGO DE SURCO,CALLE COHETE 102,-12.14583,-77.01345
SISE SAN JUAN DE MIRAFLORES,4.66,0325662,TECNICO FAP MANUEL POLO JIMENEZ,P£blica de gesti¢n directa,Público,LIMA,SANTIAGO DE SURCO,CALLE COHETE 102,-12.14583,-77.01345
SISE SURCO,2.78,0325662,TECNICO FAP MANUEL POLO JIMENEZ,P£blica de gesti¢n directa,Público,LIMA,SANTIAGO DE SURCO,CALLE COHETE 102,-12.14583,-77.01345
SISE CANTUARIAS,4.49,0588905,HORACIO PATI¥O CRUZATTI,Privada,Privado,LIMA,SANTIAGO DE SURCO,AVENIDA LAS NAZARENAS 401,-12.13197,-76.98582
SISE SAN JUAN DE MIRAFLORES,3.45,0588905,HORACIO PATI¥O CRUZATTI,Privada,Privado,LIMA,SANTIAGO DE SURCO,AVENIDA LAS NAZARENAS 401,-12.13197,-76.98582
SISE SURCO,1.58,0588905,HORACIO PATI¥O CRUZATTI,Privada,Privado,LIMA,SANTIAGO DE SURCO,AVENIDA LAS NAZARENAS 401,-12.13197,-76.98582
SISE CANTUARIAS,1.32,1056829,NUESTRA SE¥ORA DEL CARMEN,Privada,Privado,LIMA,MIRAFLORES,AVENIDA BENAVIDES 1665,-12.12663,-77.0149
SISE SURCO,3.64,1056829,NUESTRA SE¥ORA DEL CARMEN,Privada,Privado,LIMA,MIRAFLORES,AVENIDA BENAVIDES 1665,-12.12663,-77.0149
SISE CANTUARIAS,0.58,1082999,SAN IGNACIO DE LOYOLA,Privada,Privado,LIMA,MIRAFLORES,AVENIDA AREQUIPA 5131,-12.11723,-77.02908
SISE SANTA BEATRIZ,4.46,1082999,SAN IGNACIO DE LOYOLA,Privada,Privado,LIMA,MIRAFLORES,AVENIDA AREQUIPA 5131,-12.11723,-77.02908
SISE CANTUARIAS,4.72,0779108,MATER CHRISTI,Privada,Privado,LIMA,SANTIAGO DE SURCO,AVENIDA SAN JUAN 468,-12.12488,-76.98245
SISE SAN JUAN DE MIRAFLORES,4.09,0779108,MATER CHRISTI,Privada,Privado,LIMA,SANTIAGO DE SURCO,AVENIDA SAN JUAN 468,-12.12488,-76.98245
SISE SURCO,2.43,0779108,MATER CHRISTI,Privada,Privado,LIMA,SANTIAGO DE SURCO,AVENIDA SAN JUAN 468,-12.12488,-76.98245
SISE CANTUARIAS,0.75,0305771,LA REPARACION,Privada,Privado,LIMA,MIRAFLORES,AVENIDA BELLAVISTA 170,-12.12033,-77.03251
SISE SANTA BEATRIZ,4.76,0305771,LA REPARACION,Privada,Privado,LIMA,MIRAFLORES,AVENIDA BELLAVISTA 170,-12.12033,-77.03251
SISE CANTUARIAS,2.49,0324772,7050 NICANOR RIVERA CACERES,P£blica de gesti¢n directa,Público,LIMA,BARRANCO,AVENIDA MIRAFLORES 200,-12.14295,-77.02031
SISE SURCO,3.54,0324772,7050 NICANOR RIVERA CACERES,P£blica de gesti¢n directa,Público,LIMA,BARRANCO,AVENIDA MIRAFLORES 200,-12.14295,-77.02031
SISE CANTUARIAS,2.77,1080258,7053 REINO DE ESPA¥A,P£blica de gesti¢n directa,Público,LIMA,BARRANCO,AVENIDA SAN MARTIN 131,-12.145928,-77.022812
SISE SURCO,3.79,1080258,7053 REINO DE ESPA¥A,P£blica de gesti¢n directa,Público,LIMA,BARRANCO,AVENIDA SAN MARTIN 131,-12.145928,-77.022812
SISE SAN JUAN DE MIRAFLORES,1.66,0469205,6082 LOS PROCERES,P£blica de gesti¢n directa,Público,LIMA,SANTIAGO DE SURCO,ALAMEDA MANUEL PEREZ DE TUDELA,-12.15068,-76.98486
SISE SURCO,0.61,0469205,6082 LOS PROCERES,P£blica de gesti¢n directa,Público,LIMA,SANTIAGO DE SURCO,ALAMEDA MANUEL PEREZ DE TUDELA,-12.15068,-76.98486
SISE SAN JUAN DE MIRAFLORES,4.51,0774679,6086 SANTA ISABEL,P£blica de gesti¢n directa,Público,LIMA,SANTIAGO DE SURCO,JIRON JOSE OLAYA S/N MZ R LOTE 01,-12.200914,-76.977231
SISE VILLA EL SALVADOR,4.44,0774679,6086 SANTA ISABEL,P£blica de gesti¢n directa,Público,LIMA,SANTIAGO DE SURCO,JIRON JOSE OLAYA S/N MZ R LOTE 01,-12.200914,-76.977231
SISE SAN JUAN DE MIRAFLORES,3.65,0324954,SAN MARCOS DE MONTERRICO,Privada,Privado,LIMA,SANTIAGO DE SURCO,CALLE LAS AZUCENAS 108,-12.1277,-76.97418
SISE SURCO,2.53,0324954,SAN MARCOS DE MONTERRICO,Privada,Privado,LIMA,SANTIAGO DE SURCO,CALLE LAS AZUCENAS 108,-12.1277,-76.97418
SISE CANTUARIAS,4.98,0502047,6047 JOSE MARIA ARGUEDAS,P£blica de gesti¢n directa,Público,LIMA,SANTIAGO DE SURCO,CALLE ESTEBAN CAMERE 500,-12.14896,-76.98972
SISE SAN JUAN DE MIRAFLORES,2.2,0502047,6047 JOSE MARIA ARGUEDAS,P£blica de gesti¢n directa,Público,LIMA,SANTIAGO DE SURCO,CALLE ESTEBAN CAMERE 500,-12.14896,-76.98972
SISE SURCO,0.38,0502047,6047 JOSE MARIA ARGUEDAS,P£blica de gesti¢n directa,Público,LIMA,SANTIAGO DE SURCO,CALLE ESTEBAN CAMERE 500,-12.14896,-76.98972
SISE CANTUARIAS,3.32,0329300,CRISTO SALVADOR,Privada,Privado,LIMA,SANTIAGO DE SURCO,CALLE ENRIQUE LEON GARCIA 394,-12.12681,-76.99563
SISE SAN JUAN DE MIRAFLORES,4.47,0329300,CRISTO SALVADOR,Privada,Privado,LIMA,SANTIAGO DE SURCO,CALLE ENRIQUE LEON GARCIA 394,-12.12681,-76.99563
SISE SURCO,2.3,0329300,CRISTO SALVADOR,Privada,Privado,LIMA,SANTIAGO DE SURCO,CALLE ENRIQUE LEON GARCIA 394,-12.12681,-76.99563
SISE SURCO,4.04,0583112,VIRGEN INMACULADA,Privada,Privado,LIMA,SANTIAGO DE SURCO,AVENIDA MORRO SOLAR 110,-12.11077,-76.97909
SISE CANTUARIAS,3.54,1056886,DOMINGO SAVIO,Privada,Privado,LIMA,SANTIAGO DE SURCO,AVENIDA AYACUCHO 1417,-12.13176,-76.99491
SISE SAN JUAN DE MIRAFLORES,3.97,1056886,DOMINGO SAVIO,Privada,Privado,LIMA,SANTIAGO DE SURCO,AVENIDA AYACUCHO 1417,-12.13176,-76.99491
SISE SURCO,1.76,1056886,DOMINGO SAVIO,Privada,Privado,LIMA,SANTIAGO DE SURCO,AVENIDA AYACUCHO 1417,-12.13176,-76.99491
SISE CANTUARIAS,2.57,0329268,ALEXANDER VON HUMBOLDT,Privada,Privado,LIMA,MIRAFLORES,AVENIDA BENAVIDES 3081,-12.12843,-77.00324
SISE SAN JUAN DE MIRAFLORES,4.83,0329268,ALEXANDER VON HUMBOLDT,Privada,Privado,LIMA,MIRAFLORES,AVENIDA BENAVIDES 3081,-12.12843,-77.00324
SISE SURCO,2.57,0329268,ALEXANDER VON HUMBOLDT,Privada,Privado,LIMA,MIRAFLORES,AVENIDA BENAVIDES 3081,-12.12843,-77.00324
SISE CANTUARIAS,2.05,0325555,NUESTRA SE¥ORA DE LOURDES,P£blica de gesti¢n directa,Público,LIMA,SURQUILLO,AVENIDA ANGAMOS ESTE 1957,-12.112408,-77.009087
SISE SANTA BEATRIZ,4.84,0325555,NUESTRA SE¥ORA DE LOURDES,P£blica de gesti¢n directa,Público,LIMA,SURQUILLO,AVENIDA ANGAMOS ESTE 1957,-12.112408,-77.009087
SISE SURCO,4.39,0325555,NUESTRA SE¥ORA DE LOURDES,P£blica de gesti¢n directa,Público,LIMA,SURQUILLO,AVENIDA ANGAMOS ESTE 1957,-12.112408,-77.009087
SISE CANTUARIAS,1.16,1086735,PESTALOZZI,Privada,Privado,LIMA,MIRAFLORES,AVENIDA RICARDO PALMA 1450,-12.1234,-77.01522
SISE SURCO,3.89,1086735,PESTALOZZI,Privada,Privado,LIMA,MIRAFLORES,AVENIDA RICARDO PALMA 1450,-12.1234,-77.01522
SISE CANTUARIAS,1.05,0704585,COLEGIO AMERICANO MIRAFLORES,Privada,Privado,LIMA,MIRAFLORES,AVENIDA JOSE PARDO 641 - 651,-12.11928,-77.03515
SISE SANTA BEATRIZ,4.63,0704585,COLEGIO AMERICANO MIRAFLORES,Privada,Privado,LIMA,MIRAFLORES,AVENIDA JOSE PARDO 641 - 651,-12.11928,-77.03515
SISE CANTUARIAS,1.97,0325472,6050 JUANA ALARCO DE DAMMERT,P£blica de gesti¢n directa,Público,LIMA,MIRAFLORES,AVENIDA BENAVIDES 2315,-12.12709,-77.00859
SISE SURCO,3.08,0325472,6050 JUANA ALARCO DE DAMMERT,P£blica de gesti¢n directa,Público,LIMA,MIRAFLORES,AVENIDA BENAVIDES 2315,-12.12709,-77.00859
SISE CANTUARIAS,2.03,0329219,SAN JOSE DE CLUNY,Privada,Privado,LIMA,SURQUILLO,CALLE LAS AGUILAS 395,-12.10297,-77.02634
SISE SANTA BEATRIZ,3.0,0329219,SAN JOSE DE CLUNY,Privada,Privado,LIMA,SURQUILLO,CALLE LAS AGUILAS 395,-12.10297,-77.02634
SISE CANTUARIAS,3.41,1056969,HIJOS E HIJAS DE NUESTRA SE¥ORA DE GUADALUPE,Privada,Privado,LIMA,SANTIAGO DE SURCO,MZ D LOTE 10,-12.14737,-77.00925
SISE SAN JUAN DE MIRAFLORES,4.17,1056969,HIJOS E HIJAS DE NUESTRA SE¥ORA DE GUADALUPE,Privada,Privado,LIMA,SANTIAGO DE SURCO,MZ D LOTE 10,-12.14737,-77.00925
SISE SURCO,2.32,1056969,HIJOS E HIJAS DE NUESTRA SE¥ORA DE GUADALUPE,Privada,Privado,LIMA,SANTIAGO DE SURCO,MZ D LOTE 10,-12.14737,-77.00925
SISE SURCO,3.71,0329383,HANS CHRISTIAN ANDERSEN,Privada,Privado,LIMA,SANTIAGO DE SURCO,AVENIDA ALONSO DE MOLINA 136,-12.11451,-76.97669
SISE SAN JUAN DE MIRAFLORES,2.16,0329557,SAN ROQUE,Privada,Privado,LIMA,SANTIAGO DE SURCO,CALLE ESTEBAN CAMERE 320,-12.14834,-76.98878
SISE SURCO,0.27,0329557,SAN ROQUE,Privada,Privado,LIMA,SANTIAGO DE SURCO,CALLE ESTEBAN CAMERE 320,-12.14834,-76.98878
SISE SAN JUAN DE MIRAFLORES,3.59,0693655,6097 MATEO PUMACAHUA,P£blica de gesti¢n directa,Público,LIMA,SANTIAGO DE SURCO,AVENIDA SANTA ROSA S/N,-12.19209,-76.98049
SISE VILLA EL SALVADOR,4.68,0693655,6097 MATEO PUMACAHUA,P£blica de gesti¢n directa,Público,LIMA,SANTIAGO DE SURCO,AVENIDA SANTA ROSA S/N,-12.19209,-76.98049
SISE CANTUARIAS,1.76,0329235,SAN SILVESTRE SCHOOL ASOCIACION CIVIL,Privada,Privado,LIMA,MIRAFLORES,AVENIDA SANTA CRUZ 1251,-12.1155,-77.04074
SISE SANTA BEATRIZ,4.24,0329235,SAN SILVESTRE SCHOOL ASOCIACION CIVIL,Privada,Privado,LIMA,MIRAFLORES,AVENIDA SANTA CRUZ 1251,-12.1155,-77.04074
SISE CANTUARIAS,1.26,1067834,ESPIRITU SANTO,Privada,Privado,LIMA,MIRAFLORES,JIRON JUNIN 199,-12.11046,-77.02938
SISE SANTA BEATRIZ,3.71,1067834,ESPIRITU SANTO,Privada,Privado,LIMA,MIRAFLORES,JIRON JUNIN 199,-12.11046,-77.02938
SISE SAN JUAN DE MIRAFLORES,1.42,0779041,7086 LOS PRECURSORES,P£blica de gesti¢n directa,Público,LIMA,SANTIAGO DE SURCO,AVENIDA PASEO DE LA REPUBLICA 9180,-12.15677,-76.9858
SISE SURCO,1.21,0779041,7086 LOS PRECURSORES,P£blica de gesti¢n directa,Público,LIMA,SANTIAGO DE SURCO,AVENIDA PASEO DE LA REPUBLICA 9180,-12.15677,-76.9858
SISE CANTUARIAS,2.84,1068238,7089 ROMEO LUNA VICTORIA,P£blica de gesti¢n directa,Público,LIMA,SAN BORJA,CALLE EDUARDO ORDO¥EZ 300,-12.10594,-77.00472
SISE SANTA BEATRIZ,4.62,1068238,7089 ROMEO LUNA VICTORIA,P£blica de gesti¢n directa,Público,LIMA,SAN BORJA,CALLE EDUARDO ORDO¥EZ 300,-12.10594,-77.00472
SISE SURCO,4.82,1068238,7089 ROMEO LUNA VICTORIA,P£blica de gesti¢n directa,Público,LIMA,SAN BORJA,CALLE EDUARDO ORDO¥EZ 300,-12.10594,-77.00472
SISE CANTUARIAS,4.01,0643197,SANTA TERESITA,Privada,Privado,LIMA,SANTIAGO DE SURCO,AVENIDA SURCO 255,-12.14427,-76.99736
SISE SAN JUAN DE MIRAFLORES,3.18,0643197,SANTA TERESITA,Privada,Privado,LIMA,SANTIAGO DE SURCO,AVENIDA SURCO 255,-12.14427,-76.99736
SISE SURCO,1.04,0643197,SANTA TERESITA,Privada,Privado,LIMA,SANTIAGO DE SURCO,AVENIDA SURCO 255,-12.14427,-76.99736
SISE SURCO,4.8,1057165,MAGISTER,Privada,Privado,LIMA,SANTIAGO DE SURCO,AVENIDA FRANCISCO DE CUELLAR 686,-12.10407,-76.97758
SISE CANTUARIAS,1.95,0305805,MARIA DE LAS MERCEDES,Privada,Privado,LIMA,MIRAFLORES,AVENIDA LA MERCED 390,-12.12964,-77.00993
SISE SURCO,3.01,0305805,MARIA DE LAS MERCEDES,Privada,Privado,LIMA,MIRAFLORES,AVENIDA LA MERCED 390,-12.12964,-77.00993
SISE CANTUARIAS,1.77,0325696,7008 SCIPION E. LLONA,P£blica de gesti¢n directa,Público,LIMA,MIRAFLORES,AVENIDA MARISCAL LA MAR 202,-12.11748,-77.04146
SISE SANTA BEATRIZ,4.47,0325696,7008 SCIPION E. LLONA,P£blica de gesti¢n directa,Público,LIMA,MIRAFLORES,AVENIDA MARISCAL LA MAR 202,-12.11748,-77.04146
SISE CANTUARIAS,3.49,0325456,6052 JOSE MARIA EGUREN,P£blica de gesti¢n directa,Público,LIMA,BARRANCO,AVENIDA MANUEL DE LA FUENTE 506,-12.15164,-77.01797
SISE SAN JUAN DE MIRAFLORES,4.95,0325456,6052 JOSE MARIA EGUREN,P£blica de gesti¢n directa,Público,LIMA,BARRANCO,AVENIDA MANUEL DE LA FUENTE 506,-12.15164,-77.01797
SISE SURCO,3.33,0325456,6052 JOSE MARIA EGUREN,P£blica de gesti¢n directa,Público,LIMA,BARRANCO,AVENIDA MANUEL DE LA FUENTE 506,-12.15164,-77.01797
SISE SAN JUAN DE MIRAFLORES,3.8,0327650,SAN PEDRO DE CHORRILLOS,P£blica de gesti¢n directa,Público,LIMA,CHORRILLOS,CALLE LOS ESTUDIANTES S/N,-12.17363,-77.0056
SISE SURCO,3.62,0327650,SAN PEDRO DE CHORRILLOS,P£blica de gesti¢n directa,Público,LIMA,CHORRILLOS,CALLE LOS ESTUDIANTES S/N,-12.17363,-77.0056
SISE CANTUARIAS,3.72,0305607,CHAMPAGNAT,Privada,Privado,LIMA,SANTIAGO DE SURCO,AVENIDA PASEO DE LA REPUBLICA 7930-7931,-12.14356,-77.00018
SISE SAN JUAN DE MIRAFLORES,3.47,0305607,CHAMPAGNAT,Privada,Privado,LIMA,SANTIAGO DE SURCO,AVENIDA PASEO DE LA REPUBLICA 7930-7931,-12.14356,-77.00018
SISE SURCO,1.36,0305607,CHAMPAGNAT,Privada,Privado,LIMA,SANTIAGO DE SURCO,AVENIDA PASEO DE LA REPUBLICA 7930-7931,-12.14356,-77.00018
SISE SURCO,4.45,1068733,REGINA PACIS,Privada,Privado,LIMA,SANTIAGO DE SURCO,AVENIDA ALONSO DE MOLINA 866,-12.11012,-76.96992
SISE CANTUARIAS,3.67,1081454,SANTA ISABEL,Privada,Privado,LIMA,SANTIAGO DE SURCO,AVENIDA E SALAZAR BARRETO 465,-12.13333,-76.99427
SISE SAN JUAN DE MIRAFLORES,3.79,1081454,SANTA ISABEL,Privada,Privado,LIMA,SANTIAGO DE SURCO,AVENIDA E SALAZAR BARRETO 465,-12.13333,-76.99427
SISE SURCO,1.57,1081454,SANTA ISABEL,Privada,Privado,LIMA,SANTIAGO DE SURCO,AVENIDA E SALAZAR BARRETO 465,-12.13333,-76.99427
SISE CANTUARIAS,3.36,0325621,6044 JORGE CHAVEZ,P£blica de gesti¢n directa,Público,LIMA,SANTIAGO DE SURCO,AVENIDA GRAU 500,-12.14332,-77.00457
SISE SAN JUAN DE MIRAFLORES,3.9,0325621,6044 JORGE CHAVEZ,P£blica de gesti¢n directa,Público,LIMA,SANTIAGO DE SURCO,AVENIDA GRAU 500,-12.14332,-77.00457
SISE SURCO,1.83,0325621,6044 JORGE CHAVEZ,P£blica de gesti¢n directa,Público,LIMA,SANTIAGO DE SURCO,AVENIDA GRAU 500,-12.14332,-77.00457
SISE SURCO,4.89,1056944,7034 ENRIQUE NERINI COLLAZOS,P£blica de gesti¢n directa,Público,LIMA,CHORRILLOS,AVENIDA NICARAGUA 370,-12.17172,-77.024447
SISE CANTUARIAS,4.74,0504993,6005 GENERAL EMILIO SOYER CABERO,P£blica de gesti¢n directa,Público,LIMA,CHORRILLOS,AVENIDA ESCUELA MILITAR 1151,-12.16355,-77.02045
SISE SURCO,4.04,0504993,6005 GENERAL EMILIO SOYER CABERO,P£blica de gesti¢n directa,Público,LIMA,CHORRILLOS,AVENIDA ESCUELA MILITAR 1151,-12.16355,-77.02045
SISE SAN JUAN DE MIRAFLORES,4.58,0322479,7064 MARIA AUXILIADORA,P£blica de gesti¢n directa,Público,LIMA,CHORRILLOS,AVENIDA SANTA ROSA,-12.18774,-77.00494
SISE SURCO,4.99,0322479,7064 MARIA AUXILIADORA,P£blica de gesti¢n directa,Público,LIMA,CHORRILLOS,AVENIDA SANTA ROSA,-12.18774,-77.00494
SISE SAN JUAN DE MIRAFLORES,2.92,0774760,7037 ARIOSTO MATELLINI ESPINOZA,P£blica de gesti¢n directa,Público,LIMA,CHORRILLOS,JIRON TAMBO REAL MZ G LOTE 1,-12.16701,-76.99938
SISE SURCO,2.64,0774760,7037 ARIOSTO MATELLINI ESPINOZA,P£blica de gesti¢n directa,Público,LIMA,CHORRILLOS,JIRON TAMBO REAL MZ G LOTE 1,-12.16701,-76.99938
SISE CANTUARIAS,1.42,0325464,6049 RICARDO PALMA,P£blica de gesti¢n directa,Público,LIMA,SURQUILLO,AVENIDA ANGAMOS ESTE S/N,-12.11269,-77.01598
SISE SANTA BEATRIZ,4.46,0325464,6049 RICARDO PALMA,P£blica de gesti¢n directa,Público,LIMA,SURQUILLO,AVENIDA ANGAMOS ESTE S/N,-12.11269,-77.01598
SISE SURCO,4.8,0325464,6049 RICARDO PALMA,P£blica de gesti¢n directa,Público,LIMA,SURQUILLO,AVENIDA ANGAMOS ESTE S/N,-12.11269,-77.01598
SISE CANTUARIAS,0.65,1056506,ALBORADA,Privada,Privado,LIMA,MIRAFLORES,AVENIDA JUAN DE LA FUENTE 136,-12.12315,-77.01999
SISE SURCO,4.32,1056506,ALBORADA,Privada,Privado,LIMA,MIRAFLORES,AVENIDA JUAN DE LA FUENTE 136,-12.12315,-77.01999
SISE SAN JUAN DE MIRAFLORES,3.71,0774703,6091 CESAR VALLEJO,P£blica de gesti¢n directa,Público,LIMA,CHORRILLOS,AVENIDA JORGE BASADRE S/N,-12.18918,-76.99095
SISE SURCO,4.81,0774703,6091 CESAR VALLEJO,P£blica de gesti¢n directa,Público,LIMA,CHORRILLOS,AVENIDA JORGE BASADRE S/N,-12.18918,-76.99095
SISE CANTUARIAS,2.43,1081959,SANTA CECILIA DE LA CALERA,Privada,Privado,LIMA,SURQUILLO,CALLE GABRIELA MISTRAL Y DANIEL CRUZ MZ K LOTE 1,-12.11488,-77.00426
SISE SURCO,3.89,1081959,SANTA CECILIA DE LA CALERA,Privada,Privado,LIMA,SURQUILLO,CALLE GABRIELA MISTRAL Y DANIEL CRUZ MZ K LOTE 1,-12.11488,-77.00426
SISE CANTUARIAS,2.34,0329805,LA DIVINA PROVIDENCIA,P£blica de gesti¢n directa,Público,LIMA,SURQUILLO,AVENIDA ANGAMOS ESTE 2296,-12.11229,-77.00615
SISE SURCO,4.24,0329805,LA DIVINA PROVIDENCIA,P£blica de gesti¢n directa,Público,LIMA,SURQUILLO,AVENIDA ANGAMOS ESTE 2296,-12.11229,-77.00615
SISE CANTUARIAS,2.06,0322792,SANTA RITA DE CASIA,Privada,Privado,LIMA,MIRAFLORES,CALLE SOR TITA 231,-12.12902,-77.00854
SISE SURCO,2.93,0322792,SANTA RITA DE CASIA,Privada,Privado,LIMA,MIRAFLORES,CALLE SOR TITA 231,-12.12902,-77.00854
SISE SURCO,4.58,0329532,SAN JOSE DE MONTERRICO,Privada,Privado,LIMA,SANTIAGO DE SURCO,JIRON TOMASAL 355,-12.10991,-76.96776
SISE CANTUARIAS,4.21,0305730,SANTA MARIA MARIANISTA,Privada,Privado,LIMA,SANTIAGO DE SURCO,AVENIDA LA FLORESTA 250,-12.11377,-76.98768
SISE SURCO,3.59,0305730,SANTA MARIA MARIANISTA,Privada,Privado,LIMA,SANTIAGO DE SURCO,AVENIDA LA FLORESTA 250,-12.11377,-76.98768
SISE SAN JUAN DE MIRAFLORES,1.77,1082049,CRISTO REDENTOR,Privada,Privado,LIMA,SANTIAGO DE SURCO,CALLE 7 167,-12.15575,-76.98884
SISE SURCO,1.08,1082049,CRISTO REDENTOR,Privada,Privado,LIMA,SANTIAGO DE SURCO,CALLE 7 167,-12.15575,-76.98884
SISE CANTUARIAS,3.4,0742239,MARISCAL CACERES,Privada,Privado,LIMA,SANTIAGO DE SURCO,AVENIDA ROOSEVELT 198,-12.14641,-77.00793
SISE SAN JUAN DE MIRAFLORES,4.07,0742239,MARISCAL CACERES,Privada,Privado,LIMA,SANTIAGO DE SURCO,AVENIDA ROOSEVELT 198,-12.14641,-77.00793
SISE SURCO,2.18,0742239,MARISCAL CACERES,Privada,Privado,LIMA,SANTIAGO DE SURCO,AVENIDA ROOSEVELT 198,-12.14641,-77.00793
SISE SAN JUAN DE MIRAFLORES,3.28,1087295,7039 MANUEL SCORZA TORRES,P£blica de gesti¢n directa,Público,LIMA,CHORRILLOS,CALLE VIOLETA MZ D LOTE 4,-12.18322,-76.9927
SISE SURCO,4.17,1087295,7039 MANUEL SCORZA TORRES,P£blica de gesti¢n directa,Público,LIMA,CHORRILLOS,CALLE VIOLETA MZ D LOTE 4,-12.18322,-76.9927
SISE CANTUARIAS,2.8,0604082,SOR QUERUBINA DE SAN PEDRO,Privada,Privado,LIMA,SURQUILLO,AVENIDA EL SAUCE 421,-12.12276,-76.99994
SISE SURCO,2.9,0604082,SOR QUERUBINA DE SAN PEDRO,Privada,Privado,LIMA,SURQUILLO,AVENIDA EL SAUCE 421,-12.12276,-76.99994
SISE CANTUARIAS,3.48,0742254,SANTIAGO APOSTOL,Privada,Privado,LIMA,SANTIAGO DE SURCO,JOSE GALVEZ,-12.14132,-77.00118
SISE SAN JUAN DE MIRAFLORES,3.7,0742254,SANTIAGO APOSTOL,Privada,Privado,LIMA,SANTIAGO DE SURCO,JOSE GALVEZ,-12.14132,-77.00118
SISE SURCO,1.53,0742254,SANTIAGO APOSTOL,Privada,Privado,LIMA,SANTIAGO DE SURCO,JOSE GALVEZ,-12.14132,-77.00118
SISE CANTUARIAS,3.96,1056845,CRISTIANO PIONERO,Privada,Privado,LIMA,SANTIAGO DE SURCO,AVENIDA ANTUNEZ DE MAYOLO 505,-12.1331,-76.99133
SISE SAN JUAN DE MIRAFLORES,3.62,1056845,CRISTIANO PIONERO,Privada,Privado,LIMA,SANTIAGO DE SURCO,AVENIDA ANTUNEZ DE MAYOLO 505,-12.1331,-76.99133
SISE SURCO,1.49,1056845,CRISTIANO PIONERO,Privada,Privado,LIMA,SANTIAGO DE SURCO,AVENIDA ANTUNEZ DE MAYOLO 505,-12.1331,-76.99133
SISE CANTUARIAS,1.13,0322818,MARKHAM,Privada,Privado,LIMA,MIRAFLORES,CALLE AUGUSTO ANGULO 291,-12.12522,-77.01608
SISE SURCO,3.84,0322818,MARKHAM,Privada,Privado,LIMA,MIRAFLORES,CALLE AUGUSTO ANGULO 291,-12.12522,-77.01608
SISE CANTUARIAS,3.61,1057801,LOS ROSALES DE SANTA ROSA,Privada,Privado,LIMA,SANTIAGO DE SURCO,AVENIDA PASEO DE LA REPUBLICA 7883,-12.14289,-77.00093
SISE SAN JUAN DE MIRAFLORES,3.58,1057801,LOS ROSALES DE SANTA ROSA,Privada,Privado,LIMA,SANTIAGO DE SURCO,AVENIDA PASEO DE LA REPUBLICA 7883,-12.14289,-77.00093
SISE SURCO,1.46,1057801,LOS ROSALES DE SANTA ROSA,Privada,Privado,LIMA,SANTIAGO DE SURCO,AVENIDA PASEO DE LA REPUBLICA 7883,-12.14289,-77.00093
SISE SURCO,3.74,1068659,ANTARES,Privada,Privado,LIMA,SANTIAGO DE SURCO,JIRON JERONIMO DE ALIAGA SUR 515,-12.11458,-76.97584
SISE CANTUARIAS,3.66,1068725,JESUS SALVADOR,Privada,Privado,LIMA,SANTIAGO DE SURCO,AVENIDA ENRIQUE SALAZAR BARRETO 504,-12.1342,-76.99477
SISE SAN JUAN DE MIRAFLORES,3.74,1068725,JESUS SALVADOR,Privada,Privado,LIMA,SANTIAGO DE SURCO,AVENIDA ENRIQUE SALAZAR BARRETO 504,-12.1342,-76.99477
SISE SURCO,1.51,1068725,JESUS SALVADOR,Privada,Privado,LIMA,SANTIAGO DE SURCO,AVENIDA ENRIQUE SALAZAR BARRETO 504,-12.1342,-76.99477
SISE CANTUARIAS,4.33,1086941,PEAD JUAN DE DIOS GRAJEDA VILLEGAS,Privada,Privado,LIMA,SANTIAGO DE SURCO,AVENIDA MONTE MAYO 150,-12.11417,-76.98645
SISE SURCO,3.55,1086941,PEAD JUAN DE DIOS GRAJEDA VILLEGAS,Privada,Privado,LIMA,SANTIAGO DE SURCO,AVENIDA MONTE MAYO 150,-12.11417,-76.98645
SISE SAN JUAN DE MIRAFLORES,2.43,0698191,VIRGEN DE LA ASUNCION,Privada,Privado,LIMA,SANTIAGO DE SURCO,CALLE MONTE ALGARROBO MZ J LOTE 1,-12.14081,-76.98298
SISE SURCO,0.79,0698191,VIRGEN DE LA ASUNCION,Privada,Privado,LIMA,SANTIAGO DE SURCO,CALLE MONTE ALGARROBO MZ J LOTE 1,-12.14081,-76.98298
SISE SAN JUAN DE MIRAFLORES,4.64,1087238,EL SEMBRADOR,Privada,Privado,LIMA,CHORRILLOS,AVENIDA CORDILLERA OCCIDENTAL Y JR. HUASCARAN S/N MZ B LOTE 03 ZONA I,-12.19528,-76.99692
SISE SAN JUAN DE MIRAFLORES,4.03,0774521,SANTA MARIA DE MATELLINI,Privada,Privado,LIMA,CHORRILLOS,JIRON TROVADORES MZ I-2 LOTE 34-35,-12.17196,-77.00853
SISE SURCO,3.65,0774521,SANTA MARIA DE MATELLINI,Privada,Privado,LIMA,CHORRILLOS,JIRON TROVADORES MZ I-2 LOTE 34-35,-12.17196,-77.00853
SISE CANTUARIAS,2.49,1087337,INMACULADO HIGH SCHOOL,Privada,Privado,LIMA,BARRANCO,CALLE MARIATEGUI 120,-12.14238,-77.01833
SISE SURCO,3.33,1087337,INMACULADO HIGH SCHOOL,Privada,Privado,LIMA,BARRANCO,CALLE MARIATEGUI 120,-12.14238,-77.01833
SISE CANTUARIAS,2.65,0643247,LOS REYES ROJOS,Privada,Privado,LIMA,BARRANCO,AVENIDA CAJAMARCA 210,-12.1446,-77.02114
SISE SURCO,3.61,0643247,LOS REYES ROJOS,Privada,Privado,LIMA,BARRANCO,AVENIDA CAJAMARCA 210,-12.1446,-77.02114
SISE CANTUARIAS,4.1,0523472,PEDRO RUIZ GALLO,P£blica de gesti¢n directa,Público,LIMA,CHORRILLOS,AVENIDA CHORRILLOS S/N,-12.15798,-77.02295
SISE SURCO,4.03,0523472,PEDRO RUIZ GALLO,P£blica de gesti¢n directa,Público,LIMA,CHORRILLOS,AVENIDA CHORRILLOS S/N,-12.15798,-77.02295
SISE CANTUARIAS,2.23,0325571,COLEGIO PARROQUIAL SANTA ROSA,Privada,Privado,LIMA,BARRANCO,JIRON TACNA 309,-12.14121,-77.02453
SISE SURCO,4.02,0325571,COLEGIO PARROQUIAL SANTA ROSA,Privada,Privado,LIMA,BARRANCO,JIRON TACNA 309,-12.14121,-77.02453
SISE SAN JUAN DE MIRAFLORES,4.06,0693663,FE Y ALEGRIA 34,P£blica de gesti¢n privada,Privado,LIMA,CHORRILLOS,AVENIDA VILCABAMBA MZ G8 LOTE ZONA,-12.19328,-76.98985
SISE CANTUARIAS,2.67,0643239,VIRGEN DE FATIMA DE BARRANCO,Privada,Privado,LIMA,BARRANCO,AVENIDA ARICA 355,-12.14289,-77.01523
SISE SAN JUAN DE MIRAFLORES,4.96,0643239,VIRGEN DE FATIMA DE BARRANCO,Privada,Privado,LIMA,BARRANCO,AVENIDA ARICA 355,-12.14289,-77.01523
SISE SURCO,2.99,0643239,VIRGEN DE FATIMA DE BARRANCO,Privada,Privado,LIMA,BARRANCO,AVENIDA ARICA 355,-12.14289,-77.01523
SISE CANTUARIAS,2.3,0305722,SAN LUIS,Privada,Privado,LIMA,BARRANCO,AVENIDA NICOLAS DE PIEROLA 187,-12.14128,-77.02077
SISE SURCO,3.61,0305722,SAN LUIS,Privada,Privado,LIMA,BARRANCO,AVENIDA NICOLAS DE PIEROLA 187,-12.14128,-77.02077
SISE SAN JUAN DE MIRAFLORES,4.53,0540682,ADAM SMITH COLLEGE,Privada,Privado,LIMA,CHORRILLOS,AVENIDA PASEO DE LA REPUBLICA S/N MZ C LOTE 05,-12.17848,-77.01073
SISE SURCO,4.38,0540682,ADAM SMITH COLLEGE,Privada,Privado,LIMA,CHORRILLOS,AVENIDA PASEO DE LA REPUBLICA S/N MZ C LOTE 05,-12.17848,-77.01073
SISE SAN JUAN DE MIRAFLORES,4.78,0327973,SANTA TERESA DE JESUS,Privada,Privado,LIMA,CHORRILLOS,AVENIDA CORDILLERA CENTRAL MZ B8 LOTE 10,-12.20029,-76.99019
SISE SURCO,4.63,1057942,VICTOR ANDRES BELAUNDE,Privada,Privado,LIMA,CHORRILLOS,AVENIDA ALEJANDRO IGLESIAS 441,-12.16734,-77.0245
SISE CANTUARIAS,1.64,0305698,SAN JUAN DE BARRANCO,Privada,Privado,LIMA,BARRANCO,JIRON MEDRANO SILVA 361,-12.13512,-77.02061
SISE SURCO,3.76,0305698,SAN JUAN DE BARRANCO,Privada,Privado,LIMA,BARRANCO,JIRON MEDRANO SILVA 361,-12.13512,-77.02061
SISE SURCO,5.0,1056589,ASOCIACION EDUCATIVA VIRGEN DE LA FAMILIA,Privada,Privado,LIMA,CHORRILLOS,AVENIDA PANAMA 120,-12.17369,-77.02416
SISE SAN JUAN DE MIRAFLORES,4.81,1083427,EL HOGAR,Privada,Privado,LIMA,CHORRILLOS,AVENIDA COROPUNA MZ C13 LOTE 1,-12.201,-76.98906
SISE CANTUARIAS,2.63,0329201,SAN JOSE DE CLUNY - BARRANCO,Privada,Privado,LIMA,BARRANCO,JIRON CAJAMARCA 201,-12.14443,-77.02098
SISE SURCO,3.6,0329201,SAN JOSE DE CLUNY - BARRANCO,Privada,Privado,LIMA,BARRANCO,JIRON CAJAMARCA 201,-12.14443,-77.02098
SISE SAN JUAN DE MIRAFLORES,2.67,1085950,CRUZ SACO CHORRILLOS,Privada,Privado,LIMA,CHORRILLOS,AVENIDA ALIPIO PONCE 129,-12.172586,-76.994644
SISE SURCO,3.04,1085950,CRUZ SACO CHORRILLOS,Privada,Privado,LIMA,CHORRILLOS,AVENIDA ALIPIO PONCE 129,-12.172586,-76.994644
SISE SURCO,4.54,1080746,MI PERU,Privada,Privado,LIMA,CHORRILLOS,CALLE MANUEL ZELAYA 112,-12.16939,-77.02216
SISE SAN JUAN DE MIRAFLORES,4.76,0534321,VIRGEN DOLORES,Privada,Privado,LIMA,SANTIAGO DE SURCO,AVENIDA MIRAMAR MZ 6 LOTE 12,-12.20314,-76.97734
SISE VILLA EL SALVADOR,4.52,0534321,VIRGEN DOLORES,Privada,Privado,LIMA,SANTIAGO DE SURCO,AVENIDA MIRAMAR MZ 6 LOTE 12,-12.20314,-76.97734
SISE SURCO,4.65,0583351,NI¥O JESUS DE PRAGA,Privada,Privado,LIMA,CHORRILLOS,AVENIDA ALEJANDRO IGLESIAS 451,-12.16748,-77.02466
SISE SAN JUAN DE MIRAFLORES,2.95,1082809,SAN LUCAS,Privada,Privado,LIMA,CHORRILLOS,AVENIDA LAS GAVIOTAS 975,-12.1687,-76.99915
SISE SURCO,2.8,1082809,SAN LUCAS,Privada,Privado,LIMA,CHORRILLOS,AVENIDA LAS GAVIOTAS 975,-12.1687,-76.99915
SISE SURCO,4.57,0329151,NI¥O JESUS DE BELEN,Privada,Privado,LIMA,CHORRILLOS,AVENIDA JUSTO PASTOR DAVILA 167,-12.17047,-77.02178
SISE CANTUARIAS,4.55,1056175,SAN FRANCISCO DE BORJA,Privada,Privado,LIMA,SAN BORJA,CALLE VELASQUEZ CUADRA 3 S/N,-12.09097,-76.99747
SISE SANTA BEATRIZ,4.43,1056175,SAN FRANCISCO DE BORJA,Privada,Privado,LIMA,SAN BORJA,CALLE VELASQUEZ CUADRA 3 S/N,-12.09097,-76.99747
SISE CANTUARIAS,2.52,0690131,NUESTRA SE¥ORA DEL ROSARIO,Privada,Privado,LIMA,SAN BORJA,JIRON MERCATOR 579,-12.10687,-77.00769
SISE SANTA BEATRIZ,4.47,0690131,NUESTRA SE¥ORA DEL ROSARIO,Privada,Privado,LIMA,SAN BORJA,JIRON MERCATOR 579,-12.10687,-77.00769
SISE SURCO,4.86,0690131,NUESTRA SE¥ORA DEL ROSARIO,Privada,Privado,LIMA,SAN BORJA,JIRON MERCATOR 579,-12.10687,-77.00769
SISE CANTUARIAS,3.5,0500249,LIBERTADOR SAN MARTIN,Privada,Privado,LIMA,SAN BORJA,AVENIDA AVIACION 3067,-12.10039,-77.00154
SISE SANTA BEATRIZ,4.51,0500249,LIBERTADOR SAN MARTIN,Privada,Privado,LIMA,SAN BORJA,AVENIDA AVIACION 3067,-12.10039,-77.00154
SISE CANTUARIAS,4.85,1083344,MARIA REICHE,Privada,Privado,LIMA,SAN BORJA,AVENIDA BARTOLOME BERMEJO 148,-12.09036,-76.99418
SISE SANTA BEATRIZ,4.75,1083344,MARIA REICHE,Privada,Privado,LIMA,SAN BORJA,AVENIDA BARTOLOME BERMEJO 148,-12.09036,-76.99418
SISE CANTUARIAS,3.05,1083302,AMADO DE DIOS,Privada,Privado,LIMA,SAN BORJA,AVENIDA AVIACION MZ B LOTE 6,-12.10981,-77.00013
SISE SURCO,4.24,1083302,AMADO DE DIOS,Privada,Privado,LIMA,SAN BORJA,AVENIDA AVIACION MZ B LOTE 6,-12.10981,-77.00013
SISE CANTUARIAS,4.98,0583179,SANTISIMO NOMBRE DE JESUS,Privada,Privado,LIMA,SAN BORJA,AVENIDA MAYORAZGO 176,-12.10851,-76.98173
SISE SURCO,4.23,0583179,SANTISIMO NOMBRE DE JESUS,Privada,Privado,LIMA,SAN BORJA,AVENIDA MAYORAZGO 176,-12.10851,-76.98173
SISE CANTUARIAS,3.66,0729087,SANTA ROSA DE LIMA SRL,Privada,Privado,LIMA,SAN BORJA,AVENIDA GUARDIA CIVIL 401,-12.09267,-77.00893
SISE SANTA BEATRIZ,3.37,0729087,SANTA ROSA DE LIMA SRL,Privada,Privado,LIMA,SAN BORJA,AVENIDA GUARDIA CIVIL 401,-12.09267,-77.00893
SISE CANTUARIAS,4.42,1057637,GREEN GABLES,Privada,Privado,LIMA,SAN BORJA,TIZZIANO 197-199,-12.0887,-77.0023
SISE SANTA BEATRIZ,3.85,1057637,GREEN GABLES,Privada,Privado,LIMA,SAN BORJA,TIZZIANO 197-199,-12.0887,-77.0023
SISE CANTUARIAS,2.19,1057470,ANGELES DE LA PAZ,Privada,Privado,LIMA,SAN BORJA,CALLE WILLIAM RAMSEY 121,-12.10921,-77.00968
SISE SANTA BEATRIZ,4.52,1057470,ANGELES DE LA PAZ,Privada,Privado,LIMA,SAN BORJA,CALLE WILLIAM RAMSEY 121,-12.10921,-77.00968
SISE SURCO,4.73,1057470,ANGELES DE LA PAZ,Privada,Privado,LIMA,SAN BORJA,CALLE WILLIAM RAMSEY 121,-12.10921,-77.00968
SISE CANTUARIAS,3.51,1057884,SAN IGNACIO DE RECALDE,Privada,Privado,LIMA,SAN BORJA,CALLE GEMINIS 303,-12.10944,-76.99569
SISE SURCO,4.16,1057884,SAN IGNACIO DE RECALDE,Privada,Privado,LIMA,SAN BORJA,CALLE GEMINIS 303,-12.10944,-76.99569
SISE SANTA BEATRIZ,4.98,1087782,ENTIDAD EDUCATIVA S.S. BONDY,Privada,Privado,LIMA,SAN BORJA,AVENIDA DE LAS ARTES 1269,-12.08927,-76.99171
SISE CANTUARIAS,4.27,0779793,MARIA MOLINARI,Privada,Privado,LIMA,SAN BORJA,CALLE 2 Y 4 LOTE 9,-12.0988,-76.99373
SISE CANTUARIAS,2.2,1080613,NUESTRA SE¥ORA DE LA MERCED,Privada,Privado,LIMA,SAN BORJA,CALLE 3 132,-12.10943,-77.00945
SISE SANTA BEATRIZ,4.55,1080613,NUESTRA SE¥ORA DE LA MERCED,Privada,Privado,LIMA,SAN BORJA,CALLE 3 132,-12.10943,-77.00945
SISE SURCO,4.7,1080613,NUESTRA SE¥ORA DE LA MERCED,Privada,Privado,LIMA,SAN BORJA,CALLE 3 132,-12.10943,-77.00945
SISE CANTUARIAS,3.92,1082973,LICEO NAVAL ALMIRANTE GUISE,P£blica de gesti¢n directa,Público,LIMA,SAN BORJA,CALLE MONTI 300-350,-12.09672,-76.9997
SISE SANTA BEATRIZ,4.47,1082973,LICEO NAVAL ALMIRANTE GUISE,P£blica de gesti¢n directa,Público,LIMA,SAN BORJA,CALLE MONTI 300-350,-12.09672,-76.9997
SISE SAN JUAN DE MIRAFLORES,4.43,1056803,TRENER DE MONTERRICO,Privada,Privado,LIMA,SANTIAGO DE SURCO,CALLE F 130,-12.12084,-76.97656
SISE SURCO,3.06,1056803,TRENER DE MONTERRICO,Privada,Privado,LIMA,SANTIAGO DE SURCO,CALLE F 130,-12.12084,-76.97656
SISE SAN JUAN DE MIRAFLORES,3.74,0583294,ISABEL FLORES DE OLIVA,Privada,Privado,LIMA,CHORRILLOS,AVENIDA GUARDIA PERUANA 1213-1215 MZ N-2 LOTE 10 C ZONA IV,-12.18295,-76.99897
SISE SURCO,4.28,0583294,ISABEL FLORES DE OLIVA,Privada,Privado,LIMA,CHORRILLOS,AVENIDA GUARDIA PERUANA 1213-1215 MZ N-2 LOTE 10 C ZONA IV,-12.18295,-76.99897
SISE CANTUARIAS,3.32,1079102,INTERNACIONAL DE LIMA,Privada,Privado,LIMA,SANTIAGO DE SURCO,CALLE CONDOROMA MZ U LOTE 1,-12.1197,-76.99517
SISE SURCO,3.03,1079102,INTERNACIONAL DE LIMA,Privada,Privado,LIMA,SANTIAGO DE SURCO,CALLE CONDOROMA MZ U LOTE 1,-12.1197,-76.99517
SISE SANTA BEATRIZ,4.09,0649897,LOS EDUCADORES,P£blica de gesti¢n directa,Público,LIMA,SAN LUIS,AVENIDA SAN LUIS Y DEL AIRE S/N,-12.0777,-76.99827
SISE SANTA BEATRIZ,4.7,1008564,1204 VILLA JARDIN,P£blica de gesti¢n directa,Público,LIMA,SAN LUIS,JIRON LA CAPEA 150,-12.07772,-76.99265
SISE SANTA BEATRIZ,4.28,1007715,VIRGEN DE LA ASUNCION HIGH SCHOOL,Privada,Privado,LIMA,SAN LUIS,JIRON RIO CHIRA 493,-12.07561,-76.99662
SISE SANTA BEATRIZ,3.44,1007830,SANTA MARIA DE LA MERCED,Privada,Privado,LIMA,SAN LUIS,AVENIDA SAN JUAN 596,-12.07656,-77.00426
SISE SANTA BEATRIZ,4.36,0469767,SANTA MATILDE,Privada,Privado,LIMA,SAN LUIS,JIRON MANUEL BEINGOLEA 268,-12.07186,-76.99625
SISE SANTA BEATRIZ,4.99,1007590,JAVIER PRADO,Privada,Privado,LIMA,SAN LUIS,MZ I LOTE 1,-12.07991,-76.99006
SISE SANTA BEATRIZ,4.27,1007632,JESUS EL BUEN PASTOR,Privada,Privado,LIMA,SAN LUIS,JIRON ALAVA 209,-12.0781,-76.99666
SISE SANTA BEATRIZ,4.34,1007129,ISAAC NEWTON,Privada,Privado,LIMA,SAN LUIS,JIRON ALAVA 257,-12.07773,-76.99601
SISE SANTA BEATRIZ,3.93,1007756,NAZARENO,Privada,Privado,LIMA,SAN LUIS,JIRON RIO RIMAC 150,-12.07601,-76.99984
SISE SANTA BEATRIZ,4.22,1008002,SACO OLIVEROS DE SAN LUIS,Privada,Privado,LIMA,SAN LUIS,CALLE GERONA 123,-12.080497,-76.997179
SISE SANTA BEATRIZ,3.49,1008952,MELVIN JONES,Privada,Privado,LIMA,SAN LUIS,JIRON RIO NAZCA 156,-12.0749,-77.0039
SISE SANTA BEATRIZ,4.28,0340448,1128 SAN LUIS,P£blica de gesti¢n directa,Público,LIMA,SAN LUIS,CALLE FRANCISCO VIDAL DE LAOS 601,-12.07143,-76.99708
SISE SANTA BEATRIZ,3.5,1008614,DON BOSCO,Privada,Privado,LIMA,SAN LUIS,AVENIDA DEL AIRE 835,-12.08059,-77.00386
SISE SAN JUAN DE MIRAFLORES,4.19,0325563,MONTERRICO INSTITUCION EDUCATIVA APLICACION,P£blica de gesti¢n directa,Público,LIMA,SANTIAGO DE SURCO,AVENIDA MONTERRICO CHICO CUADRA 1 S/N,-12.12304,-76.97747
SISE SURCO,2.8,0325563,MONTERRICO INSTITUCION EDUCATIVA APLICACION,P£blica de gesti¢n directa,Público,LIMA,SANTIAGO DE SURCO,AVENIDA MONTERRICO CHICO CUADRA 1 S/N,-12.12304,-76.97747
SISE CANTUARIAS,4.94,1080183,CORAZON INMACULADO,Privada,Privado,LIMA,SANTIAGO DE SURCO,JIRON TALARA 154,-12.14443,-76.98693
SISE SAN JUAN DE MIRAFLORES,2.32,1080183,CORAZON INMACULADO,Privada,Privado,LIMA,SANTIAGO DE SURCO,JIRON TALARA 154,-12.14443,-76.98693
SISE SURCO,0.21,1080183,CORAZON INMACULADO,Privada,Privado,LIMA,SANTIAGO DE SURCO,JIRON TALARA 154,-12.14443,-76.98693
SISE CANTUARIAS,1.17,1080464,MIRAFLORES SCHOOL,Privada,Privado,LIMA,MIRAFLORES,AVENIDA PASEO DE LA REPUBLICA 4624,-12.11067,-77.02655
SISE SANTA BEATRIZ,3.81,1080464,MIRAFLORES SCHOOL,Privada,Privado,LIMA,MIRAFLORES,AVENIDA PASEO DE LA REPUBLICA 4624,-12.11067,-77.02655
SISE SURCO,4.37,1080589,NUESTRA SE¥ORA DEL CONSUELO,Privada,Privado,LIMA,SANTIAGO DE SURCO,TAMBO REAL,-12.11033,-76.97117
SISE CANTUARIAS,1.68,1086636,SANTANDER,Privada,Privado,LIMA,MIRAFLORES,AVENIDA AREQUIPA 4145,-12.10699,-77.03081
SISE SANTA BEATRIZ,3.31,1086636,SANTANDER,Privada,Privado,LIMA,MIRAFLORES,AVENIDA AREQUIPA 4145,-12.10699,-77.03081
SISE CANTUARIAS,3.41,1086883,VIRGEN DE FATIMA,Privada,Privado,LIMA,SANTIAGO DE SURCO,AVENIDA HIGUERETA 414,-12.13566,-76.99799
SISE SAN JUAN DE MIRAFLORES,3.85,1086883,VIRGEN DE FATIMA,Privada,Privado,LIMA,SANTIAGO DE SURCO,AVENIDA HIGUERETA 414,-12.13566,-76.99799
SISE SURCO,1.59,1086883,VIRGEN DE FATIMA,Privada,Privado,LIMA,SANTIAGO DE SURCO,AVENIDA HIGUERETA 414,-12.13566,-76.99799
SISE CANTUARIAS,3.78,1087360,SANTA MARIA DE SURCO,Privada,Privado,LIMA,SANTIAGO DE SURCO,JOSE GALVEZ 371,-12.14692,-77.003
SISE SAN JUAN DE MIRAFLORES,3.56,1087360,SANTA MARIA DE SURCO,Privada,Privado,LIMA,SANTIAGO DE SURCO,JOSE GALVEZ 371,-12.14692,-77.003
SISE SURCO,1.64,1087360,SANTA MARIA DE SURCO,Privada,Privado,LIMA,SANTIAGO DE SURCO,JOSE GALVEZ 371,-12.14692,-77.003
SISE SAN JUAN DE MIRAFLORES,3.32,1275767,LAS AMERICAS,Privada,Privado,LIMA,CHORRILLOS,JIRON ANDROMEDA 952,-12.17374,-77.00078
SISE SURCO,3.38,1275767,LAS AMERICAS,Privada,Privado,LIMA,CHORRILLOS,JIRON ANDROMEDA 952,-12.17374,-77.00078
SISE SAN JUAN DE MIRAFLORES,3.41,1510841,LE D'ALEMBERT,Privada,Privado,LIMA,CHORRILLOS,JIRON LOS METEOROS 235,-12.181755,-76.995977
SISE SURCO,4.07,1510841,LE D'ALEMBERT,Privada,Privado,LIMA,CHORRILLOS,JIRON LOS METEOROS 235,-12.181755,-76.995977
SISE SAN JUAN DE MIRAFLORES,2.87,1510882,MI JESUS,Privada,Privado,LIMA,SANTIAGO DE SURCO,AVENIDA CERRO RICO 174,-12.1352,-76.97823
SISE SURCO,1.6,1510882,MI JESUS,Privada,Privado,LIMA,SANTIAGO DE SURCO,AVENIDA CERRO RICO 174,-12.1352,-76.97823
SISE CANTUARIAS,3.1,1510957,SANTA LUISA DE LA TORRE,Privada,Privado,LIMA,SANTIAGO DE SURCO,AVENIDA ROOSEVELT 1069,-12.14714,-77.01535
SISE SAN JUAN DE MIRAFLORES,4.8,1510957,SANTA LUISA DE LA TORRE,Privada,Privado,LIMA,SANTIAGO DE SURCO,AVENIDA ROOSEVELT 1069,-12.14714,-77.01535
SISE SURCO,2.98,1510957,SANTA LUISA DE LA TORRE,Privada,Privado,LIMA,SANTIAGO DE SURCO,AVENIDA ROOSEVELT 1069,-12.14714,-77.01535
SISE SAN JUAN DE LURIGANCHO,3.04,1511088,CARPE DIEM,Privada,Privado,LIMA,RIMAC,AVENIDA ALCAZAR 258,-12.03117,-77.02838
SISE SAN JUAN DE LURIGANCHO,4.89,0343566,MADRE ADMIRABLE,P£blica de gesti¢n privada,Privado,LIMA,SAN LUIS,CALLE OLLANTA S/N,-12.06122,-77.00385
SISE SANTA BEATRIZ,3.94,0343566,MADRE ADMIRABLE,P£blica de gesti¢n privada,Privado,LIMA,SAN LUIS,CALLE OLLANTA S/N,-12.06122,-77.00385
SISE SAN JUAN DE MIRAFLORES,4.68,1511229,SAINT PATRICK'S SCHOOL,Privada,Privado,LIMA,CHORRILLOS,AVENIDA CARLOS MELLET 1281,-12.18088,-77.01103
SISE SURCO,4.62,1511229,SAINT PATRICK'S SCHOOL,Privada,Privado,LIMA,CHORRILLOS,AVENIDA CARLOS MELLET 1281,-12.18088,-77.01103
SISE CANTUARIAS,1.64,1511351,7701 NUESTRA SE¥ORA DEL CARMEN,P£blica de gesti¢n privada,Privado,LIMA,BARRANCO,CALLE MEDRANO SILVA 325,-12.13517,-77.02079
SISE SURCO,3.77,1511351,7701 NUESTRA SE¥ORA DEL CARMEN,P£blica de gesti¢n privada,Privado,LIMA,BARRANCO,CALLE MEDRANO SILVA 325,-12.13517,-77.02079
SISE CANTUARIAS,3.64,1511518,CEPEBAN,Privada,Privado,LIMA,SANTIAGO DE SURCO,CALLE DO¥A CATALINA 498,-12.13641,-76.99606
SISE SAN JUAN DE MIRAFLORES,3.65,1511518,CEPEBAN,Privada,Privado,LIMA,SANTIAGO DE SURCO,CALLE DO¥A CATALINA 498,-12.13641,-76.99606
SISE SURCO,1.39,1511518,CEPEBAN,Privada,Privado,LIMA,SANTIAGO DE SURCO,CALLE DO¥A CATALINA 498,-12.13641,-76.99606
SISE SANTA BEATRIZ,4.12,1511856,ANTONIO RAIMONDI,Privada,Privado,LIMA,SAN LUIS,CALLE MANUEL SCORZA 259,-12.07542,-76.99811
SISE SAN JUAN DE MIRAFLORES,4.2,1511872,REY DE REYES,Privada,Privado,LIMA,CHORRILLOS,AVENIDA ANDRES AVELINO CACERES MZ 43A LOTE 8,-12.18872,-76.99903
SISE SURCO,4.9,1511872,REY DE REYES,Privada,Privado,LIMA,CHORRILLOS,AVENIDA ANDRES AVELINO CACERES MZ 43A LOTE 8,-12.18872,-76.99903
SISE SAN JUAN DE MIRAFLORES,3.77,1511898,SE¥OR DE LUREN,Privada,Privado,LIMA,CHORRILLOS,AVENIDA SANTA ROSA MZ C2 LOTE 2,-12.19287,-76.98384
SISE SAN JUAN DE MIRAFLORES,4.39,1511906,CASUARINAS INTERNATIONAL COLLEGE,Privada,Privado,LIMA,SANTIAGO DE SURCO,CALLE JACARANDA 391,-12.12112,-76.97453
SISE SURCO,3.13,1511906,CASUARINAS INTERNATIONAL COLLEGE,Privada,Privado,LIMA,SANTIAGO DE SURCO,CALLE JACARANDA 391,-12.12112,-76.97453
SISE COMAS,2.4,1512284,PITAGORAS,Privada,Privado,LIMA,LOS OLIVOS,CALLE MANUEL GONZALES PRADA 33 MZ B LOTE 1,-11.99284,-77.06999
SISE INDEPENDENCIA,1.19,1512284,PITAGORAS,Privada,Privado,LIMA,LOS OLIVOS,CALLE MANUEL GONZALES PRADA 33 MZ B LOTE 1,-11.99284,-77.06999
SISE CANTUARIAS,1.32,1512409,ADVIENTO DE MIRAFLORES,Privada,Privado,LIMA,MIRAFLORES,AVENIDA AREQUIPA 4496-4498,-12.11038,-77.03059
SISE SANTA BEATRIZ,3.68,1512409,ADVIENTO DE MIRAFLORES,Privada,Privado,LIMA,MIRAFLORES,AVENIDA AREQUIPA 4496-4498,-12.11038,-77.03059
SISE SAN JUAN DE MIRAFLORES,2.61,1512524,PALAS ATENEA,Privada,Privado,LIMA,CHORRILLOS,CALLE PALAS ATENEA 124,-12.16998,-76.99534
SISE SURCO,2.78,1512524,PALAS ATENEA,Privada,Privado,LIMA,CHORRILLOS,CALLE PALAS ATENEA 124,-12.16998,-76.99534
SISE CANTUARIAS,3.71,0328666,MARIA NICOLE,Privada,Privado,LIMA,SANTIAGO DE SURCO,CALLE DO¥A ROSA 210,-12.14077,-76.99803
SISE SAN JUAN DE MIRAFLORES,3.47,0328666,MARIA NICOLE,Privada,Privado,LIMA,SANTIAGO DE SURCO,CALLE DO¥A ROSA 210,-12.14077,-76.99803
SISE SURCO,1.25,0328666,MARIA NICOLE,Privada,Privado,LIMA,SANTIAGO DE SURCO,CALLE DO¥A ROSA 210,-12.14077,-76.99803
SISE SAN JUAN DE MIRAFLORES,1.31,1512672,NI¥O JESUS DIVINO,Privada,Privado,LIMA,SANTIAGO DE SURCO,MZ D LOTE 28,-12.16779,-76.98284
SISE SURCO,2.48,1512672,NI¥O JESUS DIVINO,Privada,Privado,LIMA,SANTIAGO DE SURCO,MZ D LOTE 28,-12.16779,-76.98284
SISE CANTUARIAS,3.44,1512680,SANTA TERESITA DEL NI¥O JESUS,Privada,Privado,LIMA,SANTIAGO DE SURCO,PAZOS MZ B LOTE 4,-12.1506,-77.01572
SISE SAN JUAN DE MIRAFLORES,4.74,1512680,SANTA TERESITA DEL NI¥O JESUS,Privada,Privado,LIMA,SANTIAGO DE SURCO,PAZOS MZ B LOTE 4,-12.1506,-77.01572
SISE SURCO,3.06,1512680,SANTA TERESITA DEL NI¥O JESUS,Privada,Privado,LIMA,SANTIAGO DE SURCO,PAZOS MZ B LOTE 4,-12.1506,-77.01572
SISE CANTUARIAS,0.83,1512714,CARMELITAS DE SAN CARLOS,Privada,Privado,LIMA,SURQUILLO,CALLE MARIANO JURADO DE LOS REYES 364,-12.11444,-77.02251
SISE SANTA BEATRIZ,4.34,1512714,CARMELITAS DE SAN CARLOS,Privada,Privado,LIMA,SURQUILLO,CALLE MARIANO JURADO DE LOS REYES 364,-12.11444,-77.02251
SISE SANTA BEATRIZ,4.85,1512789,0082 LA CANTUTA,P£blica de gesti¢n directa,Público,LIMA,SAN LUIS,AVENIDA MARISCAL SANTA CRUZ 165,-12.07265,-76.99159
SISE CANTUARIAS,2.2,1513068,DIVINO NI¥O JESUS,Privada,Privado,LIMA,SURQUILLO,AVENIDA PRINCIPAL 325,-12.1138,-77.00689
SISE SURCO,4.14,1513068,DIVINO NI¥O JESUS,Privada,Privado,LIMA,SURQUILLO,AVENIDA PRINCIPAL 325,-12.1138,-77.00689
SISE SANTA BEATRIZ,3.7,1513191,ENRIQUE GOMEZ MONTOYA,Privada,Privado,LIMA,SAN LUIS,JIRON RIO PIURA 639,-12.0789,-77.0019
SISE CANTUARIAS,3.46,1513407,CARMELITAS NEW SCHOOL,Privada,Privado,LIMA,BARRANCO,CALLE AUGUSTO TAMAYO VARGAS 385,-12.15168,-77.01927
SISE SURCO,3.46,1513407,CARMELITAS NEW SCHOOL,Privada,Privado,LIMA,BARRANCO,CALLE AUGUSTO TAMAYO VARGAS 385,-12.15168,-77.01927
SISE CANTUARIAS,3.28,1513928,PASCUAL SACO OLIVEROS,Privada,Privado,LIMA,BARRANCO,AVENIDA MIGUEL GRAU 205-207,-12.15031,-77.02058
SISE SURCO,3.58,1513928,PASCUAL SACO OLIVEROS,Privada,Privado,LIMA,BARRANCO,AVENIDA MIGUEL GRAU 205-207,-12.15031,-77.02058
SISE SAN JUAN DE MIRAFLORES,1.58,1514017,RICHARD BACH,Privada,Privado,LIMA,SANTIAGO DE SURCO,CALLE JUAN PABLO VIZCARDO Y GUZMAN 475,-12.15706,-76.98747
SISE SURCO,1.23,1514017,RICHARD BACH,Privada,Privado,LIMA,SANTIAGO DE SURCO,CALLE JUAN PABLO VIZCARDO Y GUZMAN 475,-12.15706,-76.98747
SISE SAN JUAN DE MIRAFLORES,3.88,1514025,CIRO ALEGRIA,Privada,Privado,LIMA,CHORRILLOS,PASAJE PERU MZ 39 LOTE 19,-12.18599,-76.99772
SISE SURCO,4.57,1514025,CIRO ALEGRIA,Privada,Privado,LIMA,CHORRILLOS,PASAJE PERU MZ 39 LOTE 19,-12.18599,-76.99772
SISE CANTUARIAS,1.97,1514215,SANTA MARIA COLLEGE,Privada,Privado,LIMA,SURQUILLO,CALLE ANDRES LUNA 256,-12.11594,-77.00832
SISE SURCO,4.02,1514215,SANTA MARIA COLLEGE,Privada,Privado,LIMA,SURQUILLO,CALLE ANDRES LUNA 256,-12.11594,-77.00832
SISE SAN JUAN DE MIRAFLORES,1.73,1514280,JESUS AMADO,Privada,Privado,LIMA,SANTIAGO DE SURCO,CALLE LUIS DEXTRE ECHAIZ S/N MZ X LOTE 24,-12.16476,-76.98866
SISE SURCO,2.08,1514280,JESUS AMADO,Privada,Privado,LIMA,SANTIAGO DE SURCO,CALLE LUIS DEXTRE ECHAIZ S/N MZ X LOTE 24,-12.16476,-76.98866
SISE CANTUARIAS,2.37,1514330,SANTA MARIA REYNA,Privada,Privado,LIMA,SURQUILLO,CALLE GABRIELA MISTRAL 274,-12.11407,-77.00508
SISE SURCO,4.01,1514330,SANTA MARIA REYNA,Privada,Privado,LIMA,SURQUILLO,CALLE GABRIELA MISTRAL 274,-12.11407,-77.00508
SISE VENTANILLA,0.97,0883967,POLITECNICO KUMAMOTO MI PERU,P£blica de gesti¢n directa,Público,CALLAO,MI PERU,AVENIDA CUZCO S/N,-11.860933,-77.127914
SISE VENTANILLA,1.87,1083633,5093 ANTONIO RAYMONDI,P£blica de gesti¢n directa,Público,CALLAO,VENTANILLA,AVENIDA GONZALES GANOZA I S/N SECTOR IZQUIERDO,-11.885733,-77.12378
SISE PUENTE PIEDRA,4.89,0659953,MANUEL SEOANE CORRALES,P£blica de gesti¢n directa,Público,CALLAO,MI PERU,AVENIDA HUAURA S/N MZ G LOTE 5,-11.855265,-77.121786
SISE VENTANILLA,1.76,0659953,MANUEL SEOANE CORRALES,P£blica de gesti¢n directa,Público,CALLAO,MI PERU,AVENIDA HUAURA S/N MZ G LOTE 5,-11.855265,-77.121786
SISE PUENTE PIEDRA,4.66,0209940,NUESTRA SE¥ORA DE BELEN,P£blica de gesti¢n directa,Público,CALLAO,VENTANILLA,AVENIDA IRIS Y CALLE 13 S/N,-11.873055,-77.119737
SISE VENTANILLA,1.03,0209940,NUESTRA SE¥ORA DE BELEN,P£blica de gesti¢n directa,Público,CALLAO,VENTANILLA,AVENIDA IRIS Y CALLE 13 S/N,-11.873055,-77.119737
SISE PUENTE PIEDRA,4.77,0782102,5090 ANTONIA MORENO DE CACERES,P£blica de gesti¢n directa,Público,CALLAO,VENTANILLA,ANTONIO MORENO DE CACERES SECTOR IV,-11.89357,-77.109993
SISE VENTANILLA,3.34,0782102,5090 ANTONIA MORENO DE CACERES,P£blica de gesti¢n directa,Público,CALLAO,VENTANILLA,ANTONIO MORENO DE CACERES SECTOR IV,-11.89357,-77.109993
SISE VENTANILLA,1.44,0781930,5086 POLITECNICO DE VENTANILLA,P£blica de gesti¢n directa,Público,CALLAO,VENTANILLA,AVENIDA NEPTUNO S/N SECTOR III,-11.882365,-77.130585
SISE VENTANILLA,2.09,0209270,LICEO NAVAL CAPITAN DE CORBETA MANUEL CLAVERO MUGA,P£blica de gesti¢n directa,Público,CALLAO,VENTANILLA,AVENIDA MERCURIO S/N,-11.888391,-77.128991
SISE PUENTE PIEDRA,3.89,0583104,5051 VIRGEN DE FATIMA,P£blica de gesti¢n directa,Público,CALLAO,VENTANILLA,AVENIDA PEDRO BELTRAN S/N,-11.868736,-77.113316
SISE VENTANILLA,1.66,0583104,5051 VIRGEN DE FATIMA,P£blica de gesti¢n directa,Público,CALLAO,VENTANILLA,AVENIDA PEDRO BELTRAN S/N,-11.868736,-77.113316
SISE VENTANILLA,0.77,0883900,SAN ANDRES S.A.C.,Privada,Privado,CALLAO,VENTANILLA,CALLE LOS GERANEOS 140,-11.875906,-77.125556
SISE VENTANILLA,0.33,1192558,RAMON SUAREZ SAURI,Privada,Privado,CALLAO,VENTANILLA,AVENIDA ANDRES AVELINO CACERES MZ C-4 LOTE 15,-11.872454,-77.127586
SISE PUENTE PIEDRA,4.18,0782136,AVHALDIM S.A.,Privada,Privado,CALLAO,VENTANILLA,CALLE 22 S/N MZ 69 LOTE 12-13-14,-11.869103,-77.115948
SISE VENTANILLA,1.37,0782136,AVHALDIM S.A.,Privada,Privado,CALLAO,VENTANILLA,CALLE 22 S/N MZ 69 LOTE 12-13-14,-11.869103,-77.115948
SISE VENTANILLA,0.56,0728592,VIRGEN DE LA ASUNCION,Privada,Privado,CALLAO,VENTANILLA,AVENIDA PEDRO BELTRAN CALLE S/N MZ 21 LOTE 19,-11.873112,-77.124858
SISE VENTANILLA,1.44,0883827,ALMIRANTE MIGUEL GRAU,Privada,Privado,CALLAO,VENTANILLA,INTERSECCION AV. VENUS CON AV. NEPTUNO S/N,-11.882492,-77.129906
SISE PUENTE PIEDRA,4.79,0693382,FE Y ALEGRIA 33,P£blica de gesti¢n privada,Privado,CALLAO,MI PERU,AVENIDA CUZCO S/N,-11.856869,-77.121139
SISE VENTANILLA,1.63,0693382,FE Y ALEGRIA 33,P£blica de gesti¢n privada,Privado,CALLAO,MI PERU,AVENIDA CUZCO S/N,-11.856869,-77.121139
SISE VENTANILLA,0.57,1097526,ANTONIO RAIMONDI DELL'ACQUA,Privada,Privado,CALLAO,VENTANILLA,AVENIDA PEDRO BELTRAN MZ 21 LOTE 18,-11.8731,-77.124732
SISE VENTANILLA,0.28,0728618,SOPHIANO COLLEGE S.R.L.,Privada,Privado,CALLAO,VENTANILLA,CALLE 11 S/N MZ C-4 LOTE 1-2-11,-11.872034,-77.127768
SISE VENTANILLA,1.78,0883876,SAN JUAN,Privada,Privado,CALLAO,MI PERU,MZ I-13 LOTE 2-3-4-5,-11.853735,-77.12652
SISE VENTANILLA,2.17,0782029,MARCELINO CHAMPAGNAT,Privada,Privado,CALLAO,VENTANILLA,"MZ O LOTE 25,26,27 SECTOR II",-11.887057,-77.11967
SISE VENTANILLA,2.54,0883892,SAN AGUSTIN,Privada,Privado,CALLAO,VENTANILLA,MZ J LOTE 15 SECTOR III,-11.890203,-77.11848
SISE VENTANILLA,4.51,0664698,POLITECNICO VILLA LOS REYES,P£blica de gesti¢n directa,Público,CALLAO,VENTANILLA,CALLE 25 S/N,-11.8291,-77.1267
SISE VENTANILLA,1.14,1097567,SAN PEDRO NOLASCO,Privada,Privado,CALLAO,VENTANILLA,MZ V3 LOTE 16,-11.878471,-77.133828
SISE VENTANILLA,2.08,0883843,B. FREDERIC SKINNER,Privada,Privado,CALLAO,VENTANILLA,AVENIDA TOMAS FARFAN MZ E-1 LOTE 11 SECTOR I,-11.88769,-77.12357
SISE VENTANILLA,1.82,1097484,CIRO ALEGRIA,Privada,Privado,CALLAO,MI PERU,AVENIDA TRUJILLO MZ I13 LOTE LT,-11.853405,-77.126357
SISE VENTANILLA,1.49,1097641,TERESA GONZALES DE FANNING,Privada,Privado,CALLAO,VENTANILLA,CALLE ANDROMEDA 129,-11.883,-77.1283
SISE PUENTE PIEDRA,3.38,0664706,FE Y ALEGRIA 29,P£blica de gesti¢n privada,Privado,CALLAO,VENTANILLA,AVENIDA PRINCIPAL AMPLIACION A S/N,-11.8748,-77.1071
SISE VENTANILLA,2.4,0664706,FE Y ALEGRIA 29,P£blica de gesti¢n privada,Privado,CALLAO,VENTANILLA,AVENIDA PRINCIPAL AMPLIACION A S/N,-11.8748,-77.1071
SISE VENTANILLA,0.76,0883884,SE¥OR DE LOS MILAGROS,Privada,Privado,CALLAO,VENTANILLA,AVENIDA LOS GERANIOS S/N MZ V6 LOTE 2,-11.875938,-77.12589
SISE VENTANILLA,2.15,1097849,ISAAC NEWTON E.I.R.L.,Privada,Privado,CALLAO,VENTANILLA,CALLE 11 MZ O LOTE 22 Y 23 SECTOR A SUB-SECTOR II,-11.887075,-77.120113
SISE VENTANILLA,1.37,1097609,LUIS PASTEUR,Privada,Privado,CALLAO,MI PERU,AVENIDA AYACUCHO S/N MZ E-1 LOTE 17-18,-11.857871,-77.124778
SISE VENTANILLA,1.13,1221712,MARIA AUXILIADORA,Privada,Privado,CALLAO,MI PERU,AVENIDA TACNA S/N MZ K3 LOTE 8,-11.859625,-77.126417
SISE PUENTE PIEDRA,3.63,1228238,CRISTO SALVADOR E.I.R.L.,Privada,Privado,CALLAO,VENTANILLA,CALLE 25 S/N MZ A-1 LOTE 9,-11.875807,-77.109144
SISE VENTANILLA,2.22,1228238,CRISTO SALVADOR E.I.R.L.,Privada,Privado,CALLAO,VENTANILLA,CALLE 25 S/N MZ A-1 LOTE 9,-11.875807,-77.109144
SISE VENTANILLA,2.13,1264357,5151 SAN JUAN BOSCO,P£blica de gesti¢n directa,Público,CALLAO,MI PERU,CALLE LAS FRESAS S/N MZ M LOTE 1,-11.850549,-77.126329
SISE VENTANILLA,1.21,1099167,SAN VICENTE DE PAUL,Privada,Privado,CALLAO,MI PERU,AVENIDA CUZCO S/N MZ E-18 LOTE 1,-11.85938,-77.12464
SISE VENTANILLA,1.14,1192236,SAN JUDAS TADEO PATRON DE LOS NI¥OS,Privada,Privado,CALLAO,VENTANILLA,MZ W3 LOTE 10,-11.8777,-77.135
SISE VENTANILLA,2.14,1239383,MAHANAIM,Privada,Privado,CALLAO,VENTANILLA,PROLONGACION GONZALES GANOZA MZ M LOTE 4 4,-11.886881,-77.119864
SISE VENTANILLA,2.52,1238948,5122 JOSE ANDRES RAZURI ESTEVEZ,P£blica de gesti¢n directa,Público,CALLAO,VENTANILLA,JIRON LOS ECOLOGOS MZ D LOTE 02 SECTOR EQUIPAMIENTO,-11.84698,-77.130321
SISE VENTANILLA,2.21,1229558,5088 HEROES DEL PACIFICO,P£blica de gesti¢n directa,Público,CALLAO,VENTANILLA,AVENIDA B S/N SECTOR II,-11.889443,-77.130086
SISE VENTANILLA,4.16,1264670,5124 LIBERTADOR SIMON BOLIVAR,P£blica de gesti¢n directa,Público,CALLAO,VENTANILLA,AVENIDA CABO BLANCO S/N,-11.833957,-77.140243
SISE VENTANILLA,2.52,1380716,ALBERT EINSTEIN II,Privada,Privado,CALLAO,VENTANILLA,"MZ J-11 LOTE 5,8 SECTOR II",-11.89228,-77.128893
SISE VENTANILLA,4.89,1380740,COPRODELI SAN JUAN MACIAS,P£blica de gesti¢n privada,Privado,CALLAO,VENTANILLA,MZ H2 LOTE 2 SECTOR C,-11.829559,-77.1472
SISE VENTANILLA,3.47,1380948,5127 MARTIR JOSE OLAYA,P£blica de gesti¢n directa,Público,CALLAO,VENTANILLA,JIRON LOS ARBOLITOS CON ESQUINA JIRON LOS NARDOS MZ G,-11.838755,-77.123463
SISE VENTANILLA,1.5,1381284,HEROES DEL PACIFICO,Privada,Privado,CALLAO,VENTANILLA,AVENIDA LA PLAYA S/N MZ I LOTE 1 ETAPA 4,-11.872384,-77.142034
SISE VENTANILLA,1.52,1381896,5138 DEFENSORES DE LA PATRIA,P£blica de gesti¢n directa,Público,CALLAO,VENTANILLA,AVENIDA JOSE DE SAN MARTIN MZ M-3 LOTE 09,-11.8798,-77.1378
SISE PUENTE PIEDRA,3.31,1381987,5137,P£blica de gesti¢n directa,Público,CALLAO,VENTANILLA,AVENIDA C AMPLIACION B CALLE 39 VENTANILLA ALTA S/N,-11.8776,-77.1052
SISE VENTANILLA,2.69,1381987,5137,P£blica de gesti¢n directa,Público,CALLAO,VENTANILLA,AVENIDA C AMPLIACION B CALLE 39 VENTANILLA ALTA S/N,-11.8776,-77.1052
SISE PUENTE PIEDRA,4.37,1381995,ALFA,Privada,Privado,CALLAO,VENTANILLA,CALLE 17 272,-11.871729,-77.117287
SISE VENTANILLA,1.25,1381995,ALFA,Privada,Privado,CALLAO,VENTANILLA,CALLE 17 272,-11.871729,-77.117287
SISE VENTANILLA,4.27,1382217,SAN ANTONIO DE PADUA,Privada,Privado,CALLAO,VENTANILLA,CALLE UNO S/N MZ B LOTE 4-5-14 SECTOR III,-11.832898,-77.117139
SISE VENTANILLA,4.85,1382654,MARCELINO CHAMPAGNAT DE PACHACUTEC,Privada,Privado,CALLAO,VENTANILLA,AVENIDA WIRACOCHA SECTOR C GRUPO C-2 MZ F LOTE 13-14,-11.830548,-77.148421
SISE PUENTE PIEDRA,4.74,1382746,TRILCE VENTANILLA -TRENTO,Privada,Privado,CALLAO,VENTANILLA,AVENIDA LAS BEGONIAS MZ 33 LOTE 15,-11.871388,-77.120867
SISE VENTANILLA,0.86,1382746,TRILCE VENTANILLA -TRENTO,Privada,Privado,CALLAO,VENTANILLA,AVENIDA LAS BEGONIAS MZ 33 LOTE 15,-11.871388,-77.120867
SISE VENTANILLA,2.03,1382811,COLEGIO DE JESUS,Privada,Privado,CALLAO,VENTANILLA,AVENIDA MERCURIO 603-605,-11.887888,-77.128796
SISE VENTANILLA,4.16,1382985,ROSARIO DE SANTA MARIA,Privada,Privado,CALLAO,VENTANILLA,CALLE COLOMBIA S/N MZ S LOTE 21-23,-11.833461,-77.138377
SISE VENTANILLA,3.42,1383173,5117 JORGE PORTOCARRERO REBAZA,P£blica de gesti¢n directa,Público,CALLAO,VENTANILLA,SECTOR E BARRIO XI COOP KAWACHI MZ M,-11.844911,-77.147329
SISE VENTANILLA,1.83,1607902,ELIM,Privada,Privado,CALLAO,MI PERU,AVENIDA TRUJILLO S/N MZ G-3 LOTE 2,-11.853999,-77.123127
SISE VENTANILLA,4.38,1607944,5125,P£blica de gesti¢n directa,Público,CALLAO,VENTANILLA,JIRON LAS VIOLETAS S/N MZ A LOTE 1,-11.831639,-77.139366
SISE VENTANILLA,2.75,1608108,GUIA DIVINA,Privada,Privado,CALLAO,VENTANILLA,MZ H-2 LOTE 22-23 SECTOR I,-11.894318,-77.128783
SISE PUENTE PIEDRA,2.63,1308675,MARIA AUXILIADORA DE CARABAYLLO,Privada,Privado,LIMA,CARABAYLLO,AVENIDA JOSE SACO ROJAS S/N,-11.86169,-77.05384
SISE VENTANILLA,3.56,1308907,5141 DIVINO MAESTRO,P£blica de gesti¢n directa,Público,CALLAO,VENTANILLA,AVENIDA BOLIVIA S/N MZ K2 LOTE 04,-11.837874,-77.124257
SISE COMAS,2.68,1308915,CRUZ SACO DE CIPRESES,Privada,Privado,LIMA,SAN MARTIN DE PORRES,MZ W LOTE 10-11 Y 18,-11.99893,-77.10169
SISE INDEPENDENCIA,4.7,1308915,CRUZ SACO DE CIPRESES,Privada,Privado,LIMA,SAN MARTIN DE PORRES,MZ W LOTE 10-11 Y 18,-11.99893,-77.10169
SISE ATE,2.41,1309574,1290 NUEVA AMERICA,P£blica de gesti¢n directa,Público,LIMA,ATE,AVENIDA PROLONGACION NICOLAS DE PIEROLA S/N,-12.039784,-76.892046
SISE PUENTE PIEDRA,1.24,1280841,MI NUEVO MUNDO,Privada,Privado,LIMA,PUENTE PIEDRA,AVENIDA SANTA ROSA 1560,-11.87187,-77.08641
SISE VENTANILLA,4.59,1280841,MI NUEVO MUNDO,Privada,Privado,LIMA,PUENTE PIEDRA,AVENIDA SANTA ROSA 1560,-11.87187,-77.08641
SISE PUENTE PIEDRA,2.04,1281724,MASTERCIENCIA,Privada,Privado,LIMA,PUENTE PIEDRA,MZ J LOTE 3,-11.88174,-77.07169
SISE SAN JUAN DE MIRAFLORES,2.76,1302264,LEONARD EULER CHORRILLOS,Privada,Privado,LIMA,CHORRILLOS,JIRON ARQUIMEDES 181 MZ A-1 LOTE 4-C,-12.173963,-76.99476
SISE SURCO,3.19,1302264,LEONARD EULER CHORRILLOS,Privada,Privado,LIMA,CHORRILLOS,JIRON ARQUIMEDES 181 MZ A-1 LOTE 4-C,-12.173963,-76.99476
SISE SAN JUAN DE MIRAFLORES,0.33,1302306,LEONARD EULER II,Privada,Privado,LIMA,SAN JUAN DE MIRAFLORES,JIRON BUENAVENTURA AGUIRRE 461,-12.16352,-76.97335
SISE SURCO,2.51,1302306,LEONARD EULER II,Privada,Privado,LIMA,SAN JUAN DE MIRAFLORES,JIRON BUENAVENTURA AGUIRRE 461,-12.16352,-76.97335
SISE SAN JUAN DE MIRAFLORES,2.84,1302314,AMERICAN CHILDREN HIGH SCHOOL,Privada,Privado,LIMA,SAN JUAN DE MIRAFLORES,MZ Y LOTE 33-34,-12.18525,-76.98003
SISE SURCO,4.44,1302314,AMERICAN CHILDREN HIGH SCHOOL,Privada,Privado,LIMA,SAN JUAN DE MIRAFLORES,MZ Y LOTE 33-34,-12.18525,-76.98003
SISE VILLA EL SALVADOR,4.69,1302314,AMERICAN CHILDREN HIGH SCHOOL,Privada,Privado,LIMA,SAN JUAN DE MIRAFLORES,MZ Y LOTE 33-34,-12.18525,-76.98003
SISE COMAS,4.71,1302777,LA INMACULADA CONCEPCION,Privada,Privado,CALLAO,BELLAVISTA,JIRON JOSE SANTOS CHOCANO 179,-12.05352,-77.08792
SISE SAN MIGUEL,3.13,1302777,LA INMACULADA CONCEPCION,Privada,Privado,CALLAO,BELLAVISTA,JIRON JOSE SANTOS CHOCANO 179,-12.05352,-77.08792
SISE SANTA BEATRIZ,1.21,1304005,SACO OLIVEROS DE LA VICTORIA,Privada,Privado,LIMA,LA VICTORIA,CALLE BELGICA 654,-12.07358,-77.02558
SISE COMAS,0.58,1303999,VANGUARD SCHOOLS,Privada,Privado,LIMA,SAN MARTIN DE PORRES,JIRON TORIBIO DE LUZURIAGA S/N MZ F LOTE 8-19,-12.01391,-77.08558
SISE INDEPENDENCIA,3.88,1303999,VANGUARD SCHOOLS,Privada,Privado,LIMA,SAN MARTIN DE PORRES,JIRON TORIBIO DE LUZURIAGA S/N MZ F LOTE 8-19,-12.01391,-77.08558
SISE ATE,3.31,1304526,PITAGORAS DE SAMOS,Privada,Privado,LIMA,ATE,AVENIDA PROLONGACION J PRADO MZ I2 LOTE 23,-12.04066,-76.92267
SISE ATE,3.92,1304534,SANTA MARIA INTERNATIONAL SCHOOL,Privada,Privado,LIMA,ATE,AVENIDA VISTA ALEGRE MZ A LOTE 14,-12.03895,-76.93109
SISE SAN JUAN DE LURIGANCHO,3.16,1305002,LA SORBONA DE LIMA,Privada,Privado,LIMA,SAN JUAN DE LURIGANCHO,AVENIDA B S/N MZ M LOTE 6,-12.02258,-76.97575
SISE COMAS,4.22,1306547,SAN NICOLAS DE TOLENTINO,Privada,Privado,LIMA,LOS OLIVOS,CALLE LAS FLORES MZ D3 LOTE 1,-11.97374,-77.08105
SISE INDEPENDENCIA,2.99,1306547,SAN NICOLAS DE TOLENTINO,Privada,Privado,LIMA,LOS OLIVOS,CALLE LAS FLORES MZ D3 LOTE 1,-11.97374,-77.08105
SISE COMAS,0.62,1306612,ABRAHAM LINCOLN COLLEGE,Privada,Privado,LIMA,SAN MARTIN DE PORRES,CALLE CALIFORNIA 898,-12.0149,-77.0761
SISE INDEPENDENCIA,3.29,1306612,ABRAHAM LINCOLN COLLEGE,Privada,Privado,LIMA,SAN MARTIN DE PORRES,CALLE CALIFORNIA 898,-12.0149,-77.0761
SISE COMAS,3.38,1306760,NACIONES UNIDAS,Privada,Privado,LIMA,LOS OLIVOS,PASAJE LAS HIGUERAS 4198,-11.985,-77.0659
SISE INDEPENDENCIA,0.92,1306760,NACIONES UNIDAS,Privada,Privado,LIMA,LOS OLIVOS,PASAJE LAS HIGUERAS 4198,-11.985,-77.0659
SISE ATE,4.16,1307263,SAINT GERARD SCHOOL,Privada,Privado,LIMA,LURIGANCHO,CALLE LAS GARZAS S/N MZ G LOTE 4-5 ETAPA I,-12.01429,-76.93867
SISE COMAS,3.89,1307909,ANA MARIA RIVIER,Privada,Privado,LIMA,SAN MARTIN DE PORRES,MZ N2 LOTE 30-31-32,-11.976878,-77.084645
SISE INDEPENDENCIA,3.13,1307909,ANA MARIA RIVIER,Privada,Privado,LIMA,SAN MARTIN DE PORRES,MZ N2 LOTE 30-31-32,-11.976878,-77.084645
SISE INDEPENDENCIA,2.15,1311281,JUANE AUSTEN SCHOOL,Privada,Privado,LIMA,INDEPENDENCIA,CALLE 21 101-103 MZ T LOTE 41,-11.97519,-77.04704
SISE SAN JUAN DE LURIGANCHO,3.25,1311745,ANGLO AMERICANO,Privada,Privado,LIMA,SAN JUAN DE LURIGANCHO,AVENIDA PIEDRA LUNA MZ N LOTE 1,-11.98812,-77.00222
SISE PUENTE PIEDRA,3.78,1311901,CARL DAVID ANDERSON,Privada,Privado,LIMA,PUENTE PIEDRA,AVENIDA EL TRIUNFO 289,-11.83573,-77.096371
SISE PUENTE PIEDRA,4.95,1312099,JOHN NASH HIGH SCHOOL,Privada,Privado,LIMA,COMAS,LOTE 69,-11.90016,-77.05069
SISE PUENTE PIEDRA,4.52,1311984,DIVINA MISERICORDIA,Privada,Privado,LIMA,COMAS,AVENIDA ALAMEDA DE EL PINAR MZ LL LOTE 20,-11.9005,-77.05855
SISE PUENTE PIEDRA,2.8,1312586,SOPHIANUM,Privada,Privado,LIMA,PUENTE PIEDRA,AVENIDA BUENOS AIRES 2665 SECTOR CALICHE,-11.8475,-77.09691
SISE VENTANILLA,4.23,1312586,SOPHIANUM,Privada,Privado,LIMA,PUENTE PIEDRA,AVENIDA BUENOS AIRES 2665 SECTOR CALICHE,-11.8475,-77.09691
SISE PUENTE PIEDRA,2.19,1312446,SAN JUAN DE PUENTE PIEDRA,Privada,Privado,LIMA,PUENTE PIEDRA,CALLE DOS S/N MZ A LOTE 34,-11.88083,-77.06661
SISE PUENTE PIEDRA,1.4,1312537,EMPRESA EDUCATIVA SE¥OR DE LA SOLEDAD S.A.C.,Privada,Privado,LIMA,PUENTE PIEDRA,CALLE LAS VI¥AS S/N MZ A LOTE 02 PARCELA 09,-11.85327,-77.08379
SISE SAN JUAN DE MIRAFLORES,1.78,1313832,TRILCE MARSANO,Privada,Privado,LIMA,SANTIAGO DE SURCO,"CARRETERA PANAMERICANA SUR S/N MZ W-4 LOTE 1,2,3 Y 22 ETAPA III",-12.14761,-76.98304
SISE SURCO,0.56,1313832,TRILCE MARSANO,Privada,Privado,LIMA,SANTIAGO DE SURCO,"CARRETERA PANAMERICANA SUR S/N MZ W-4 LOTE 1,2,3 Y 22 ETAPA III",-12.14761,-76.98304
SISE SAN JUAN DE MIRAFLORES,2.74,1313899,SANTA JUANA DE ARCO,Privada,Privado,LIMA,VILLA MARIA DEL TRIUNFO,AVENIDA JOSE CARLOS MARIATEGUI 1520,-12.14939,-76.95082
SISE SURCO,4.05,1313899,SANTA JUANA DE ARCO,Privada,Privado,LIMA,VILLA MARIA DEL TRIUNFO,AVENIDA JOSE CARLOS MARIATEGUI 1520,-12.14939,-76.95082
SISE VILLA EL SALVADOR,4.93,1313899,SANTA JUANA DE ARCO,Privada,Privado,LIMA,VILLA MARIA DEL TRIUNFO,AVENIDA JOSE CARLOS MARIATEGUI 1520,-12.14939,-76.95082
SISE VILLA EL SALVADOR,3.8,1313923,MARIA AUXILIADORA,Privada,Privado,LIMA,VILLA EL SALVADOR,MZ C LOTE 15-16-17 SECTOR 6,-12.22566,-76.94213
SISE INDEPENDENCIA,4.76,1316082,JACK GOLDFARB,Privada,Privado,LIMA,COMAS,JIRON CUBA 241,-11.94846,-77.05007
SISE SAN JUAN DE MIRAFLORES,3.25,1316405,JESUS NAZARENO,Privada,Privado,LIMA,SAN JUAN DE MIRAFLORES,MZ C LOTE 4 SECTOR 3,-12.18917,-76.97924
SISE SURCO,4.89,1316405,JESUS NAZARENO,Privada,Privado,LIMA,SAN JUAN DE MIRAFLORES,MZ C LOTE 4 SECTOR 3,-12.18917,-76.97924
SISE VILLA EL SALVADOR,4.55,1316405,JESUS NAZARENO,Privada,Privado,LIMA,SAN JUAN DE MIRAFLORES,MZ C LOTE 4 SECTOR 3,-12.18917,-76.97924
SISE SAN JUAN DE LURIGANCHO,4.31,1316942,JOHANNES KEPLER,Privada,Privado,LIMA,EL AGUSTINO,JIRON SIMON BOLIVAR 173 MZ D LOTE 12 - 13,-12.05594,-77.00736
SISE SANTA BEATRIZ,3.93,1316942,JOHANNES KEPLER,Privada,Privado,LIMA,EL AGUSTINO,JIRON SIMON BOLIVAR 173 MZ D LOTE 12 - 13,-12.05594,-77.00736
SISE COMAS,3.06,1320100,SANTA ANGELA DEL ROSARIO I,Privada,Privado,LIMA,SAN MARTIN DE PORRES,MZ A LOTE 02-03,-11.98498,-77.08735
SISE INDEPENDENCIA,3.1,1320100,SANTA ANGELA DEL ROSARIO I,Privada,Privado,LIMA,SAN MARTIN DE PORRES,MZ A LOTE 02-03,-11.98498,-77.08735
SISE SAN JUAN DE MIRAFLORES,2.72,1320720,FRIEDRICH WOHLER,Privada,Privado,LIMA,VILLA MARIA DEL TRIUNFO,CALLE TARAPACA 180,-12.15177,-76.94999
SISE SURCO,4.17,1320720,FRIEDRICH WOHLER,Privada,Privado,LIMA,VILLA MARIA DEL TRIUNFO,CALLE TARAPACA 180,-12.15177,-76.94999
SISE VILLA EL SALVADOR,4.65,1320720,FRIEDRICH WOHLER,Privada,Privado,LIMA,VILLA MARIA DEL TRIUNFO,CALLE TARAPACA 180,-12.15177,-76.94999
SISE SAN JUAN DE MIRAFLORES,1.25,1321454,ANNIE'S SCHOOL,Privada,Privado,LIMA,SAN JUAN DE MIRAFLORES,JIRON BALTAZAR GRADOS 729 MZ G2 LOTE 20,-12.16241,-76.96204
SISE SURCO,3.35,1321454,ANNIE'S SCHOOL,Privada,Privado,LIMA,SAN JUAN DE MIRAFLORES,JIRON BALTAZAR GRADOS 729 MZ G2 LOTE 20,-12.16241,-76.96204
SISE VILLA EL SALVADOR,4.22,1321454,ANNIE'S SCHOOL,Privada,Privado,LIMA,SAN JUAN DE MIRAFLORES,JIRON BALTAZAR GRADOS 729 MZ G2 LOTE 20,-12.16241,-76.96204
SISE COMAS,3.41,1321504,SAN PATRICIO DEL NORTE,Privada,Privado,LIMA,INDEPENDENCIA,AVENIDA CENTRAL 113-115,-12.00596,-77.05
SISE INDEPENDENCIA,2.02,1321504,SAN PATRICIO DEL NORTE,Privada,Privado,LIMA,INDEPENDENCIA,AVENIDA CENTRAL 113-115,-12.00596,-77.05
SISE COMAS,4.77,1321496,YMCA COLEGIOS,Privada,Privado,LIMA,RIMAC,AVENIDA MORRO DE ARICA 520,-12.0266,-77.0396
SISE INDEPENDENCIA,4.58,1321496,YMCA COLEGIOS,Privada,Privado,LIMA,RIMAC,AVENIDA MORRO DE ARICA 520,-12.0266,-77.0396
SISE SAN JUAN DE LURIGANCHO,3.97,1321496,YMCA COLEGIOS,Privada,Privado,LIMA,RIMAC,AVENIDA MORRO DE ARICA 520,-12.0266,-77.0396
SISE INDEPENDENCIA,3.34,1322585,INNOVA SCHOOLS - LOS OLIVOS VILLA SOL,Privada,Privado,LIMA,LOS OLIVOS,CALLE JUSTO ARIAS MZ G LOTE 23,-11.96243,-77.07092
SISE COMAS,4.58,1322627,CARDANO VIETE INGENIEROS DE TAHUANTINSUYO,Privada,Privado,LIMA,INDEPENDENCIA,CALLE SAN PEDRO 186,-11.98096,-77.05271
SISE INDEPENDENCIA,1.26,1322627,CARDANO VIETE INGENIEROS DE TAHUANTINSUYO,Privada,Privado,LIMA,INDEPENDENCIA,CALLE SAN PEDRO 186,-11.98096,-77.05271
SISE ATE,0.67,1322692,LA VICTORIA SCHOOL,Privada,Privado,LIMA,ATE,"AVENIDA JOSE CARLOS MARIATEGUI S/N MZ A LOTE 17, 18",-12.02388,-76.89617
SISE COMAS,4.92,1322718,CRISTO JESUS,Privada,Privado,CALLAO,BELLAVISTA,CALLE JUAN SALCEDO 103-107,-12.054182,-77.09341
SISE SAN MIGUEL,3.33,1322718,CRISTO JESUS,Privada,Privado,CALLAO,BELLAVISTA,CALLE JUAN SALCEDO 103-107,-12.054182,-77.09341
SISE SAN MIGUEL,1.24,1322932,NEWTON,Privada,Privado,LIMA,SAN MIGUEL,AVENIDA ARICA 788,-12.08969,-77.08224
SISE SAN JUAN DE LURIGANCHO,4.9,1323443,GAKUSEI,Privada,Privado,LIMA,SAN JUAN DE LURIGANCHO,AVENIDA PROCERES DE LA INDEPENDENCIA 3488 MZ J LOTE 03-04,-11.97367,-76.99806
SISE COMAS,1.63,1324078,MARIA REICHE,Privada,Privado,LIMA,LOS OLIVOS,JIRON LIBRA 1192,-11.99777,-77.07612
SISE INDEPENDENCIA,2.0,1324078,MARIA REICHE,Privada,Privado,LIMA,LOS OLIVOS,JIRON LIBRA 1192,-11.99777,-77.07612
SISE COMAS,4.03,1324839,SACO OLIVEROS DE CANTA CALLAO,Privada,Privado,LIMA,SAN MARTIN DE PORRES,MZ A LOTE 7,-11.98863,-77.1093
SISE COMAS,4.46,1324805,LAS PRADERAS INTERNATIONAL SCHOOL,Privada,Privado,LIMA,SAN MARTIN DE PORRES,AVENIDA SAN JOSE MZ A LOTE 1,-11.97515,-77.09765
SISE INDEPENDENCIA,4.49,1324805,LAS PRADERAS INTERNATIONAL SCHOOL,Privada,Privado,LIMA,SAN MARTIN DE PORRES,AVENIDA SAN JOSE MZ A LOTE 1,-11.97515,-77.09765
SISE COMAS,2.47,1325661,INGENIERIA DE LOS OLIVOS,Privada,Privado,LIMA,LOS OLIVOS,AVENIDA CARLOS IZAGUIRRE 754,-11.991662,-77.070904
SISE INDEPENDENCIA,1.26,1325661,INGENIERIA DE LOS OLIVOS,Privada,Privado,LIMA,LOS OLIVOS,AVENIDA CARLOS IZAGUIRRE 754,-11.991662,-77.070904
SISE SAN JUAN DE LURIGANCHO,3.59,1326628,NUESTRA SE¥ORA MARIA DE LAS MERCEDES,Privada,Privado,LIMA,EL AGUSTINO,JIRON MANUEL POLO JIMENEZ 411,-12.0491,-76.9989
SISE VILLA EL SALVADOR,1.68,1327030,CIENCIAS,Privada,Privado,LIMA,VILLA EL SALVADOR,GRUPO 20 S/N MZ H LOTE 13,-12.20245,-76.94832
SISE COMAS,4.33,1327584,JORGE BASADRE,Privada,Privado,LIMA,LIMA,JIRON ARISTIDES DEL CARPIO MU¥OZ 1138,-12.05043,-77.07658
SISE SAN MIGUEL,3.25,1327584,JORGE BASADRE,Privada,Privado,LIMA,LIMA,JIRON ARISTIDES DEL CARPIO MU¥OZ 1138,-12.05043,-77.07658
SISE VILLA EL SALVADOR,4.63,1328541,SANTISIMA VIRGEN DE LAS NIEVES,Privada,Privado,LIMA,VILLA EL SALVADOR,CALLE G MZ J LOTE 16-17 ETAPA IV SECTOR 1,-12.229167,-76.918725
SISE SAN JUAN DE LURIGANCHO,0.46,1329002,INMACULADO CORAZON DE JESUS,Privada,Privado,LIMA,SAN JUAN DE LURIGANCHO,JIRON LOS RICINOS 838,-12.01508,-77.00789
SISE INDEPENDENCIA,4.88,1329036,CAPITAN ALIPIO PONCE VASQUEZ,Privada,Privado,LIMA,SAN JUAN DE LURIGANCHO,JIRON NEVADO HUASCARAN 150,-11.98306,-77.01509
SISE SAN JUAN DE LURIGANCHO,3.98,1329036,CAPITAN ALIPIO PONCE VASQUEZ,Privada,Privado,LIMA,SAN JUAN DE LURIGANCHO,JIRON NEVADO HUASCARAN 150,-11.98306,-77.01509
SISE INDEPENDENCIA,4.73,1329192,JEAN LEBLANC VENNE,Privada,Privado,LIMA,SAN JUAN DE LURIGANCHO,CALLE MANGANESO S/N MZ V LOTE 17,-11.9944,-77.0161
SISE SAN JUAN DE LURIGANCHO,2.85,1329192,JEAN LEBLANC VENNE,Privada,Privado,LIMA,SAN JUAN DE LURIGANCHO,CALLE MANGANESO S/N MZ V LOTE 17,-11.9944,-77.0161
SISE VENTANILLA,0.89,1330224,CONSORCIO EDUCATIVO FK,Privada,Privado,CALLAO,VENTANILLA,CALLE 5 MZ 23 LOTE 29-30,-11.875674,-77.123238
SISE COMAS,2.86,1330315,TECHNOLOGY SCHOOLS CAYETANO,Privada,Privado,LIMA,SAN MARTIN DE PORRES,JIRON VILLAVICENCIO 572,-12.02445,-77.05789
SISE INDEPENDENCIA,3.8,1330315,TECHNOLOGY SCHOOLS CAYETANO,Privada,Privado,LIMA,SAN MARTIN DE PORRES,JIRON VILLAVICENCIO 572,-12.02445,-77.05789
SISE SAN JUAN DE MIRAFLORES,2.5,1331818,SAN SILVESTRE,Privada,Privado,LIMA,SAN JUAN DE MIRAFLORES,MZ D LOTE 7,-12.18231,-76.97914
SISE SURCO,4.14,1331818,SAN SILVESTRE,Privada,Privado,LIMA,SAN JUAN DE MIRAFLORES,MZ D LOTE 7,-12.18231,-76.97914
SISE VILLA EL SALVADOR,4.65,1331818,SAN SILVESTRE,Privada,Privado,LIMA,SAN JUAN DE MIRAFLORES,MZ D LOTE 7,-12.18231,-76.97914
SISE SAN JUAN DE LURIGANCHO,4.29,1332048,JOSE SABOGAL,Privada,Privado,LIMA,EL AGUSTINO,CALLE MARISCAL CACERES 131,-12.05588,-77.00579
SISE SANTA BEATRIZ,4.07,1332048,JOSE SABOGAL,Privada,Privado,LIMA,EL AGUSTINO,CALLE MARISCAL CACERES 131,-12.05588,-77.00579
SISE VENTANILLA,3.12,1335637,FE Y ALEGRIA 59,P£blica de gesti¢n privada,Privado,CALLAO,VENTANILLA,CALLE NICARAGUA S/N MZ G1 LOTE 1A,-11.84209,-77.13436
SISE COMAS,1.61,1336189,SAN LUIS GONZAGA,Privada,Privado,CALLAO,CALLAO,CALLE LOS FICUS 186,-12.01823,-77.09402
SISE INDEPENDENCIA,4.89,1336189,SAN LUIS GONZAGA,Privada,Privado,CALLAO,CALLAO,CALLE LOS FICUS 186,-12.01823,-77.09402
SISE INDEPENDENCIA,2.88,1340074,INMACULADA COLLEGE,Privada,Privado,LIMA,SAN MARTIN DE PORRES,JIRON 12 DE JUNIO 190-192,-11.9697,-77.0432
SISE SAN JUAN DE MIRAFLORES,0.55,1340579,INGENIERIA DEL SUR,Privada,Privado,LIMA,SAN JUAN DE MIRAFLORES,JIRON MANUEL JARAMILLO 1027 ZONA A,-12.15576,-76.97467
SISE SURCO,1.8,1340579,INGENIERIA DEL SUR,Privada,Privado,LIMA,SAN JUAN DE MIRAFLORES,JIRON MANUEL JARAMILLO 1027 ZONA A,-12.15576,-76.97467
SISE SAN JUAN DE MIRAFLORES,1.59,1340595,MI SAN MARTINCITO,Privada,Privado,LIMA,SAN JUAN DE MIRAFLORES,CALLE MARIANO CAMPOS 419,-12.14669,-76.97692
SISE SURCO,1.2,1340595,MI SAN MARTINCITO,Privada,Privado,LIMA,SAN JUAN DE MIRAFLORES,CALLE MARIANO CAMPOS 419,-12.14669,-76.97692
SISE COMAS,4.64,1341999,BEATA SARITA COLONIA,Privada,Privado,CALLAO,CALLAO,PASAJE RIOJA MZ O LOTE 4,-12.04529,-77.10608
SISE SAN MIGUEL,4.94,1341999,BEATA SARITA COLONIA,Privada,Privado,CALLAO,CALLAO,PASAJE RIOJA MZ O LOTE 4,-12.04529,-77.10608
SISE SAN JUAN DE MIRAFLORES,1.79,1342641,AMERICA,Privada,Privado,LIMA,VILLA MARIA DEL TRIUNFO,JIRON SAN ALBERTO 272 MZ B-1 LOTE 02,-12.15532,-76.95777
SISE SURCO,3.44,1342641,AMERICA,Privada,Privado,LIMA,VILLA MARIA DEL TRIUNFO,JIRON SAN ALBERTO 272 MZ B-1 LOTE 02,-12.15532,-76.95777
SISE VILLA EL SALVADOR,4.62,1342641,AMERICA,Privada,Privado,LIMA,VILLA MARIA DEL TRIUNFO,JIRON SAN ALBERTO 272 MZ B-1 LOTE 02,-12.15532,-76.95777
SISE CANTUARIAS,5.0,1342682,LOS ROBLES,Privada,Privado,LIMA,LIMA,JIRON CARLOS ARRIETA 1249,-12.07668,-77.032
SISE SAN MIGUEL,4.94,1342682,LOS ROBLES,Privada,Privado,LIMA,LIMA,JIRON CARLOS ARRIETA 1249,-12.07668,-77.032
SISE SANTA BEATRIZ,0.44,1342682,LOS ROBLES,Privada,Privado,LIMA,LIMA,JIRON CARLOS ARRIETA 1249,-12.07668,-77.032
SISE SAN JUAN DE LURIGANCHO,2.56,1342708,EL AMERICANO,Privada,Privado,LIMA,SAN JUAN DE LURIGANCHO,AVENIDA 13 DE ENERO 2190,-11.99431,-77.00509
SISE INDEPENDENCIA,2.4,1079540,BARTON DE COMAS,Privada,Privado,LIMA,COMAS,CALLE 13-B LOTES 7-8-9 MZ K,-11.96869,-77.06034
SISE SAN MIGUEL,4.25,1345206,ANGELES DE FATIMA SECUNDARIA,Privada,Privado,CALLAO,CALLAO,MZ E LOTE 7,-12.05482,-77.10704
SISE COMAS,2.16,1346675,SACO OLIVEROS APEIRON,Privada,Privado,CALLAO,CALLAO,AVENIDA SALAVERRY 300,-12.026927,-77.093075
SISE PUENTE PIEDRA,1.14,1346733,MARIA REYNA DE LA PAZ,Privada,Privado,LIMA,PUENTE PIEDRA,CALLE HUANCAYO 491,-11.87191,-77.08507
SISE VENTANILLA,4.74,1346733,MARIA REYNA DE LA PAZ,Privada,Privado,LIMA,PUENTE PIEDRA,CALLE HUANCAYO 491,-11.87191,-77.08507
SISE COMAS,2.34,1347475,MARIANNE FROSTIG,Privada,Privado,LIMA,SAN MARTIN DE PORRES,AVENIDA 12 DE OCTUBRE S/N MZ E LOTE 1 Y 2 ETAPA II,-11.994543,-77.093301
SISE INDEPENDENCIA,3.72,1347475,MARIANNE FROSTIG,Privada,Privado,LIMA,SAN MARTIN DE PORRES,AVENIDA 12 DE OCTUBRE S/N MZ E LOTE 1 Y 2 ETAPA II,-11.994543,-77.093301
SISE VILLA EL SALVADOR,1.77,1347467,BLAS PASCAL,Privada,Privado,LIMA,VILLA EL SALVADOR,PARQUE INDUSTRIAL PARCELA II MZ P LOTE 1-D,-12.2068,-76.93199
SISE CANTUARIAS,4.66,1348127,ILLARIY,Privada,Privado,LIMA,LINCE,AVENIDA GENERAL CESAR CANEVARO 1591,-12.08549,-77.04815
SISE SAN MIGUEL,3.23,1348127,ILLARIY,Privada,Privado,LIMA,LINCE,AVENIDA GENERAL CESAR CANEVARO 1591,-12.08549,-77.04815
SISE SANTA BEATRIZ,1.59,1348127,ILLARIY,Privada,Privado,LIMA,LINCE,AVENIDA GENERAL CESAR CANEVARO 1591,-12.08549,-77.04815
SISE SURCO,4.62,1349448,LOS INGENIEROS DE CHORRILLOS,Privada,Privado,LIMA,CHORRILLOS,AVENIDA DEFENSORES DEL MORRO 941,-12.17234,-77.02083
SISE COMAS,4.68,1349927,CRISTO MISERICORDIOSO,Privada,Privado,LIMA,SAN MARTIN DE PORRES,MZ D LOTE 20,-11.97243,-77.09636
SISE INDEPENDENCIA,4.49,1349927,CRISTO MISERICORDIOSO,Privada,Privado,LIMA,SAN MARTIN DE PORRES,MZ D LOTE 20,-11.97243,-77.09636
SISE SAN MIGUEL,1.51,1351428,TRILCE - MARANGA,Privada,Privado,LIMA,SAN MIGUEL,CALLE MARTIN DE MURUA 120,-12.07699,-77.09092
SISE SAN MIGUEL,4.94,1354091,SAN PATRICIO,Privada,Privado,CALLAO,BELLAVISTA,CALLE GRUMETE SATURNINO 145,-12.05824,-77.11706
SISE SAN MIGUEL,2.52,1354372,DIAS FELICES - VILLA NOVA,Privada,Privado,LIMA,SAN MIGUEL,AVENIDA ELMER FAUCETT Y H DE SOTO 201,-12.071757,-77.099034
SISE PUENTE PIEDRA,2.74,0778217,AUGUSTE RENOIR,Privada,Privado,LIMA,PUENTE PIEDRA,AVENIDA PRIMAVERA CON CALLE LOS LAURELES MZ B LOTE 2 3 5 SECTOR ZAPALLAL,-11.848057,-77.096704
SISE VENTANILLA,4.21,0778217,AUGUSTE RENOIR,Privada,Privado,LIMA,PUENTE PIEDRA,AVENIDA PRIMAVERA CON CALLE LOS LAURELES MZ B LOTE 2 3 5 SECTOR ZAPALLAL,-11.848057,-77.096704
SISE SAN JUAN DE LURIGANCHO,0.8,1354596,SANTA URSULA NAZARENA,Privada,Privado,LIMA,SAN JUAN DE LURIGANCHO,JIRON SAN FEDERICO 700-710,-12.02447,-77.00419
SISE SAN JUAN DE MIRAFLORES,2.65,1354794,PROLOG DE VILLA MARIA,Privada,Privado,LIMA,VILLA MARIA DEL TRIUNFO,AVENIDA VILLA MARIA DEL TRIUNFO 291,-12.16535,-76.94943
SISE SURCO,4.7,1354794,PROLOG DE VILLA MARIA,Privada,Privado,LIMA,VILLA MARIA DEL TRIUNFO,AVENIDA VILLA MARIA DEL TRIUNFO 291,-12.16535,-76.94943
SISE VILLA EL SALVADOR,3.21,1354794,PROLOG DE VILLA MARIA,Privada,Privado,LIMA,VILLA MARIA DEL TRIUNFO,AVENIDA VILLA MARIA DEL TRIUNFO 291,-12.16535,-76.94943
SISE VILLA EL SALVADOR,2.73,1355106,LA MERCED SUR,Privada,Privado,LIMA,VILLA EL SALVADOR,MZ VII LOTE 27 Y 28,-12.21396,-76.92667
SISE CANTUARIAS,0.91,1357102,COLLEGE SAN AGUSTIN,Privada,Privado,LIMA,MIRAFLORES,AVENIDA AREQUIPA 4821,-12.11395,-77.02963
SISE SANTA BEATRIZ,4.09,1357102,COLLEGE SAN AGUSTIN,Privada,Privado,LIMA,MIRAFLORES,AVENIDA AREQUIPA 4821,-12.11395,-77.02963
SISE SAN JUAN DE MIRAFLORES,0.63,1357615,NICOLAS COPERNICO,Privada,Privado,LIMA,SAN JUAN DE MIRAFLORES,AVENIDA PEDRO JOSE MIOTTA 318 ZONA B,-12.16207,-76.9678
SISE SURCO,2.82,1357615,NICOLAS COPERNICO,Privada,Privado,LIMA,SAN JUAN DE MIRAFLORES,AVENIDA PEDRO JOSE MIOTTA 318 ZONA B,-12.16207,-76.9678
SISE VILLA EL SALVADOR,4.67,1357615,NICOLAS COPERNICO,Privada,Privado,LIMA,SAN JUAN DE MIRAFLORES,AVENIDA PEDRO JOSE MIOTTA 318 ZONA B,-12.16207,-76.9678
SISE COMAS,2.93,1357771,RAFAEL MARISCAL QUINTANILLA-INDEPENDENCIA,Privada,Privado,LIMA,INDEPENDENCIA,CALLE MARCOS FARFAN 3266,-11.9996,-77.0568
SISE INDEPENDENCIA,1.08,1357771,RAFAEL MARISCAL QUINTANILLA-INDEPENDENCIA,Privada,Privado,LIMA,INDEPENDENCIA,CALLE MARCOS FARFAN 3266,-11.9996,-77.0568
SISE PUENTE PIEDRA,4.2,1358258,CONSORCIO EDUCATIVO AMERICA'S I,Privada,Privado,CALLAO,VENTANILLA,CALLE 16 MZ 52 LOTE 6,-11.874574,-77.115036
SISE VENTANILLA,1.57,1358258,CONSORCIO EDUCATIVO AMERICA'S I,Privada,Privado,CALLAO,VENTANILLA,CALLE 16 MZ 52 LOTE 6,-11.874574,-77.115036
SISE VENTANILLA,2.51,1358266,TRENTO,Privada,Privado,CALLAO,VENTANILLA,"MZ V LOTE 32,33 SECTOR III",-11.888839,-77.116488
SISE PUENTE PIEDRA,4.83,1358290,GARCILASO DE LA VEGA DE CARABAYLLO,Privada,Privado,LIMA,CARABAYLLO,CALLE 22 S/N MZ A2 LOTE 38-41,-11.88396,-77.03816
SISE COMAS,1.57,1358423,INGENIERIA DE CONDEVILLA,Privada,Privado,LIMA,SAN MARTIN DE PORRES,JIRON SALAVERRY 144 MZ M LOTE 26 ETAPA I,-12.02237,-77.09025
SISE INDEPENDENCIA,4.9,1358423,INGENIERIA DE CONDEVILLA,Privada,Privado,LIMA,SAN MARTIN DE PORRES,JIRON SALAVERRY 144 MZ M LOTE 26 ETAPA I,-12.02237,-77.09025
SISE ATE,3.22,1358936,WILLIAM SHAKESPEARE DE CARAPONGO,Privada,Privado,LIMA,LURIGANCHO,SAN ANTONIO DE CARAPONGO VIII ETAPA MZ ¥1 LOTE 23,-12.00502,-76.87543
SISE SAN JUAN DE LURIGANCHO,1.9,1360957,INGENIERIA DE SAN JUAN DE LURIGANCHO,Privada,Privado,LIMA,SAN JUAN DE LURIGANCHO,JIRON HARAVICUS 301 MZ H LOTE 06,-12.02525,-76.98888
SISE SAN JUAN DE LURIGANCHO,4.2,1361302,MARIA DE LA MERCED,Privada,Privado,LIMA,SAN JUAN DE LURIGANCHO,CALLE 16 Y CALLE REAL MZ D LOTE 15,-12.01812,-76.9657
SISE SAN JUAN DE MIRAFLORES,2.31,1361419,FELIPE PARDO Y ALIAGA,Privada,Privado,LIMA,SAN JUAN DE MIRAFLORES,MZ N-5 LOTE 16,-12.14265,-76.96257
SISE SURCO,2.78,1361419,FELIPE PARDO Y ALIAGA,Privada,Privado,LIMA,SAN JUAN DE MIRAFLORES,MZ N-5 LOTE 16,-12.14265,-76.96257
SISE VILLA EL SALVADOR,4.47,1361633,SAN IGNACIO DE LOYOLA,Privada,Privado,LIMA,VILLA EL SALVADOR,AVENIDA PASTOR SEVILLA MZ C LOTE 3-4 SECTOR 3,-12.23192,-76.93656
SISE ATE,3.09,1361815,PACIFICO,Privada,Privado,LIMA,ATE,MZ Q LOTE 3-5 Y 34-37,-12.03653,-76.92356
SISE VILLA EL SALVADOR,3.23,1362169,MARKHAM,Privada,Privado,LIMA,VILLA EL SALVADOR,AVENIDA SEPARADORA INDUSTRIAL MZ S LOTE 35 ETAPA IV SECTOR 1,-12.21859,-76.92611
SISE SAN JUAN DE MIRAFLORES,0.99,1362177,INGENIERIA CIUDAD DE DIOS I,Privada,Privado,LIMA,SAN JUAN DE MIRAFLORES,JIRON REYNALDO DE VIVANCO 116,-12.15424,-76.96685
SISE SURCO,2.47,1362177,INGENIERIA CIUDAD DE DIOS I,Privada,Privado,LIMA,SAN JUAN DE MIRAFLORES,JIRON REYNALDO DE VIVANCO 116,-12.15424,-76.96685
SISE COMAS,4.7,1362250,SAN IGNACIO ALFA Y OMEGA,Privada,Privado,CALLAO,CALLAO,JIRON IQUITOS MZ D2 LOTE 16,-12.04445,-77.10808
SISE INDEPENDENCIA,4.99,1362318,CRUZ SACO DE SANTA LUZMILA,Privada,Privado,LIMA,COMAS,JIRON GREGORIO PAREDES Y HR A GAMARRA MZ C4 LOTE 10,-11.9454,-77.05842
SISE SAN JUAN DE LURIGANCHO,1.48,1362615,GUSTAVO ADOLFO BECQUER I,Privada,Privado,LIMA,SAN JUAN DE LURIGANCHO,AVENIDA LIMA S/N,-12.02583,-77.01481
SISE SAN JUAN DE LURIGANCHO,1.98,1363050,DIEGO THOMSON,Privada,Privado,LIMA,SAN JUAN DE LURIGANCHO,AVENIDA LOS JARDINES ESTE 941-943,-12.00216,-76.99475
SISE CANTUARIAS,1.99,1491257,PEAD UNIDOS,Privada,Privado,LIMA,SURQUILLO,AVENIDA LAS TIENDAS 237,-12.1038,-77.02127
SISE SANTA BEATRIZ,3.31,1491257,PEAD UNIDOS,Privada,Privado,LIMA,SURQUILLO,AVENIDA LAS TIENDAS 237,-12.1038,-77.02127
SISE COMAS,2.09,1363191,PASOS ADELANTE,Privada,Privado,LIMA,SAN MARTIN DE PORRES,JIRON PASCO 3124,-12.03048,-77.07964
SISE INDEPENDENCIA,4.99,1363191,PASOS ADELANTE,Privada,Privado,LIMA,SAN MARTIN DE PORRES,JIRON PASCO 3124,-12.03048,-77.07964
SISE VENTANILLA,3.9,1363522,EVARISTE GALOIS,Privada,Privado,CALLAO,VENTANILLA,JIRON HURIN CUZCO MZ C LOTE 1,-11.83892,-77.14585
SISE COMAS,4.03,1364512,DA VINCI,Privada,Privado,LIMA,LOS OLIVOS,MZ B LOTE 02-03-04,-11.9761,-77.0737
SISE INDEPENDENCIA,2.22,1364512,DA VINCI,Privada,Privado,LIMA,LOS OLIVOS,MZ B LOTE 02-03-04,-11.9761,-77.0737
SISE VENTANILLA,1.15,1364959,ARTURO PADILLA ESPINOZA,Privada,Privado,CALLAO,MI PERU,AVENIDA REVOLUCION 2494 MZ I LOTE 15,-11.86003,-77.124549
SISE VENTANILLA,3.24,1364975,5142 VIRGEN DE GUADALUPE,P£blica de gesti¢n directa,Público,CALLAO,VENTANILLA,MZ C LOTE 01,-11.8425,-77.1395
SISE COMAS,4.3,1367416,MATEMATICO SD LA ENSENADA,Privada,Privado,LIMA,INDEPENDENCIA,AVENIDA 17 DE NOVIEMBRE 816,-11.991158,-77.047242
SISE INDEPENDENCIA,1.32,1367416,MATEMATICO SD LA ENSENADA,Privada,Privado,LIMA,INDEPENDENCIA,AVENIDA 17 DE NOVIEMBRE 816,-11.991158,-77.047242
SISE ATE,1.94,1367440,CIENTIFICO MATEMATICO CIRCULO GALOIS,Privada,Privado,LIMA,ATE,CALLE 7 MZ B LOTE 1,-12.02488,-76.91787
SISE VILLA EL SALVADOR,4.13,1367986,MARIA MONTESSORI,Privada,Privado,LIMA,VILLA MARIA DEL TRIUNFO,JIRON MARA¥ON,-12.21411,-76.90712
SISE INDEPENDENCIA,3.73,1367796,EL NAZARENO MILAGROSO,Privada,Privado,LIMA,LOS OLIVOS,MZ L LOTE 8-9,-11.96548,-77.08252
SISE INDEPENDENCIA,4.29,1368034,DIEGO THOMSON,Privada,Privado,LIMA,COMAS,JIRON PERU 475,-11.95626,-77.04067
SISE SAN JUAN DE LURIGANCHO,4.26,1368109,HANS CHRISTIAN ANDERSON,Privada,Privado,LIMA,SAN JUAN DE LURIGANCHO,CALLE REAL MZ C LOTE 3,-12.01912,-76.96523
SISE SAN JUAN DE LURIGANCHO,4.24,1368117,SANTA ISABEL,Privada,Privado,LIMA,EL AGUSTINO,AVENIDA LOS ANEDES 436 ZONA IV,-12.055367,-77.002077
SISE SANTA BEATRIZ,4.44,1368117,SANTA ISABEL,Privada,Privado,LIMA,EL AGUSTINO,AVENIDA LOS ANEDES 436 ZONA IV,-12.055367,-77.002077
SISE VENTANILLA,2.52,1369412,AMERICAN SCHOOL,Privada,Privado,CALLAO,VENTANILLA,AVENIDA VILCASHUAMAN MZ K LOTE 14 SECTOR IV,-11.851261,-77.142206
SISE SAN JUAN DE MIRAFLORES,4.75,1369461,HENDRIK ANTOON LORENTZ,Privada,Privado,LIMA,VILLA MARIA DEL TRIUNFO,PASAJE CHILETE 183,-12.18539,-76.93778
SISE VILLA EL SALVADOR,0.71,1369461,HENDRIK ANTOON LORENTZ,Privada,Privado,LIMA,VILLA MARIA DEL TRIUNFO,PASAJE CHILETE 183,-12.18539,-76.93778
SISE SAN JUAN DE LURIGANCHO,1.04,1370303,LA ALEGRIA DE JESUS,Privada,Privado,LIMA,SAN JUAN DE LURIGANCHO,JIRON LOS AMAUTAS 698,-12.0263,-77.00178
SISE VILLA EL SALVADOR,3.58,1370584,EL MUNDO NUEVO DE VILLA,Privada,Privado,LIMA,VILLA EL SALVADOR,MZ M LOTE 18 SECTOR 6,-12.2216,-76.94977
SISE ATE,0.52,1370949,SANTA LUISA DE MARILLAC II,Privada,Privado,LIMA,ATE,CALLE ANTONIO UMARU MZ E LOTE 06,-12.024298,-76.90241
SISE COMAS,2.47,1369677,UNIVERSO SCHOOL,Privada,Privado,LIMA,SAN MARTIN DE PORRES,JIRON PINAR DEL RIO 2615,-12.03302,-77.07437
SISE SAN MIGUEL,1.7,1371970,SAINT CAMILAS SCHOOL,Privada,Privado,LIMA,MAGDALENA DEL MAR,AVENIDA BRASIL 3365,-12.09059,-77.06631
SISE SANTA BEATRIZ,3.6,1371970,SAINT CAMILAS SCHOOL,Privada,Privado,LIMA,MAGDALENA DEL MAR,AVENIDA BRASIL 3365,-12.09059,-77.06631
SISE COMAS,3.36,1372150,UNIVERSIA DE S.M.P.,Privada,Privado,LIMA,SAN MARTIN DE PORRES,AVENIDA LOS DOMINICOS S/N MZ K LOTE 2-3-4,-11.993567,-77.1055
SISE INDEPENDENCIA,2.33,1372655,NUESTRA SE¥ORA DE MONSERRAT DE COMAS,Privada,Privado,LIMA,COMAS,CALLE 21 308,-11.96929,-77.06027
SISE SAN MIGUEL,3.37,1372614,MIS A¥OS INOLVIDABLES,Privada,Privado,LIMA,BRE¥A,JIRON CENTENARIO 357,-12.06502,-77.05017
SISE SANTA BEATRIZ,2.09,1372614,MIS A¥OS INOLVIDABLES,Privada,Privado,LIMA,BRE¥A,JIRON CENTENARIO 357,-12.06502,-77.05017
SISE SAN MIGUEL,0.63,1373547,TRENTO ESCARDO,Privada,Privado,LIMA,SAN MIGUEL,JIRON PROLONGACION AYACUCHO 334,-12.08513,-77.07564
SISE SANTA BEATRIZ,4.4,1373547,TRENTO ESCARDO,Privada,Privado,LIMA,SAN MIGUEL,JIRON PROLONGACION AYACUCHO 334,-12.08513,-77.07564
SISE COMAS,3.21,1375021,MARIA REINA DE LA ESPERANZA,Privada,Privado,CALLAO,CALLAO,AVENIDA COLECTORA MZ H LOTE 11,-12.0022,-77.10862
SISE ATE,3.2,1375252,CRUZ SACO DE CARAPONGO,Privada,Privado,LIMA,LURIGANCHO,AVENIDA 2 MZ H-1 LOTE 28-29,-12.00398,-76.87629
SISE COMAS,0.59,1375872,DOMINGO SAVIO DE SAN MARTIN I,Privada,Privado,LIMA,SAN MARTIN DE PORRES,"MZ X LOTE 1,11,12",-12.01649,-77.0832
SISE INDEPENDENCIA,3.9,1375872,DOMINGO SAVIO DE SAN MARTIN I,Privada,Privado,LIMA,SAN MARTIN DE PORRES,"MZ X LOTE 1,11,12",-12.01649,-77.0832
SISE SAN JUAN DE MIRAFLORES,4.65,1376854,FE Y ALEGRIA 65,P£blica de gesti¢n privada,Privado,LIMA,SAN JUAN DE MIRAFLORES,EL MIRADOR II S/N,-12.12732,-76.94741
SISE SURCO,4.87,1376854,FE Y ALEGRIA 65,P£blica de gesti¢n privada,Privado,LIMA,SAN JUAN DE MIRAFLORES,EL MIRADOR II S/N,-12.12732,-76.94741
SISE SAN JUAN DE LURIGANCHO,4.88,1376870,DIVINO SALVADOR,Privada,Privado,LIMA,LIMA,JIRON CAILLOMA 574,-12.048324,-77.036009
SISE SANTA BEATRIZ,3.26,1376870,DIVINO SALVADOR,Privada,Privado,LIMA,LIMA,JIRON CAILLOMA 574,-12.048324,-77.036009
SISE COMAS,1.81,1378595,CARDANO VIETE INGENIEROS,Privada,Privado,LIMA,SAN MARTIN DE PORRES,MZ D LOTE 37-38,-11.99788,-77.08956
SISE INDEPENDENCIA,3.39,1378595,CARDANO VIETE INGENIEROS,Privada,Privado,LIMA,SAN MARTIN DE PORRES,MZ D LOTE 37-38,-11.99788,-77.08956
SISE VILLA EL SALVADOR,1.68,1378991,NI¥O JESUCITO,Privada,Privado,LIMA,VILLA MARIA DEL TRIUNFO,INCA ROCA S/N MZ 10S LOTE 10A ZONA NUEVA,-12.18609,-76.92311
SISE VILLA EL SALVADOR,3.88,1380484,JESUS DE NAZARETH,Privada,Privado,LIMA,VILLA EL SALVADOR,MZ F LOTE 12-13-14 SECTOR 6,-12.22437,-76.95014
SISE INDEPENDENCIA,4.46,1380393,SAN MIGUEL ARCANGEL,Privada,Privado,LIMA,SAN MARTIN DE PORRES,CALLE YURUMAYO MZ I LOTE 3,-11.960267,-77.086567
SISE SAN JUAN DE LURIGANCHO,4.84,1384676,CESAR VALLEJO DE LAS PRADERAS,Privada,Privado,LIMA,SANTA ANITA,JIRON LAS MORAS S/N MZ F LOTE 8-33-34,-12.0329,-76.96281
SISE SAN JUAN DE MIRAFLORES,4.49,1385525,CESAR VALLEJO DE VILLA HIGH SCHOOL,Privada,Privado,LIMA,VILLA MARIA DEL TRIUNFO,AVENIDA 7 DE JUNIO 935 MZ 50 LOTE 17,-12.17221,-76.93382
SISE VILLA EL SALVADOR,2.21,1385525,CESAR VALLEJO DE VILLA HIGH SCHOOL,Privada,Privado,LIMA,VILLA MARIA DEL TRIUNFO,AVENIDA 7 DE JUNIO 935 MZ 50 LOTE 17,-12.17221,-76.93382
SISE VENTANILLA,2.37,1388248,CORAZON DE SANTA MARIA,Privada,Privado,CALLAO,VENTANILLA,"SECTOR F BARRIO XII GRG MZ G LOTE 01, 18,19, SECTOR F",-11.853539,-77.142888
SISE SAN JUAN DE MIRAFLORES,1.89,1388875,GALENO LIMA SUR,Privada,Privado,LIMA,VILLA MARIA DEL TRIUNFO,CALLE SAN ANTONIO 174,-12.15804,-76.95619
SISE SURCO,3.7,1388875,GALENO LIMA SUR,Privada,Privado,LIMA,VILLA MARIA DEL TRIUNFO,CALLE SAN ANTONIO 174,-12.15804,-76.95619
SISE VILLA EL SALVADOR,4.27,1388875,GALENO LIMA SUR,Privada,Privado,LIMA,VILLA MARIA DEL TRIUNFO,CALLE SAN ANTONIO 174,-12.15804,-76.95619
SISE SAN MIGUEL,4.46,1389857,NUESTRA SE¥ORA DEL BUEN CONSEJO,Privada,Privado,LIMA,BRE¥A,JIRON POMABAMBA 612,-12.05119,-77.04844
SISE SANTA BEATRIZ,3.25,1389857,NUESTRA SE¥ORA DEL BUEN CONSEJO,Privada,Privado,LIMA,BRE¥A,JIRON POMABAMBA 612,-12.05119,-77.04844
SISE VENTANILLA,3.51,1390251,NUESTRA SE¥ORA DE GUADALUPE DE PACHACUTEC,Privada,Privado,CALLAO,VENTANILLA,AVENIDA 200 MILLAS MZ B SECTOR F,-11.841057,-77.14225
SISE CANTUARIAS,1.57,1390301,SANTA MARIA JOSEFA ROSSELLO,Privada,Privado,LIMA,SURQUILLO,AVENIDA VICTOR ALZAMORA 326,-12.11549,-77.01242
SISE SANTA BEATRIZ,4.92,1390301,SANTA MARIA JOSEFA ROSSELLO,Privada,Privado,LIMA,SURQUILLO,AVENIDA VICTOR ALZAMORA 326,-12.11549,-77.01242
SISE SURCO,4.32,1390301,SANTA MARIA JOSEFA ROSSELLO,Privada,Privado,LIMA,SURQUILLO,AVENIDA VICTOR ALZAMORA 326,-12.11549,-77.01242
SISE SAN JUAN DE MIRAFLORES,4.5,1390939,MARIA INMACULADA,Privada,Privado,LIMA,CHORRILLOS,MZ E-11 LOTE 01,-12.19793,-76.98921
SISE COMAS,3.84,1391325,LEONARDO FIBONACCI,Privada,Privado,LIMA,SAN MARTIN DE PORRES,JIRON ALBERTO ABERD 624 ETAPA I SECTOR ZARUMILLA ALTA,-12.03045,-77.05115
SISE INDEPENDENCIA,4.56,1391325,LEONARDO FIBONACCI,Privada,Privado,LIMA,SAN MARTIN DE PORRES,JIRON ALBERTO ABERD 624 ETAPA I SECTOR ZARUMILLA ALTA,-12.03045,-77.05115
SISE COMAS,2.9,1391291,CAMBRIDGE COLLEGE,Privada,Privado,LIMA,SAN MARTIN DE PORRES,JIRON VILLA HERMOSA 197,-12.001196,-77.05638
SISE INDEPENDENCIA,1.26,1391291,CAMBRIDGE COLLEGE,Privada,Privado,LIMA,SAN MARTIN DE PORRES,JIRON VILLA HERMOSA 197,-12.001196,-77.05638
SISE VENTANILLA,4.43,1392570,ROSA DE AMERICA,Privada,Privado,CALLAO,VENTANILLA,CALLE 21 MZ A LOTE 2-6-7-8 SECTOR II,-11.83002,-77.1243
SISE ATE,4.69,1392810,TECHNOLOGY SCHOOLS METROPOLITANA,Privada,Privado,LIMA,ATE,AVENIDA METROPOLITANA S/N MZ P LOTE 7,-12.03317,-76.9417
SISE INDEPENDENCIA,4.24,1392893,SONIA AMADOR JAIME II,Privada,Privado,LIMA,COMAS,JIRON PUNO 247,-11.95313,-77.05053
SISE COMAS,3.72,1395219,NUESTRA SE¥ORA DE LAS MERCEDES,Privada,Privado,LIMA,LOS OLIVOS,AVENIDA NARANJAL 1083,-11.9786,-77.0761
SISE INDEPENDENCIA,2.23,1395219,NUESTRA SE¥ORA DE LAS MERCEDES,Privada,Privado,LIMA,LOS OLIVOS,AVENIDA NARANJAL 1083,-11.9786,-77.0761
SISE SAN JUAN DE MIRAFLORES,2.67,1397231,CRISTO SEMBRADOR,Privada,Privado,LIMA,SAN JUAN DE MIRAFLORES,MZ A10 LOTE 28,-12.13875,-76.96307
SISE SURCO,2.82,1397231,CRISTO SEMBRADOR,Privada,Privado,LIMA,SAN JUAN DE MIRAFLORES,MZ A10 LOTE 28,-12.13875,-76.96307
SISE VILLA EL SALVADOR,2.06,1399740,PERUANO BRITANICO,Privada,Privado,LIMA,VILLA EL SALVADOR,MZ L LOTE 13,-12.21004,-76.9344
SISE ATE,2.43,1399898,ANDINO,Privada,Privado,LIMA,ATE,"VILLA FRANCIA MZ A LOTE 39, 40, 05",-12.020981,-76.878487
SISE COMAS,4.31,1401918,TRENTO COLONIAL,Privada,Privado,LIMA,LIMA,AVENIDA OSCAR R. BENAVIDES / EX- COLONIAL 2443,-12.04977,-77.07341
SISE SAN MIGUEL,3.35,1401918,TRENTO COLONIAL,Privada,Privado,LIMA,LIMA,AVENIDA OSCAR R. BENAVIDES / EX- COLONIAL 2443,-12.04977,-77.07341
SISE VENTANILLA,3.35,1401801,UNION Y PORVENIR,Privada,Privado,CALLAO,VENTANILLA,AVENIDA LOS PINOS MZ M LOTE 5-6-7-8-9,-11.840062,-77.122462
SISE SAN JUAN DE LURIGANCHO,3.34,1402064,LIDER INGENIEROS UNI,Privada,Privado,LIMA,SAN JUAN DE LURIGANCHO,AVENIDA PROCERES DE LA INDEPENDENCIA MZ N-1 LOTE 4-A1 Y 4,-12.01885,-76.97371
SISE ATE,3.86,1403799,EL TUNGSTENO,Privada,Privado,LIMA,ATE,MZ M LOTE 4 ETAPA I,-12.03488,-76.93282
SISE COMAS,1.11,1407337,MAESTRO DIVINO DE CONDEVILLA,Privada,Privado,LIMA,SAN MARTIN DE PORRES,JIRON JOSE DE MENDIBURO Y BONET 101,-12.021,-77.0846
SISE INDEPENDENCIA,4.38,1407337,MAESTRO DIVINO DE CONDEVILLA,Privada,Privado,LIMA,SAN MARTIN DE PORRES,JIRON JOSE DE MENDIBURO Y BONET 101,-12.021,-77.0846
SISE SAN JUAN DE LURIGANCHO,4.35,1408152,CRISTO REDENTOR,Privada,Privado,LIMA,EL AGUSTINO,JIRON SIMON BOLIVAR S/N MZ D LOTE 12 - 13,-12.05627,-77.00747
SISE SANTA BEATRIZ,3.9,1408152,CRISTO REDENTOR,Privada,Privado,LIMA,EL AGUSTINO,JIRON SIMON BOLIVAR S/N MZ D LOTE 12 - 13,-12.05627,-77.00747
SISE PUENTE PIEDRA,1.45,1412790,SEYMOUR BRUNER,Privada,Privado,LIMA,PUENTE PIEDRA,MZ F LOTE 2,-11.85151,-77.0795
SISE SANTA BEATRIZ,3.63,1411438,0083 SAN JUAN MACIAS,P£blica de gesti¢n directa,Público,LIMA,SAN LUIS,JIRON RIO PIURA 201,-12.07776,-77.002565
SISE SAN MIGUEL,3.47,1412626,TALENTOS,Privada,Privado,CALLAO,BELLAVISTA,CALLE LOS TIPAS 181,-12.05961,-77.1017
SISE COMAS,3.02,1412683,MADRE TERESA DE LA PAZ,Privada,Privado,LIMA,SAN MARTIN DE PORRES,AVENIDA LOS DOMINICOS CUADRA 26 MZ A LOTE 7,-11.99635,-77.10367
SISE INDEPENDENCIA,4.87,1412683,MADRE TERESA DE LA PAZ,Privada,Privado,LIMA,SAN MARTIN DE PORRES,AVENIDA LOS DOMINICOS CUADRA 26 MZ A LOTE 7,-11.99635,-77.10367
SISE SAN MIGUEL,3.0,1412691,PAMER,Privada,Privado,LIMA,JESUS MARIA,AVENIDA REPUBLICA DE CHILE 498,-12.071433,-77.051048
SISE SANTA BEATRIZ,1.79,1412691,PAMER,Privada,Privado,LIMA,JESUS MARIA,AVENIDA REPUBLICA DE CHILE 498,-12.071433,-77.051048
SISE PUENTE PIEDRA,0.51,1412774,MATEMATICO PASCUAL SACO,Privada,Privado,LIMA,PUENTE PIEDRA,CALLE ROLLING THORNE MZ E LOTE 03-04,-11.86771,-77.07453
SISE PUENTE PIEDRA,1.62,1412725,CIENCIAS SIGLO XXI,Privada,Privado,LIMA,PUENTE PIEDRA,AVENIDA SAN LORENZO MZ A2 LOTE 13 14,-11.85549,-77.06611
SISE ATE,0.49,1413889,FRANCIS SCHAEFFER,Privada,Privado,LIMA,ATE,CALLE LOS RUISE¥ORES MZ A LOTE 10,-12.02425,-76.90161
SISE SAN JUAN DE LURIGANCHO,4.08,1414135,SCHOOL TALENTUS CRISTY,Privada,Privado,LIMA,SAN JUAN DE LURIGANCHO,AVENIDA CANTO GRANDE MZ H LOTE 15,-11.98162,-77.01303
SISE SAN JUAN DE LURIGANCHO,2.84,1414077,AUGUSTO N. WISSE,Privada,Privado,LIMA,EL AGUSTINO,CALLE TUNAS 274,-12.03869,-76.99016
SISE SAN JUAN DE LURIGANCHO,1.91,1414127,SANTA RITA,Privada,Privado,LIMA,EL AGUSTINO,AVENIDA BOSQUE HUANCA 940 MZ H LOTE 8 ETAPA I,-12.03323,-76.99779
SISE SAN JUAN DE LURIGANCHO,2.39,1414069,APOSTOL EUSEBIO MENARD,Privada,Privado,LIMA,SAN JUAN DE LURIGANCHO,JIRON LAS OXALIDAS 2131,-11.99686,-77.01121
SISE VILLA EL SALVADOR,5.0,1415231,REINA CARMELITA,Privada,Privado,LIMA,VILLA MARIA DEL TRIUNFO,AVENIDA MIGUEL GRAU PARCELA B 200 MZ 180 LOTE 1,-12.22586,-76.9075
SISE SAN MIGUEL,3.36,1415280,LEADERSHIP SCHOOL,Privada,Privado,LIMA,JESUS MARIA,AVENIDA GENERAL GARZON 1007,-12.07027,-77.04788
SISE SANTA BEATRIZ,1.54,1415280,LEADERSHIP SCHOOL,Privada,Privado,LIMA,JESUS MARIA,AVENIDA GENERAL GARZON 1007,-12.07027,-77.04788
SISE SAN JUAN DE LURIGANCHO,3.68,1416742,ANGELES DE LA PAZ II,Privada,Privado,LIMA,SAN JUAN DE LURIGANCHO,AVENIDA SANTA ROSA 968,-11.98538,-76.99519
SISE COMAS,4.95,1420660,CRISTO REY DE REYES,Privada,Privado,LIMA,LOS OLIVOS,AVENIDA MIRAFLORES S/N MZ Q LOTE 11-12 ETAPA II,-11.9672,-77.082033
SISE INDEPENDENCIA,3.56,1420660,CRISTO REY DE REYES,Privada,Privado,LIMA,LOS OLIVOS,AVENIDA MIRAFLORES S/N MZ Q LOTE 11-12 ETAPA II,-11.9672,-77.082033
SISE SAN JUAN DE LURIGANCHO,4.82,1420694,APOSTOL SAN PEDRO,Privada,Privado,LIMA,SAN LUIS,AVENIDA GARCILASO DE LA VEGA 300,-12.0606,-77.00385
SISE SANTA BEATRIZ,3.97,1420694,APOSTOL SAN PEDRO,Privada,Privado,LIMA,SAN LUIS,AVENIDA GARCILASO DE LA VEGA 300,-12.0606,-77.00385
SISE SAN MIGUEL,1.19,1422666,PAMER - MAGDALENA DEL MAR,Privada,Privado,LIMA,MAGDALENA DEL MAR,AVENIDA SUCRE 1472-1474-1476,-12.08541,-77.06803
SISE SANTA BEATRIZ,3.6,1422666,PAMER - MAGDALENA DEL MAR,Privada,Privado,LIMA,MAGDALENA DEL MAR,AVENIDA SUCRE 1472-1474-1476,-12.08541,-77.06803
SISE VILLA EL SALVADOR,4.06,1423474,SANTA ROSA PURISIMA,Privada,Privado,LIMA,VILLA EL SALVADOR,GR 23A MZ D LOTE 7 Y 8,-12.2282,-76.93508
SISE SAN JUAN DE MIRAFLORES,3.46,1423433,CRISTINA BEATRIZ,Privada,Privado,LIMA,SAN JUAN DE MIRAFLORES,AVENIDA PROLONGACION GABRIEL TORRES,-12.13243,-76.95966
SISE SURCO,3.42,1423433,CRISTINA BEATRIZ,Privada,Privado,LIMA,SAN JUAN DE MIRAFLORES,AVENIDA PROLONGACION GABRIEL TORRES,-12.13243,-76.95966
SISE VILLA EL SALVADOR,1.57,1423607,SCHILLER GOETHE,Privada,Privado,LIMA,VILLA MARIA DEL TRIUNFO,JIRON ELIAS AGUIRRE 525 MZ 6 LOTE 14,-12.18145,-76.92755
SISE SAN JUAN DE MIRAFLORES,2.89,1423920,AMERICA SIGLO XXI,Privada,Privado,LIMA,SAN JUAN DE MIRAFLORES,MZ R LOTE 22,-12.18635,-76.97633
SISE SURCO,4.66,1423920,AMERICA SIGLO XXI,Privada,Privado,LIMA,SAN JUAN DE MIRAFLORES,MZ R LOTE 22,-12.18635,-76.97633
SISE VILLA EL SALVADOR,4.27,1423920,AMERICA SIGLO XXI,Privada,Privado,LIMA,SAN JUAN DE MIRAFLORES,MZ R LOTE 22,-12.18635,-76.97633
SISE SAN JUAN DE MIRAFLORES,3.58,1424431,LOS INGENIEROS DE MATELLINI,Privada,Privado,LIMA,CHORRILLOS,AVENIDA LAS GAVIOTAS Y CALLE LOS GORRIONES 688 - 698,-12.1745,-77.00303
SISE SURCO,3.57,1424431,LOS INGENIEROS DE MATELLINI,Privada,Privado,LIMA,CHORRILLOS,AVENIDA LAS GAVIOTAS Y CALLE LOS GORRIONES 688 - 698,-12.1745,-77.00303
SISE SANTA BEATRIZ,4.52,1424423,MONTESSORI HOME SCHOOL,Privada,Privado,LIMA,SAN LUIS,CALLE TORRES GONZALES 158,-12.07415,-76.99447
SISE SAN MIGUEL,4.36,1426055,ALBERT EINSTEIN - BRE¥A,Privada,Privado,LIMA,BRE¥A,AVENIDA BOLIVIA ESQUINA CON JR. HURAZ 565-567 678,-12.056378,-77.045009
SISE SANTA BEATRIZ,2.57,1426055,ALBERT EINSTEIN - BRE¥A,Privada,Privado,LIMA,BRE¥A,AVENIDA BOLIVIA ESQUINA CON JR. HURAZ 565-567 678,-12.056378,-77.045009
SISE VILLA EL SALVADOR,3.66,1432194,CONTINENTAL,Privada,Privado,LIMA,VILLA MARIA DEL TRIUNFO,AVENIDA LIMA 297,-12.20536,-76.90678
SISE VENTANILLA,4.77,1432814,ARQUIMEDES DE PUENTE PIEDRA,Privada,Privado,LIMA,PUENTE PIEDRA,MZ A LOTE 3-5,-11.82953,-77.113
SISE ATE,0.78,1433457,SANTA ROSA DE HUACHIPA,Privada,Privado,LIMA,LURIGANCHO,AVENIDA CIRCUNVALACION S/N MZ K LOTE 7,-12.01359,-76.90403
SISE COMAS,1.63,1434885,FRIEDERICH GAUSS,Privada,Privado,CALLAO,CALLAO,CALLE 39 MZ B1 LOTE 12 ETAPA I,-12.01041,-77.0957
SISE INDEPENDENCIA,4.54,1434885,FRIEDERICH GAUSS,Privada,Privado,CALLAO,CALLAO,CALLE 39 MZ B1 LOTE 12 ETAPA I,-12.01041,-77.0957
SISE SAN JUAN DE MIRAFLORES,4.77,1435031,LUDWING VON MISSES,Privada,Privado,LIMA,VILLA EL SALVADOR,AVENIDA CENTRAL Y CALLE 3 MZ E LOTE 13 SECTOR 1,-12.19363,-76.94545
SISE VILLA EL SALVADOR,0.89,1435031,LUDWING VON MISSES,Privada,Privado,LIMA,VILLA EL SALVADOR,AVENIDA CENTRAL Y CALLE 3 MZ E LOTE 13 SECTOR 1,-12.19363,-76.94545
SISE VILLA EL SALVADOR,1.57,1435049,VILLA ESPERANZA,Privada,Privado,LIMA,VILLA MARIA DEL TRIUNFO,AVENIDA 27 DE DICIEMBRE 1358 MZ 8-R LOTE 11,-12.18731,-76.92375
SISE ATE,1.9,1435908,DISCOVERY,Privada,Privado,LIMA,ATE,MZ H LOTE 12 Y 13,-12.01351,-76.88464
SISE SAN MIGUEL,4.26,1435825,JEAN PIAGET,Privada,Privado,LIMA,JESUS MARIA,JIRON MAXIMO ABRIL 513 - 525,-12.07056,-77.03921
SISE SANTA BEATRIZ,0.87,1435825,JEAN PIAGET,Privada,Privado,LIMA,JESUS MARIA,JIRON MAXIMO ABRIL 513 - 525,-12.07056,-77.03921
SISE VENTANILLA,0.8,1438001,ALTERNATIVO TALENTOS,Privada,Privado,CALLAO,VENTANILLA,CALLE 6 MZ 23 LOTE 15-18,-11.874734,-77.123366
SISE VENTANILLA,4.75,1438035,ESCUELA HOGAR COMUNITARIA REGIONAL SAGRADA FAMILIA,P£blica de gesti¢n privada,Privado,CALLAO,VENTANILLA,AVENIDA PACHACUTEC Y JR. LOS FAISANES MZ U1 LOTE 9,-11.827007,-77.131846
SISE VILLA EL SALVADOR,4.7,1440981,LA ENCANTADA DE VILLA,Privada,Privado,LIMA,VILLA EL SALVADOR,GRUPO 2 MZ I LOTE 01,-12.23293,-76.94734
SISE SAN MIGUEL,4.65,1441005,DANTE ALIGHIERI,Privada,Privado,LIMA,LIMA,AVENIDA PETIT THOUARS 1090,-12.0753,-77.03477
SISE SANTA BEATRIZ,0.29,1441005,DANTE ALIGHIERI,Privada,Privado,LIMA,LIMA,AVENIDA PETIT THOUARS 1090,-12.0753,-77.03477
SISE SAN MIGUEL,4.4,1441013,SAN FRANCISCO DE ASIS DE BRE¥A,Privada,Privado,LIMA,BRE¥A,AVENIDA BOLIVIA 697,-12.05655,-77.0445
SISE SANTA BEATRIZ,2.53,1441013,SAN FRANCISCO DE ASIS DE BRE¥A,Privada,Privado,LIMA,BRE¥A,AVENIDA BOLIVIA 697,-12.05655,-77.0445
SISE COMAS,1.92,1441245,ABRAHAM VALDELOMAR,Privada,Privado,LIMA,SAN MARTIN DE PORRES,AVENIDA VICTOR RAUL HAYA DE LA TORRE S/N MZ C LOTE 62,-11.99826,-77.09182
SISE INDEPENDENCIA,3.64,1441245,ABRAHAM VALDELOMAR,Privada,Privado,LIMA,SAN MARTIN DE PORRES,AVENIDA VICTOR RAUL HAYA DE LA TORRE S/N MZ C LOTE 62,-11.99826,-77.09182
SISE CANTUARIAS,2.23,1441690,SANTO GRIAL,Privada,Privado,LIMA,SURQUILLO,JIRON OCTAVIO PAZ 187-189,-12.1145,-77.00634
SISE SURCO,4.04,1441690,SANTO GRIAL,Privada,Privado,LIMA,SURQUILLO,JIRON OCTAVIO PAZ 187-189,-12.1145,-77.00634
SISE SAN JUAN DE MIRAFLORES,2.78,1441708,FLOR DE ORO,Privada,Privado,LIMA,CHORRILLOS,AVENIDA GUARDIA CIVIL S/N MZ B-1 LOTE 05,-12.17519,-76.99406
SISE SURCO,3.31,1441708,FLOR DE ORO,Privada,Privado,LIMA,CHORRILLOS,AVENIDA GUARDIA CIVIL S/N MZ B-1 LOTE 05,-12.17519,-76.99406
SISE PUENTE PIEDRA,4.42,1442359,DIVINO CORAZON DE JESUS,Privada,Privado,LIMA,PUENTE PIEDRA,MZ B LOTE 1-2,-11.90285,-77.06721
SISE SAN JUAN DE LURIGANCHO,3.66,1442854,SUDAMERICANO,Privada,Privado,LIMA,SAN JUAN DE LURIGANCHO,MZ B1 LOTE 12,-12.0212,-76.97091
SISE ATE,1.69,1452788,LAS AMERICAS DE ATE,Privada,Privado,LIMA,ATE,MZ C LOTE 03-04,-12.03475,-76.90406
SISE ATE,3.24,1452812,KOREB SCHOOL,Privada,Privado,LIMA,LURIGANCHO,MZ I LOTE 1,-12.00595,-76.87465
SISE COMAS,3.74,1453232,B. GROUP - SEDE II,Privada,Privado,CALLAO,CARMEN DE LA LEGUA REYNOSO,AVENIDA MANCO CAPAC 252,-12.04161,-77.09655
SISE SAN MIGUEL,4.72,1453232,B. GROUP - SEDE II,Privada,Privado,CALLAO,CARMEN DE LA LEGUA REYNOSO,AVENIDA MANCO CAPAC 252,-12.04161,-77.09655
SISE SAN MIGUEL,4.98,1455310,5143 ESCUELA DE TALENTOS,P£blica de gesti¢n directa,Público,CALLAO,LA PERLA,AVENIDA SANTA ROSA 580,-12.07007,-77.122
SISE PUENTE PIEDRA,4.47,1457530,CORAZONES MARIANOS DEL NORTE,Privada,Privado,LIMA,PUENTE PIEDRA,PREDIO SAN MANUEL 05,-11.90294,-77.06587
SISE COMAS,4.94,1457837,CLINICA CELESTIAL,Privada,Privado,LIMA,LOS OLIVOS,AVENIDA ALFREDO MENDIOLA 5570,-11.9694,-77.0668
SISE INDEPENDENCIA,2.46,1457837,CLINICA CELESTIAL,Privada,Privado,LIMA,LOS OLIVOS,AVENIDA ALFREDO MENDIOLA 5570,-11.9694,-77.0668
SISE VILLA EL SALVADOR,4.13,1458579,INTERNACIONAL ELIM,Privada,Privado,LIMA,VILLA EL SALVADOR,AVENIDA PASTOR SEVILLA / AV JOSE OLAYA S/N MZ A LOTE 01 SECTOR 3,-12.2289,-76.93873
SISE SAN JUAN DE MIRAFLORES,1.96,1458603,SANTO TOMAS DE AQUINO,Privada,Privado,LIMA,SAN JUAN DE MIRAFLORES,MZ 54 LOTE 18-19 SECTOR BUENOS MILAGROS,-12.1448,-76.96526
SISE SURCO,2.47,1458603,SANTO TOMAS DE AQUINO,Privada,Privado,LIMA,SAN JUAN DE MIRAFLORES,MZ 54 LOTE 18-19 SECTOR BUENOS MILAGROS,-12.1448,-76.96526
SISE SAN JUAN DE LURIGANCHO,2.48,1458629,MATER ET MAGISTRA,Privada,Privado,LIMA,SAN JUAN DE LURIGANCHO,JIRON LOS ZAFIROS 2136 MZ B LOTE 09,-11.99551,-77.00917
SISE VILLA EL SALVADOR,3.98,1458819,GENIOMATH JOHN SMITH,Privada,Privado,LIMA,VILLA MARIA DEL TRIUNFO,AVENIDA LIMA 791 MZ 22 LOTE 03,-12.21032,-76.90616
SISE PUENTE PIEDRA,0.91,1458827,SANTISIMO CORAZON DE JESUS,Privada,Privado,LIMA,PUENTE PIEDRA,MZ C LOTE 03-A,-11.856348,-77.078739
SISE INDEPENDENCIA,3.12,1459353,SAN EULOGIO II,Privada,Privado,LIMA,COMAS,MZ H LOTE 59,-11.96225,-77.06036
SISE INDEPENDENCIA,4.58,1459627,FERNANDO STHAL,Privada,Privado,LIMA,SAN MARTIN DE PORRES,AVENIDA RICARDO PALMA S/N MZ C LOTE 07,-11.960933,-77.088867
SISE PUENTE PIEDRA,3.72,1459841,JACQUES COUSTEAU,Privada,Privado,LIMA,CARABAYLLO,AVENIDA DON JOSE DE SAN MARTIN S/N MZ E LOTE 01,-11.85564,-77.04488
SISE VILLA EL SALVADOR,3.67,1464387,PAMER,Privada,Privado,LIMA,VILLA EL SALVADOR,AVENIDA JOSE OLAYA /AV LOS ALAMOS CON CALLE 6 MZ I LOTE 02-A SECTOR 3,-12.2245,-76.93313
SISE COMAS,4.38,1464593,GENES DE LOS OLIVOS,Privada,Privado,LIMA,LOS OLIVOS,AVENIDA UNIVERSITARIA S/N MZ A LOTE 06-08,-11.9726,-77.07566
SISE INDEPENDENCIA,2.65,1464593,GENES DE LOS OLIVOS,Privada,Privado,LIMA,LOS OLIVOS,AVENIDA UNIVERSITARIA S/N MZ A LOTE 06-08,-11.9726,-77.07566
SISE SAN JUAN DE MIRAFLORES,4.2,1464668,LICEO NAVAL CAPITAN DE NAVIO JUAN FANNING GARCIA,P£blica de gesti¢n directa,Público,LIMA,CHORRILLOS,MZ G10 LOTE 01,-12.19497,-76.9892
SISE SAN JUAN DE LURIGANCHO,0.47,1465822,MILAGROSA VIRGEN DE CHAPI,Privada,Privado,LIMA,SAN JUAN DE LURIGANCHO,AVENIDA LOS TUSILAGOS 202,-12.01303,-77.00404
SISE ATE,1.05,1465889,TRENTO ATE,Privada,Privado,LIMA,ATE,AVENIDA PEDRO RUIZ GALLO 2219 LOTE 129-,-12.01641,-76.89186
SISE SAN JUAN DE LURIGANCHO,2.75,1466127,ANCILA DEI,Privada,Privado,LIMA,RIMAC,JIRON PADRE IZAGUIRRE 295,-12.03135,-77.02513
SISE SAN JUAN DE LURIGANCHO,3.07,1466358,MI JESUS DIVINO MAESTRO,Privada,Privado,LIMA,EL AGUSTINO,AVENIDA JOSE DE LA RIVA AGUERO 1675-1681,-12.0442,-76.9979
SISE INDEPENDENCIA,4.75,1466390,JOSE INGENIEROS,Privada,Privado,LIMA,SAN JUAN DE LURIGANCHO,AVENIDA B MZ F-1 LOTE 01-02,-11.98977,-77.01568
SISE SAN JUAN DE LURIGANCHO,3.3,1466390,JOSE INGENIEROS,Privada,Privado,LIMA,SAN JUAN DE LURIGANCHO,AVENIDA B MZ F-1 LOTE 01-02,-11.98977,-77.01568
SISE SAN JUAN DE LURIGANCHO,3.15,1467935,EL AMERICANO DE SAN GABRIEL,Privada,Privado,LIMA,SAN JUAN DE LURIGANCHO,CALLE 7 MZ I LOTE 11- 12,-11.98928,-76.99973
SISE PUENTE PIEDRA,3.71,1469675,PERUANO FRANCES EVARISTO GALOIS,Privada,Privado,LIMA,PUENTE PIEDRA,AVENIDA EL TRIUNFO S/N MZ Y LOTE 6-A,-11.834615,-77.093025
SISE VENTANILLA,4.84,1469634,LITERATO RICARDO PALMA,Privada,Privado,LIMA,PUENTE PIEDRA,MZ L-1 LOTE 05,-11.82992,-77.11026
SISE SAN JUAN DE MIRAFLORES,4.6,1470244,ASCENSION SCHOOL UNICACHI,Privada,Privado,LIMA,VILLA EL SALVADOR,AVENIDA LOS ALGARROBOS PARCELA 04 MZ E SECTOR 1,-12.2013,-76.96618
SISE VILLA EL SALVADOR,3.3,1470244,ASCENSION SCHOOL UNICACHI,Privada,Privado,LIMA,VILLA EL SALVADOR,AVENIDA LOS ALGARROBOS PARCELA 04 MZ E SECTOR 1,-12.2013,-76.96618
SISE COMAS,3.89,1470731,JESUS EL BUEN PASTOR,Privada,Privado,LIMA,INDEPENDENCIA,JIRON MANCO CAPAC 145 ZONA I,-11.98625,-77.05624
SISE INDEPENDENCIA,0.56,1470731,JESUS EL BUEN PASTOR,Privada,Privado,LIMA,INDEPENDENCIA,JIRON MANCO CAPAC 145 ZONA I,-11.98625,-77.05624
SISE SAN JUAN DE LURIGANCHO,0.68,1470764,CATOLICA SANTA MARIA,Privada,Privado,LIMA,SAN JUAN DE LURIGANCHO,JIRON LAS GROSELLAS 968,-12.01711,-77.01059
SISE SAN JUAN DE LURIGANCHO,4.86,1472802,SAN VICENTE DE PAUL,Privada,Privado,LIMA,SAN JUAN DE LURIGANCHO,JIRON EL ROSARIO 584,-11.97494,-76.99343
SISE COMAS,1.17,1480086,INYARI,Privada,Privado,LIMA,LOS OLIVOS,CALLE 34 MZ L2 LOTE 02 Y 03 ETAPA III,-12.00761,-77.07085
SISE INDEPENDENCIA,2.3,1480086,INYARI,Privada,Privado,LIMA,LOS OLIVOS,CALLE 34 MZ L2 LOTE 02 Y 03 ETAPA III,-12.00761,-77.07085
SISE SAN JUAN DE MIRAFLORES,4.03,1493030,MONTERRICO CHRISTIAN SCHOOL,Privada,Privado,LIMA,SANTIAGO DE SURCO,AVENIDA LOS INGENIEROS MZ A LOTE 03 - 04,-12.12431,-76.97359
SISE SURCO,2.88,1493030,MONTERRICO CHRISTIAN SCHOOL,Privada,Privado,LIMA,SANTIAGO DE SURCO,AVENIDA LOS INGENIEROS MZ A LOTE 03 - 04,-12.12431,-76.97359
SISE PUENTE PIEDRA,1.62,1494558,PRISMA DEL NORTE,Privada,Privado,LIMA,PUENTE PIEDRA,MZ A LOTE 23-26,-11.85045,-77.08187
SISE INDEPENDENCIA,4.19,1494319,BERNE,Privada,Privado,LIMA,COMAS,AVENIDA REPUBLICA DEL PERU MZ X LOTE 16 ETAPA I,-11.95314,-77.0529
SISE VENTANILLA,4.75,1494301,ALEXANDER VON HUMBOLDT DE ZAPALLAL,Privada,Privado,LIMA,PUENTE PIEDRA,AVENIDA LAS MAGNOLIAS S/N MZ A LOTE 1-2-3,-11.82964,-77.11302
SISE PUENTE PIEDRA,4.72,1494293,5167 VICTOR RAUL HAYA DE LA TORRE,P£blica de gesti¢n directa,Público,LIMA,PUENTE PIEDRA,JIRON JUAN PABLO II S/N MZ C,-11.83521,-77.10925
SISE VENTANILLA,4.36,1494293,5167 VICTOR RAUL HAYA DE LA TORRE,P£blica de gesti¢n directa,Público,LIMA,PUENTE PIEDRA,JIRON JUAN PABLO II S/N MZ C,-11.83521,-77.10925
SISE PUENTE PIEDRA,2.8,1494418,JORGE BASADRE GROHMAN DE PUENTE PIEDRA,Privada,Privado,LIMA,PUENTE PIEDRA,MZ H1 LOTE 3,-11.84434,-77.09337
SISE VENTANILLA,4.75,1494418,JORGE BASADRE GROHMAN DE PUENTE PIEDRA,Privada,Privado,LIMA,PUENTE PIEDRA,MZ H1 LOTE 3,-11.84434,-77.09337
SISE ATE,3.02,1494640,SANTA CATALINA,Privada,Privado,LIMA,ATE,MZ F LOTE 31-32,-12.04293,-76.91546
SISE SAN MIGUEL,4.86,1515360,INTELLECTUM SANTA ISABEL,Privada,Privado,CALLAO,CALLAO,CALLE 4,-12.051671,-77.111585
SISE SAN JUAN DE LURIGANCHO,3.56,1515998,DIEGO THOMSON,Privada,Privado,LIMA,EL AGUSTINO,JIRON CESAR VALLEJO 188 ZONA III,-12.04928,-77.00224
SISE SANTA BEATRIZ,4.83,1515998,DIEGO THOMSON,Privada,Privado,LIMA,EL AGUSTINO,JIRON CESAR VALLEJO 188 ZONA III,-12.04928,-77.00224
SISE SANTA BEATRIZ,4.51,1516046,ALMIRANTE LORD COCHRANE,Privada,Privado,LIMA,SAN LUIS,CALLE TORRES GONZALES 190,-12.07404,-76.9946
SISE SAN JUAN DE MIRAFLORES,4.11,1516053,ANGELES DE JESUS II,Privada,Privado,LIMA,CHORRILLOS,MZ 40 LOTE 12,-12.18718,-76.99959
SISE SURCO,4.75,1516053,ANGELES DE JESUS II,Privada,Privado,LIMA,CHORRILLOS,MZ 40 LOTE 12,-12.18718,-76.99959
SISE ATE,2.06,1519149,THALES DE MILETO,Privada,Privado,LIMA,ATE,MZ B LOTE 6-7,-12.025933,-76.918729
SISE VENTANILLA,2.89,1520287,COPRODELI SANTA MARIA ASUNTA AL CIELO,P£blica de gesti¢n privada,Privado,CALLAO,VENTANILLA,AVENIDA CONSTRUCTORES MZ C LOTE 1,-11.849816,-77.145747
SISE VILLA EL SALVADOR,4.73,1522291,CRISTO AMIGO,Privada,Privado,LIMA,VILLA MARIA DEL TRIUNFO,JIRON SAENZ PE¥A 147,-12.22372,-76.90875
SISE SAN MIGUEL,1.31,1523513,INGENIERIA DE SAN MIGUEL,Privada,Privado,LIMA,SAN MIGUEL,AVENIDA ARICA 400,-12.09127,-77.07928
SISE SANTA BEATRIZ,4.95,1523513,INGENIERIA DE SAN MIGUEL,Privada,Privado,LIMA,SAN MIGUEL,AVENIDA ARICA 400,-12.09127,-77.07928
SISE SAN MIGUEL,1.1,1523299,DIVINO NI¥O DE PRAGA,Privada,Privado,LIMA,SAN MIGUEL,AVENIDA UNIVERSITARIA 372,-12.08707,-77.08398
SISE COMAS,3.44,1524479,MISIONERO FRANCISCO PENZOTTI II,Privada,Privado,LIMA,SAN MARTIN DE PORRES,MZ A LOTE 23,-11.99732,-77.10878
SISE SAN JUAN DE LURIGANCHO,1.7,1525575,VASILI SUJOMLINSKY,Privada,Privado,LIMA,SAN JUAN DE LURIGANCHO,AVENIDA TEMPLO DEL SOL S/N MZ ¥1 LOTE 29-30,-12.01507,-76.98889
SISE SAN JUAN DE LURIGANCHO,1.25,1525872,MAKARENKO,Privada,Privado,LIMA,SAN JUAN DE LURIGANCHO,MZ D LOTE 22,-12.00622,-77.00212
SISE COMAS,3.17,1526466,SAN JUAN BAUTISTA,Privada,Privado,LIMA,INDEPENDENCIA,AVENIDA LOS FICUS 665,-12.002377,-77.053193
SISE INDEPENDENCIA,1.51,1526466,SAN JUAN BAUTISTA,Privada,Privado,LIMA,INDEPENDENCIA,AVENIDA LOS FICUS 665,-12.002377,-77.053193
SISE COMAS,2.51,1527944,SANTA TERESA DE JESUS - SOPHIANUM,Privada,Privado,LIMA,SAN MARTIN DE PORRES,"AVENIDA ALCIDES VIGO HURTADO MZ Y LOTE 04,05 Y 06",-11.996865,-77.098168
SISE INDEPENDENCIA,4.28,1527944,SANTA TERESA DE JESUS - SOPHIANUM,Privada,Privado,LIMA,SAN MARTIN DE PORRES,"AVENIDA ALCIDES VIGO HURTADO MZ Y LOTE 04,05 Y 06",-11.996865,-77.098168
SISE COMAS,0.38,1529031,SAN AGUSTIN DE ANTARES II,Privada,Privado,LIMA,SAN MARTIN DE PORRES,AVENIDA TOMAS VALLE 2100,-12.01245,-77.08417
SISE INDEPENDENCIA,3.66,1529031,SAN AGUSTIN DE ANTARES II,Privada,Privado,LIMA,SAN MARTIN DE PORRES,AVENIDA TOMAS VALLE 2100,-12.01245,-77.08417
SISE ATE,3.03,1529692,ANGELES DE JESUS,Privada,Privado,LIMA,LURIGANCHO,JIRON LOS LAURELES MZ C LOTE 20,-11.99268,-76.90223
SISE SAN JUAN DE LURIGANCHO,2.06,1530526,TRIUNFO DE JESUS,Privada,Privado,LIMA,SAN JUAN DE LURIGANCHO,AVENIDA GRAN CHIMU 1475,-12.02381,-76.98659
SISE SAN JUAN DE LURIGANCHO,2.21,1530880,MONTEFIORY SCHOOL,Privada,Privado,LIMA,SAN JUAN DE LURIGANCHO,AVENIDA EL SANTUARIO 1672-1674,-12.01893,-76.9841
SISE COMAS,3.24,1530807,JUAN PABLO PEREGRINO,Privada,Privado,LIMA,SAN MARTIN DE PORRES,MZ F LOTE 24-25,-11.98381,-77.08954
SISE INDEPENDENCIA,3.36,1530807,JUAN PABLO PEREGRINO,Privada,Privado,LIMA,SAN MARTIN DE PORRES,MZ F LOTE 24-25,-11.98381,-77.08954
SISE SAN JUAN DE MIRAFLORES,4.75,1531359,MANUEL CASALINO GRIEVE,P£blica de gesti¢n directa,Público,LIMA,VILLA MARIA DEL TRIUNFO,CALLE LOS JAZMINES Y LAS MARGARITAS S/N,-12.16382,-76.9298
SISE VILLA EL SALVADOR,3.22,1531359,MANUEL CASALINO GRIEVE,P£blica de gesti¢n directa,Público,LIMA,VILLA MARIA DEL TRIUNFO,CALLE LOS JAZMINES Y LAS MARGARITAS S/N,-12.16382,-76.9298
SISE SAN JUAN DE MIRAFLORES,3.26,1531391,TERESA DE LOS REYES,Privada,Privado,LIMA,VILLA MARIA DEL TRIUNFO,AVENIDA JOSE CARLOS MARIATEGUI 2305,-12.14267,-76.94956
SISE SURCO,4.19,1531391,TERESA DE LOS REYES,Privada,Privado,LIMA,VILLA MARIA DEL TRIUNFO,AVENIDA JOSE CARLOS MARIATEGUI 2305,-12.14267,-76.94956
SISE COMAS,1.73,1532142,MILAGROS DE DIOS,Privada,Privado,LIMA,SAN MARTIN DE PORRES,JIRON JUAN CHACORNAL MZ C LOTE 11,-11.99694,-77.08583
SISE INDEPENDENCIA,2.97,1532142,MILAGROS DE DIOS,Privada,Privado,LIMA,SAN MARTIN DE PORRES,JIRON JUAN CHACORNAL MZ C LOTE 11,-11.99694,-77.08583
SISE SURCO,4.62,1532340,ARQUITECTO,Privada,Privado,LIMA,CHORRILLOS,AVENIDA HUAYLAS 907,-12.17209,-77.02107
SISE INDEPENDENCIA,4.98,1532696,COLEGIO SAN PEDRO DEL NORTE,Privada,Privado,LIMA,COMAS,AVENIDA REPUBLICA DEL PERU 1259,-11.9461,-77.05154
SISE SAN JUAN DE MIRAFLORES,3.78,1534809,INNOVA SCHOOLS - VES LADERAS DE VILLA,Privada,Privado,LIMA,SAN JUAN DE MIRAFLORES,AVENIDA MATEO PUMACAHUA S/N,-12.19171,-76.95951
SISE VILLA EL SALVADOR,2.4,1534809,INNOVA SCHOOLS - VES LADERAS DE VILLA,Privada,Privado,LIMA,SAN JUAN DE MIRAFLORES,AVENIDA MATEO PUMACAHUA S/N,-12.19171,-76.95951
SISE PUENTE PIEDRA,1.15,1534858,JESUS MI DIVINO MAESTRO,Privada,Privado,LIMA,PUENTE PIEDRA,AVENIDA PROLONGACION JUAN LECAROS S/N MZ C LOTE 8,-11.85883,-77.069
SISE SAN JUAN DE MIRAFLORES,2.06,1535186,VILLA ALEGRE,Privada,Privado,LIMA,SANTIAGO DE SURCO,AVENIDA VISTA ALEGRE,-12.16562,-76.99159
SISE SURCO,2.21,1535186,VILLA ALEGRE,Privada,Privado,LIMA,SANTIAGO DE SURCO,AVENIDA VISTA ALEGRE,-12.16562,-76.99159
SISE COMAS,4.39,1535103,CATOLICA HIGH SCHOOL,Privada,Privado,LIMA,INDEPENDENCIA,AVENIDA HURIN CUZCO S/N MZ H LOTE 9,-11.98007,-77.05656
SISE INDEPENDENCIA,1.17,1535103,CATOLICA HIGH SCHOOL,Privada,Privado,LIMA,INDEPENDENCIA,AVENIDA HURIN CUZCO S/N MZ H LOTE 9,-11.98007,-77.05656
SISE SAN JUAN DE MIRAFLORES,3.2,1535160,BELEN,Privada,Privado,LIMA,CHORRILLOS,CALLE TENIENTE CARLOS JIMENEZ S/N,-12.17445,-76.99914
SISE SURCO,3.39,1535160,BELEN,Privada,Privado,LIMA,CHORRILLOS,CALLE TENIENTE CARLOS JIMENEZ S/N,-12.17445,-76.99914
SISE SAN JUAN DE MIRAFLORES,4.98,1535178,ESPERANZA Y CARIDAD,Privada,Privado,LIMA,CHORRILLOS,AVENIDA ALAMEDA SUR 195 MZ N LOTE 06,-12.19114,-77.00684
SISE SAN JUAN DE MIRAFLORES,3.28,1535392,SANTA MARIA DEL CAMINO,Privada,Privado,LIMA,VILLA MARIA DEL TRIUNFO,AVENIDA LOS PROCERES 535,-12.16808,-76.94414
SISE VILLA EL SALVADOR,2.73,1535392,SANTA MARIA DEL CAMINO,Privada,Privado,LIMA,VILLA MARIA DEL TRIUNFO,AVENIDA LOS PROCERES 535,-12.16808,-76.94414
SISE ATE,0.66,1535749,SANTA TERESITA DE JESUS,Privada,Privado,LIMA,ATE,AVENIDA EL PROGRESO 1051,-12.02572,-76.89967
SISE INDEPENDENCIA,4.71,1536176,PIERRE DE FERMAT,Privada,Privado,LIMA,SAN JUAN DE LURIGANCHO,MZ C LOTE 10-11,-12.00247,-77.01787
SISE SAN JUAN DE LURIGANCHO,2.21,1536176,PIERRE DE FERMAT,Privada,Privado,LIMA,SAN JUAN DE LURIGANCHO,MZ C LOTE 10-11,-12.00247,-77.01787
SISE PUENTE PIEDRA,1.53,1536994,TECHNOLOGY SCHOOLS LAS VI¥AS,Privada,Privado,LIMA,PUENTE PIEDRA,AVENIDA PRINCIPAL S/N,-11.85196,-77.08373
SISE COMAS,3.81,1537216,CIRCULO INGENIERIA - HUANDOY,Privada,Privado,LIMA,LOS OLIVOS,JIRON LLUMPA 1452,-11.97743,-77.08245
SISE INDEPENDENCIA,2.89,1537216,CIRCULO INGENIERIA - HUANDOY,Privada,Privado,LIMA,LOS OLIVOS,JIRON LLUMPA 1452,-11.97743,-77.08245
SISE PUENTE PIEDRA,4.82,1537810,NUESTRA SE¥ORA DE GUADALUPE EL DORADO,Privada,Privado,LIMA,PUENTE PIEDRA,AVENIDA SUCRE MZ F-1 LOTE 12,-11.82902,-77.10339
SISE INDEPENDENCIA,4.85,1537950,JOSEPH NOVAK,Privada,Privado,LIMA,SAN JUAN DE LURIGANCHO,JIRON SATELITE 391 MZ 1 LOTE 1 ETAPA I,-11.98681,-77.01489
SISE SAN JUAN DE LURIGANCHO,3.58,1537950,JOSEPH NOVAK,Privada,Privado,LIMA,SAN JUAN DE LURIGANCHO,JIRON SATELITE 391 MZ 1 LOTE 1 ETAPA I,-11.98681,-77.01489
SISE ATE,3.4,1539006,LA CATOLICA DE CARAPONGO,Privada,Privado,LIMA,LURIGANCHO,"CALLE 52 MZ G LOTE 25 -26, 67 - 69",-12.00418,-76.87395
SISE SAN JUAN DE MIRAFLORES,1.28,1539931,LA INMACULADA,Privada,Privado,LIMA,SAN JUAN DE MIRAFLORES,AVENIDA SALVADOR ALLENDE 864,-12.15351,-76.96397
SISE SURCO,2.73,1539931,LA INMACULADA,Privada,Privado,LIMA,SAN JUAN DE MIRAFLORES,AVENIDA SALVADOR ALLENDE 864,-12.15351,-76.96397
SISE SAN JUAN DE LURIGANCHO,4.87,1540293,SAN MARCOS MENTOR SCHOOL,Privada,Privado,LIMA,SAN JUAN DE LURIGANCHO,JIRON JORGE SEDANO 385,-11.97427,-77.0126
SISE ATE,2.73,1540301,SAN CRISTOBAL DE MONTEROSA,Privada,Privado,LIMA,ATE,AVENIDA MARCO PUENTE LANOS MZ A LOTE 1,-12.03601,-76.9198
SISE PUENTE PIEDRA,4.35,1541853,CRISTO REDENTOR DE CARABAYLLO,Privada,Privado,LIMA,CARABAYLLO,MZ D LOTE 13-16,-11.85662,-77.03872
SISE PUENTE PIEDRA,1.98,1541879,PAMER PUENTE PIEDRA,Privada,Privado,LIMA,PUENTE PIEDRA,UNIDAD CATASTRAL 10128 LOTE 160,-11.85014,-77.08861
SISE VENTANILLA,4.85,1541879,PAMER PUENTE PIEDRA,Privada,Privado,LIMA,PUENTE PIEDRA,UNIDAD CATASTRAL 10128 LOTE 160,-11.85014,-77.08861
SISE SAN JUAN DE MIRAFLORES,2.49,1541911,INNOVA SCHOOLS - CHORRILLOS FAISANES,Privada,Privado,LIMA,CHORRILLOS,AVENIDA LOS FAISANES S/N MZ Z LOTE B,-12.17101,-76.99362
SISE SURCO,2.84,1541911,INNOVA SCHOOLS - CHORRILLOS FAISANES,Privada,Privado,LIMA,CHORRILLOS,AVENIDA LOS FAISANES S/N MZ Z LOTE B,-12.17101,-76.99362
SISE COMAS,2.62,1542505,SAN LUIS,Privada,Privado,LIMA,SAN MARTIN DE PORRES,JIRON TACNA 3598,-12.03431,-77.08767
SISE SAN JUAN DE MIRAFLORES,4.34,1542489,VIRGEN DEL ROSARIO EN EL ENCUENTRO DE DOS MUNDOS II,Privada,Privado,LIMA,VILLA MARIA DEL TRIUNFO,AVENIDA 2 DE MAYO 571,-12.17429,-76.93601
SISE VILLA EL SALVADOR,1.95,1542489,VIRGEN DEL ROSARIO EN EL ENCUENTRO DE DOS MUNDOS II,Privada,Privado,LIMA,VILLA MARIA DEL TRIUNFO,AVENIDA 2 DE MAYO 571,-12.17429,-76.93601
SISE VILLA EL SALVADOR,4.66,1542455,NAZARENO SCHOOL,Privada,Privado,LIMA,VILLA EL SALVADOR,MZ E LOTE 1 SECTOR 9,-12.23333,-76.94289
SISE COMAS,3.6,1544154,JORGE BASADRE,Privada,Privado,LIMA,SAN MARTIN DE PORRES,MZ U LOTE 15,-11.98032,-77.08898
SISE INDEPENDENCIA,3.41,1544154,JORGE BASADRE,Privada,Privado,LIMA,SAN MARTIN DE PORRES,MZ U LOTE 15,-11.98032,-77.08898
SISE SAN JUAN DE LURIGANCHO,3.15,1544287,FRANKLIN ROOSEVELT I,Privada,Privado,LIMA,SAN JUAN DE LURIGANCHO,AVENIDA BASADRE 319,-11.99008,-77.01231
SISE SAN JUAN DE LURIGANCHO,4.51,1545953,UNIVERSITY COLLEGE,Privada,Privado,LIMA,SANTA ANITA,JIRON MARIA PARADO DE BELLIDO 1274,-12.04325,-76.97251
SISE VENTANILLA,4.98,1549021,APOSTOL SANTIAGO,Privada,Privado,CALLAO,VENTANILLA,MZ Z LOTE 9-10-19 SECTOR A,-11.830388,-77.150581
SISE SAN JUAN DE MIRAFLORES,3.27,1558725,SANTA MARIA DE LOS ANDES,P£blica de gesti¢n privada,Privado,LIMA,VILLA MARIA DEL TRIUNFO,AVENIDA DEL EJERCITO S/N LOTE 07,-12.17871,-76.9497
SISE VILLA EL SALVADOR,1.97,1558725,SANTA MARIA DE LOS ANDES,P£blica de gesti¢n privada,Privado,LIMA,VILLA MARIA DEL TRIUNFO,AVENIDA DEL EJERCITO S/N LOTE 07,-12.17871,-76.9497
SISE SAN JUAN DE LURIGANCHO,2.73,1566637,VIRGEN NI¥A,Privada,Privado,LIMA,RIMAC,AVENIDA ARMANDO FILOMENO 302,-12.0239,-77.0285
SISE COMAS,3.33,1569573,ANTON,Privada,Privado,CALLAO,CARMEN DE LA LEGUA REYNOSO,AVENIDA 1 DE MAYO 731,-12.03967,-77.09163
SISE SAN MIGUEL,4.71,1569573,ANTON,Privada,Privado,CALLAO,CARMEN DE LA LEGUA REYNOSO,AVENIDA 1 DE MAYO 731,-12.03967,-77.09163
SISE ATE,4.3,1569664,20955-17,P£blica de gesti¢n directa,Público,HUAROCHIRI,SAN ANTONIO,CALLE PRINCIPAL S/N,-11.985551,-76.918991
SISE PUENTE PIEDRA,0.37,1572874,CETAP,Privada,Privado,LIMA,PUENTE PIEDRA,AVENIDA REPUBLICA DE VENEZUELA 380,-11.86758,-77.07895
SISE PUENTE PIEDRA,2.52,1573328,GRAN ALMIRANTE MIGUEL GRAU,Privada,Privado,LIMA,PUENTE PIEDRA,CALLE LA FLORESTA 183 MZ A LOTE 1,-11.88487,-77.06773
SISE COMAS,4.28,1574177,TECHNOLOGY SCHOOLS DE INDEPENDENCIA,Privada,Privado,LIMA,INDEPENDENCIA,JIRON HUASCAR 169,-11.980424,-77.057821
SISE INDEPENDENCIA,1.11,1574177,TECHNOLOGY SCHOOLS DE INDEPENDENCIA,Privada,Privado,LIMA,INDEPENDENCIA,JIRON HUASCAR 169,-11.980424,-77.057821
SISE COMAS,4.78,1575158,CRUZ SACO DE SAN JUAN,Privada,Privado,CALLAO,CALLAO,"MZ D LOTE 1,2,37,38",-11.98321,-77.11365
SISE ATE,4.6,1576222,BRUNO TERREROS,Privada,Privado,LIMA,LURIGANCHO,MZ B LOTE 3-4 SECTOR A,-11.98058,-76.91397
SISE SAN JUAN DE LURIGANCHO,0.45,1576446,CAYETANO HEREDIA SANCHEZ,Privada,Privado,LIMA,SAN JUAN DE LURIGANCHO,"JIRON RUIBARBOS 166-168 MZ T LOTE 13-17, 19",-12.01324,-77.00465
SISE PUENTE PIEDRA,4.35,1576545,PRINCIPE DE ASTURIAS,Privada,Privado,CALLAO,VENTANILLA,CALLE LOS ¥UCCHOS Y AV. MARGARITAS S/N MZ 53 LOTE 8,-11.874609,-77.116416
SISE VENTANILLA,1.43,1576545,PRINCIPE DE ASTURIAS,Privada,Privado,CALLAO,VENTANILLA,CALLE LOS ¥UCCHOS Y AV. MARGARITAS S/N MZ 53 LOTE 8,-11.874609,-77.116416
SISE SAN JUAN DE LURIGANCHO,3.96,1576966,INNOVA SCHOOLS - SJL EL PARQUE,Privada,Privado,LIMA,SAN JUAN DE LURIGANCHO,AVENIDA EL PARQUE 760,-11.98222,-76.99813
SISE SAN JUAN DE LURIGANCHO,3.4,1576933,INNOVA SCHOOLS - SJL CAMPOY,Privada,Privado,LIMA,SAN JUAN DE LURIGANCHO,CALLE 5 S/N MZ M LOTE 3B-A,-12.02341,-76.97371
SISE SAN JUAN DE LURIGANCHO,4.36,1577485,ANTONIO ELEUTER,Privada,Privado,LIMA,EL AGUSTINO,PASAJE SATELITE 171-175,-12.05646,-77.00601
SISE SANTA BEATRIZ,4.02,1577485,ANTONIO ELEUTER,Privada,Privado,LIMA,EL AGUSTINO,PASAJE SATELITE 171-175,-12.05646,-77.00601
SISE COMAS,3.16,1577428,INNOVA SCHOOLS - SMP PERU,Privada,Privado,LIMA,SAN MARTIN DE PORRES,JIRON EL CHACO Y JR. SAO PAULO S/N MZ 9B LOTE 13-14,-12.03164,-77.06005
SISE INDEPENDENCIA,4.6,1577428,INNOVA SCHOOLS - SMP PERU,Privada,Privado,LIMA,SAN MARTIN DE PORRES,JIRON EL CHACO Y JR. SAO PAULO S/N MZ 9B LOTE 13-14,-12.03164,-77.06005
SISE SAN JUAN DE LURIGANCHO,4.39,1578665,LICEO FERMIN TANGUIS,Privada,Privado,LIMA,SAN JUAN DE LURIGANCHO,AVENIDA CANTO GRANDE 308,-11.9783,-77.01069
SISE VILLA EL SALVADOR,4.93,1579093,COLEGIO CIENTIFICO NIKOLA TESLA,Privada,Privado,LIMA,VILLA MARIA DEL TRIUNFO,MZ F LOTE 7,-12.2283,-76.91179
SISE PUENTE PIEDRA,1.07,1579267,CESAR VALLEJO DE LA RIVERA NORTE,Privada,Privado,LIMA,PUENTE PIEDRA,MZ A LOTE 1 Y 2 ETAPA II,-11.87235,-77.07216
SISE ATE,2.84,1579531,MI DULCE JESUS DE PRIALE,Privada,Privado,LIMA,ATE,AVENIDA PROLONGACION NICOLAS DE PIEROLA S/N MZ F LOTE 34-36,-12.04377,-76.89163
SISE INDEPENDENCIA,4.05,1583376,HOWARD GARDNER DE LIMA NORTE,Privada,Privado,LIMA,COMAS,AVENIDA JOSE MU¥OZ S/N MZ G LOTE 10,-11.95384,-77.05766
SISE ATE,3.19,1583541,SACO OLIVEROS DE JAVIER PRADO,Privada,Privado,LIMA,ATE,CALLE LAS PRADERAS MZ L LOTE 21-22,-12.03774,-76.92382
SISE ATE,1.14,1583574,INNOVA SCHOOL - ATE SANTA CLARA,Privada,Privado,LIMA,ATE,AV.ALFONSO UGARTE CON AV. NICOLAS DE PIEROLA S/N LOTE 28B-1,-12.02627,-76.89257
SISE VENTANILLA,3.61,1583939,GUADALUPE NUEVA GENERACION,Privada,Privado,CALLAO,VENTANILLA,MZ C LOTE 2,-11.839545,-77.141111
SISE SAN JUAN DE LURIGANCHO,2.46,1610435,COLEGIO BIBLICO CATOLICO,Privada,Privado,LIMA,SAN JUAN DE LURIGANCHO,AVENIDA GRAN CHIMU 1857,-12.02432,-76.98288
SISE SAN JUAN DE MIRAFLORES,2.83,1610484,NUESTRA SE¥ORA DE FATIMA II,Privada,Privado,LIMA,VILLA MARIA DEL TRIUNFO,AVENIDA SAN JOSE 566 MZ G5 LOTE 17,-12.162924,-76.947462
SISE SURCO,4.78,1610484,NUESTRA SE¥ORA DE FATIMA II,Privada,Privado,LIMA,VILLA MARIA DEL TRIUNFO,AVENIDA SAN JOSE 566 MZ G5 LOTE 17,-12.162924,-76.947462
SISE VILLA EL SALVADOR,3.39,1610484,NUESTRA SE¥ORA DE FATIMA II,Privada,Privado,LIMA,VILLA MARIA DEL TRIUNFO,AVENIDA SAN JOSE 566 MZ G5 LOTE 17,-12.162924,-76.947462
SISE PUENTE PIEDRA,4.93,1629781,NUESTRA SE¥ORA DE MONSERRAT DE SAN PEDRO DE CARABAYLLO,Privada,Privado,LIMA,CARABAYLLO,"MZ G LOTE 7,13-16 ETAPA II",-11.85542,-77.03347
SISE VILLA EL SALVADOR,3.33,1630078,VIRGEN DE LOURDES,Privada,Privado,LIMA,VILLA MARIA DEL TRIUNFO,JIRON CANTA 180 MZ A3,-12.166,-76.92185
SISE COMAS,2.66,1630599,SACO OLIVEROS HELICOIDAL PALMERAS,Privada,Privado,LIMA,LOS OLIVOS,CALLE AMBAR MZ H LOTE 3-4-5,-11.987933,-77.077967
SISE INDEPENDENCIA,2.04,1630599,SACO OLIVEROS HELICOIDAL PALMERAS,Privada,Privado,LIMA,LOS OLIVOS,CALLE AMBAR MZ H LOTE 3-4-5,-11.987933,-77.077967
SISE COMAS,4.5,1630953,CRUZ SACO DE GIRASOLES,Privada,Privado,LIMA,SAN MARTIN DE PORRES,MZ B LOTE 9,-11.97471,-77.0976
SISE INDEPENDENCIA,4.5,1630953,CRUZ SACO DE GIRASOLES,Privada,Privado,LIMA,SAN MARTIN DE PORRES,MZ B LOTE 9,-11.97471,-77.0976
SISE SAN MIGUEL,1.09,1633197,BRIGHAM YOUNG SCHOOL,Privada,Privado,LIMA,SAN MIGUEL,JIRON BOLOGNESI 490,-12.08914,-77.07989
SISE SANTA BEATRIZ,4.95,1633197,BRIGHAM YOUNG SCHOOL,Privada,Privado,LIMA,SAN MIGUEL,JIRON BOLOGNESI 490,-12.08914,-77.07989
SISE PUENTE PIEDRA,0.85,1636489,SACO OLIVEROS DE PUENTE PIEDRA,Privada,Privado,LIMA,PUENTE PIEDRA,AVENIDA COPACABANA S/N MZ D LOTE 6-8-19-22,-11.85939,-77.07205
SISE SAN JUAN DE LURIGANCHO,2.61,1636497,NOTABLE SANTISIMA DE LAS MERCEDES,Privada,Privado,LIMA,EL AGUSTINO,AVENIDA FERROCARRIL MZ H LOTE 02,-12.03643,-76.99047
SISE CANTUARIAS,4.57,1636539,SOR INES,Privada,Privado,LIMA,LINCE,CALLE BELISARIO FLORES 178,-12.08162,-77.037
SISE SAN MIGUEL,4.39,1636539,SOR INES,Privada,Privado,LIMA,LINCE,CALLE BELISARIO FLORES 178,-12.08162,-77.037
SISE SANTA BEATRIZ,0.45,1636539,SOR INES,Privada,Privado,LIMA,LINCE,CALLE BELISARIO FLORES 178,-12.08162,-77.037
SISE COMAS,2.34,1636901,SAN PIO X - LOS OLIVOS,Privada,Privado,LIMA,LOS OLIVOS,AVENIDA MANUEL GONZALES PRADA 287-A,-11.99595,-77.06654
SISE INDEPENDENCIA,1.0,1636901,SAN PIO X - LOS OLIVOS,Privada,Privado,LIMA,LOS OLIVOS,AVENIDA MANUEL GONZALES PRADA 287-A,-11.99595,-77.06654
SISE CANTUARIAS,3.45,1637669,ST GOSPA SCHOOL,Privada,Privado,LIMA,SANTIAGO DE SURCO,AVENIDA JORGE CHAVEZ 1124,-12.14832,-77.01031
SISE SAN JUAN DE MIRAFLORES,4.24,1637669,ST GOSPA SCHOOL,Privada,Privado,LIMA,SANTIAGO DE SURCO,AVENIDA JORGE CHAVEZ 1124,-12.14832,-77.01031
SISE SURCO,2.45,1637669,ST GOSPA SCHOOL,Privada,Privado,LIMA,SANTIAGO DE SURCO,AVENIDA JORGE CHAVEZ 1124,-12.14832,-77.01031
SISE VILLA EL SALVADOR,4.82,1638477,LA INMACULADA,Privada,Privado,LIMA,PACHACAMAC,JIRON PROLONGACION LUCANAS 145,-12.22508,-76.90902
SISE VENTANILLA,2.73,1638816,DISCOVERY HIGH SCHOOL,Privada,Privado,CALLAO,VENTANILLA,MZ V LOTE 1 SECTOR OASIS III,-11.854736,-77.148521
SISE ATE,1.48,1638915,HOWARD GARDNER,Privada,Privado,LIMA,ATE,AVENIDA LA INDUSTRIA CRUCE CON CALLE EL TRABAJO 363,-12.02503,-76.91338
SISE INDEPENDENCIA,4.25,1638972,INNOVA SCHOOLS - RIMAC SPORTING CRISTAL,Privada,Privado,LIMA,RIMAC,AVENIDA ABELARDO GAMARRA CUADRA 4 S/N,-12.01977,-77.03457
SISE SAN JUAN DE LURIGANCHO,3.3,1638972,INNOVA SCHOOLS - RIMAC SPORTING CRISTAL,Privada,Privado,LIMA,RIMAC,AVENIDA ABELARDO GAMARRA CUADRA 4 S/N,-12.01977,-77.03457
SISE SAN JUAN DE LURIGANCHO,4.06,1639350,INNOVA SCHOOLS - RIMAC SANTO TORIBIO,Privada,Privado,LIMA,RIMAC,JIRON VIRU 495,-12.03903,-77.03432
SISE SANTA BEATRIZ,4.3,1639350,INNOVA SCHOOLS - RIMAC SANTO TORIBIO,Privada,Privado,LIMA,RIMAC,JIRON VIRU 495,-12.03903,-77.03432
SISE COMAS,3.69,1639699,ALFAGROUP,Privada,Privado,LIMA,SAN MARTIN DE PORRES,CALLE LAS CAOBAS S/N MZ G LOTE 6,-11.9971,-77.11119
SISE CANTUARIAS,3.92,1639921,PEAD LICEO NAVAL ALMIRANTE GUISE,P£blica de gesti¢n directa,Público,LIMA,SAN BORJA,CALLE MONTI 300-350,-12.09672,-76.9997
SISE SANTA BEATRIZ,4.47,1639921,PEAD LICEO NAVAL ALMIRANTE GUISE,P£blica de gesti¢n directa,Público,LIMA,SAN BORJA,CALLE MONTI 300-350,-12.09672,-76.9997
SISE VENTANILLA,4.36,1640556,5077 JOSE FAUSTINO SANCHEZ CARRION,P£blica de gesti¢n directa,Público,CALLAO,VENTANILLA,CALLE 3 KM 37 ZONA 1,-11.8308,-77.1225
SISE COMAS,2.31,1640630,SAN JUDAS TADEO DE INDEPENDENCIA,Privada,Privado,LIMA,SAN MARTIN DE PORRES,JIRON EL CHACO 2448,-12.03069,-77.07211
SISE INDEPENDENCIA,4.7,1640630,SAN JUDAS TADEO DE INDEPENDENCIA,Privada,Privado,LIMA,SAN MARTIN DE PORRES,JIRON EL CHACO 2448,-12.03069,-77.07211
SISE ATE,4.34,1640671,INNOVA SCHOOLS - PURUCHUCO,Privada,Privado,LIMA,ATE,PROLONG JAVIER PRADO ESQ CALLE HELSINKI LOTE 3-A SECTOR VISTA ALEGRE MAYORAZGO Y BARBA,-12.0429,-76.93304
SISE VENTANILLA,2.71,1641372,5149,P£blica de gesti¢n directa,Público,CALLAO,VENTANILLA,MZ G LOTE 1 SECTOR RESIDENCIAL 3 BARRIO XIII,-11.848,-77.1401
SISE COMAS,2.31,1641976,COLEGIO PERUANO CHINO,Privada,Privado,LIMA,SAN MARTIN DE PORRES,AVENIDA CARLOS IZAGUIRRE MZ H1 LOTE 30-31,-11.991422,-77.085422
SISE INDEPENDENCIA,2.84,1641976,COLEGIO PERUANO CHINO,Privada,Privado,LIMA,SAN MARTIN DE PORRES,AVENIDA CARLOS IZAGUIRRE MZ H1 LOTE 30-31,-11.991422,-77.085422
SISE VENTANILLA,3.11,1642016,5150,P£blica de gesti¢n directa,Público,CALLAO,VENTANILLA,MZ Q LOTE 1 SECTOR CERRO CACHITO,-11.8512,-77.1501
SISE ATE,4.21,1642511,INNOVA SCHOOLS - VITARTE,Privada,Privado,LIMA,ATE,AVENIDA 26 DE MAYO MZ C LOTE 23,-12.02798,-76.93862
SISE COMAS,2.66,1645076,GENES DE SAN MARTIN DE PORRES,Privada,Privado,LIMA,SAN MARTIN DE PORRES,MZ L LOTE 03,-11.98937,-77.08944
SISE INDEPENDENCIA,3.27,1645076,GENES DE SAN MARTIN DE PORRES,Privada,Privado,LIMA,SAN MARTIN DE PORRES,MZ L LOTE 03,-11.98937,-77.08944
SISE SAN MIGUEL,1.27,1646959,INNOVA SCHOOLS - SAN MIGUEL 2,Privada,Privado,LIMA,SAN MIGUEL,AVENIDA LIBERTAD 335-337,-12.08772,-77.08559
SISE INDEPENDENCIA,4.87,1649979,NUESTRA SE¥ORA DEL CARMEN,Privada,Privado,LIMA,RIMAC,AVENIDA MANUEL VARGAS 394,-12.0224,-77.029
SISE SAN JUAN DE LURIGANCHO,2.74,1649979,NUESTRA SE¥ORA DEL CARMEN,Privada,Privado,LIMA,RIMAC,AVENIDA MANUEL VARGAS 394,-12.0224,-77.029
SISE SAN MIGUEL,3.17,1651546,MACICO,Privada,Privado,LIMA,JESUS MARIA,AVENIDA FRANCISCO MARIATEGUI 1276-1278,-12.07733,-77.04819
SISE SANTA BEATRIZ,1.34,1651546,MACICO,Privada,Privado,LIMA,JESUS MARIA,AVENIDA FRANCISCO MARIATEGUI 1276-1278,-12.07733,-77.04819
SISE VILLA EL SALVADOR,3.25,1654037,NUESTRO SAGRADO CORAZON DE JESUS,Privada,Privado,LIMA,VILLA MARIA DEL TRIUNFO,AVENIDA LOS CEDROS S/N MZ M LOTE 9,-12.16428,-76.92718
SISE SAN JUAN DE MIRAFLORES,4.73,1654045,MUNDIAL SCHOOL,Privada,Privado,LIMA,VILLA MARIA DEL TRIUNFO,CALLE OLAYA 227-233 PP.JJ.,-12.17488,-76.93238
SISE VILLA EL SALVADOR,1.96,1654045,MUNDIAL SCHOOL,Privada,Privado,LIMA,VILLA MARIA DEL TRIUNFO,CALLE OLAYA 227-233 PP.JJ.,-12.17488,-76.93238
SISE SAN JUAN DE MIRAFLORES,3.33,1654078,JESUS OBRERO DE OLLANTAY,Privada,Privado,LIMA,SAN JUAN DE MIRAFLORES,MZ N LOTE 7 SECTOR 5 DE MAYO,-12.13217,-76.96347
SISE SURCO,3.07,1654078,JESUS OBRERO DE OLLANTAY,Privada,Privado,LIMA,SAN JUAN DE MIRAFLORES,MZ N LOTE 7 SECTOR 5 DE MAYO,-12.13217,-76.96347
SISE VILLA EL SALVADOR,2.62,1656081,LA MERCED,Privada,Privado,LIMA,VILLA EL SALVADOR,PARCELA 3A SUBPARCELA 2A FRACCION 5-6 MZ G2 LOTE 1,-12.21278,-76.92647
SISE SAN JUAN DE LURIGANCHO,3.72,1656263,KENN OPPERMAN,Privada,Privado,LIMA,SAN JUAN DE LURIGANCHO,AVENIDA PROCERES DE LA INDEPENDENCIA 2848,-11.98389,-77.00622
SISE VILLA EL SALVADOR,2.93,1660588,SANTIAGO ANTUNEZ DE MAYOLO,Privada,Privado,LIMA,VILLA EL SALVADOR,MZ C LOTE 11-18-1 SECTOR 6,-12.21592,-76.94815
SISE SAN JUAN DE MIRAFLORES,1.37,1660968,GADOL,Privada,Privado,LIMA,SAN JUAN DE MIRAFLORES,JIRON JOSE BALTA 113,-12.15723,-76.96123
SISE SURCO,3.16,1660968,GADOL,Privada,Privado,LIMA,SAN JUAN DE MIRAFLORES,JIRON JOSE BALTA 113,-12.15723,-76.96123
SISE VILLA EL SALVADOR,4.63,1660968,GADOL,Privada,Privado,LIMA,SAN JUAN DE MIRAFLORES,JIRON JOSE BALTA 113,-12.15723,-76.96123
SISE PUENTE PIEDRA,1.43,1661073,CERVANTES SCHOOL,Privada,Privado,LIMA,PUENTE PIEDRA,MZ G LOTE 3 Y 4,-11.85225,-77.07375
SISE VILLA EL SALVADOR,2.73,1661271,7242 DIVINO MAESTRO,P£blica de gesti¢n directa,Público,LIMA,VILLA EL SALVADOR,PARCELA 3A SUBPARCELA 1 MZ I LOTE 1 ETAPA IV,-12.21428,-76.92733
SISE VENTANILLA,3.16,1661636,ESCUELA HOGAR,Privada,Privado,CALLAO,VENTANILLA,JIRON ECOLOGOS MZ C LOTE 1-6,-11.841995,-77.13551
SISE COMAS,2.85,1661966,LHANDREVER -2,Privada,Privado,LIMA,SAN MARTIN DE PORRES,JIRON CUZCO 3880,-12.034483,-77.09282
SISE COMAS,4.94,1661974,FRANCIS COLLEGE,Privada,Privado,LIMA,INDEPENDENCIA,AVENIDA ANTISUYO 653,-12.008238,-77.035486
SISE INDEPENDENCIA,3.28,1661974,FRANCIS COLLEGE,Privada,Privado,LIMA,INDEPENDENCIA,AVENIDA ANTISUYO 653,-12.008238,-77.035486
SISE SAN JUAN DE LURIGANCHO,3.53,1661974,FRANCIS COLLEGE,Privada,Privado,LIMA,INDEPENDENCIA,AVENIDA ANTISUYO 653,-12.008238,-77.035486
SISE COMAS,2.67,1662006,REINO DE LOS CIELOS DE LOS JARDINES,Privada,Privado,LIMA,SAN MARTIN DE PORRES,AVENIDA FRAY BARTOLOME DE LAS CASAS S/N MZ E1 LOTE 25-11,-12.01341,-77.05625
SISE INDEPENDENCIA,2.6,1662006,REINO DE LOS CIELOS DE LOS JARDINES,Privada,Privado,LIMA,SAN MARTIN DE PORRES,AVENIDA FRAY BARTOLOME DE LAS CASAS S/N MZ E1 LOTE 25-11,-12.01341,-77.05625
SISE INDEPENDENCIA,2.98,1662030,SACO OLIVEROS,Privada,Privado,LIMA,LOS OLIVOS,JIRON AURELIO GARCIA S/N MZ B LOTE 20,-11.96696,-77.07281
SISE SANTA BEATRIZ,2.77,1662188,SAN JOSE MARELLO,Privada,Privado,LIMA,LA VICTORIA,JIRON BELGICA 1558,-12.073539,-77.010786
SISE SAN JUAN DE LURIGANCHO,4.21,1662204,SACO OLIVEROS DE NUEVO SAN JUAN,Privada,Privado,LIMA,SAN JUAN DE LURIGANCHO,JIRON COCALENOS 801-805-849,-11.9808,-76.99389
SISE INDEPENDENCIA,4.83,1662790,UNION LOS OLIVOS,Privada,Privado,LIMA,SAN MARTIN DE PORRES,JIRON SANTA MONICA 115,-11.9476,-77.067533
SISE SAN JUAN DE LURIGANCHO,1.79,1662824,DIEGO THOMSON DE MANGOMARCA,Privada,Privado,LIMA,SAN JUAN DE LURIGANCHO,JIRON TEMPLO DEL SOL 648 MZ ¥-1 LOTE 29-30,-12.01664,-76.98793
SISE SAN JUAN DE MIRAFLORES,2.5,1663525,DE MARIA,Privada,Privado,LIMA,SANTIAGO DE SURCO,"CALLE A MZ B LOTE 13,14 Y 15",-12.16033,-76.99633
SISE SURCO,1.83,1663525,DE MARIA,Privada,Privado,LIMA,SANTIAGO DE SURCO,"CALLE A MZ B LOTE 13,14 Y 15",-12.16033,-76.99633
SISE INDEPENDENCIA,4.23,1663590,COLEGIO MAYOR SISTEMA SAN MARCOS,Privada,Privado,LIMA,LOS OLIVOS,AVENIDA ALFREDO MENDIOLA 6347 MZ 26 LOTE 24 ETAPA II,-11.9537,-77.07001
SISE SAN JUAN DE LURIGANCHO,1.64,1663681,SANTA CUARESMA II,Privada,Privado,LIMA,SAN JUAN DE LURIGANCHO,JIRON LAS PERLAS 1881-1883,-12.00268,-77.00655
SISE SAN JUAN DE MIRAFLORES,3.05,1664044,MARIANISTAS DE VILLA MARIA DEL TRIUNFO,Privada,Privado,LIMA,VILLA MARIA DEL TRIUNFO,AVENIDA EL SOL 581,-12.16532,-76.94573
SISE VILLA EL SALVADOR,3.08,1664044,MARIANISTAS DE VILLA MARIA DEL TRIUNFO,Privada,Privado,LIMA,VILLA MARIA DEL TRIUNFO,AVENIDA EL SOL 581,-12.16532,-76.94573
SISE PUENTE PIEDRA,0.19,1664051,MARIANO SANTOS,Privada,Privado,LIMA,PUENTE PIEDRA,AVENIDA SAENZ PE¥A 574,-11.863373,-77.079152
SISE PUENTE PIEDRA,1.68,1664408,SANTANDER DE PUENTE PIEDRA,Privada,Privado,LIMA,PUENTE PIEDRA,MZ C1 LOTE 01,-11.8561,-77.06497
SISE PUENTE PIEDRA,1.38,1664598,MARTIN LUTHER KING,Privada,Privado,LIMA,PUENTE PIEDRA,AVENIDA TARAPACA MZ G LOTE 05,-11.85823,-77.08882
SISE VENTANILLA,4.5,1664598,MARTIN LUTHER KING,Privada,Privado,LIMA,PUENTE PIEDRA,AVENIDA TARAPACA MZ G LOTE 05,-11.85823,-77.08882
SISE ATE,3.21,1664721,SANTA RITA DE ATE,Privada,Privado,LIMA,ATE,MZ C LOTE 1-2-3,-12.04023,-76.87988
SISE COMAS,3.12,1664879,MARIA REINA DE CORAZONES,Privada,Privado,CALLAO,CALLAO,MZ X LOTE 12-21 ETAPA I,-12.03402,-77.09815
SISE COMAS,2.31,1664895,NUESTRA SE¥ORA DE MONSERRAT DE SAN MARTIN,Privada,Privado,LIMA,LOS OLIVOS,MZ A LOTE 09,-11.990949,-77.08069
SISE INDEPENDENCIA,2.32,1664895,NUESTRA SE¥ORA DE MONSERRAT DE SAN MARTIN,Privada,Privado,LIMA,LOS OLIVOS,MZ A LOTE 09,-11.990949,-77.08069
SISE SAN MIGUEL,4.13,1664945,GOTTFRIED WILHELM LEIBNIZ,Privada,Privado,LIMA,BRE¥A,JIRON RECUAT 514,-12.05586,-77.04813
SISE SANTA BEATRIZ,2.77,1664945,GOTTFRIED WILHELM LEIBNIZ,Privada,Privado,LIMA,BRE¥A,JIRON RECUAT 514,-12.05586,-77.04813
SISE COMAS,3.17,1665173,SKINNER SCHOOL,Privada,Privado,LIMA,SAN MARTIN DE PORRES,AVENIDA CARLOS IZAGUIRRE S/N MZ K LOTE 14,-12.029867,-77.05831
SISE INDEPENDENCIA,4.41,1665173,SKINNER SCHOOL,Privada,Privado,LIMA,SAN MARTIN DE PORRES,AVENIDA CARLOS IZAGUIRRE S/N MZ K LOTE 14,-12.029867,-77.05831
SISE COMAS,2.75,1665215,FREDERICK TAYLOR,Privada,Privado,LIMA,SAN MARTIN DE PORRES,JIRON IQUITOS 833,-12.03561,-77.08732
SISE SAN JUAN DE LURIGANCHO,2.65,1665710,ISAAC NEWTON AYSCOUGH,Privada,Privado,HUAROCHIRI,SAN ANTONIO,CALLE LOS EUCALIPTOS S/N MZ R LOTE 4-A SECTOR ANEXO 21,-12.001631,-76.985921
SISE VILLA EL SALVADOR,2.97,1665942,MONTESSORI DE VILLA,Privada,Privado,LIMA,VILLA EL SALVADOR,MZ C LOTE 1- 2 SECTOR 3,-12.2184,-76.93516
SISE VILLA EL SALVADOR,0.48,1665967,LAS MARAVILLAS DEL PERU,Privada,Privado,LIMA,VILLA MARIA DEL TRIUNFO,AVENIDA JORGE CHAVEZ 163 MZ Q LOTE 5,-12.19212,-76.93303
SISE ATE,2.94,1666106,WINNER SCHOOL,Privada,Privado,LIMA,LURIGANCHO,CALLE 2 HUACHIPA NORTE MZ L LOTE 16,-12.00382,-76.9223
SISE PUENTE PIEDRA,4.59,1666817,SCIENCE SCHOOLS,Privada,Privado,LIMA,PUENTE PIEDRA,CALLE SAN FRANCISCO S/N MZ G LOTE 86,-11.839589,-77.11147
SISE VENTANILLA,3.82,1666817,SCIENCE SCHOOLS,Privada,Privado,LIMA,PUENTE PIEDRA,CALLE SAN FRANCISCO S/N MZ G LOTE 86,-11.839589,-77.11147
SISE INDEPENDENCIA,4.34,1667062,CRISTIANO JIREH II,Privada,Privado,LIMA,COMAS,JIRON SAN RAMON 321-327,-11.956692,-77.038949
SISE PUENTE PIEDRA,3.53,1667807,SANTIAGO ANTUNEZ DE MAYOLO,Privada,Privado,LIMA,CARABAYLLO,MZ D5 LOTE 38-41 ETAPA IX,-11.8659,-77.04544
SISE VILLA EL SALVADOR,4.93,1667740,JESUS ES MI REY,Privada,Privado,LIMA,VILLA EL SALVADOR,MZ D-11 LOTE 24-25-26 SECTOR 7,-12.2361,-76.93945
SISE INDEPENDENCIA,2.3,1667997,JOSE MARIA ARGUEDAS,Privada,Privado,LIMA,INDEPENDENCIA,JIRON PALLCAMARCA 209,-11.97317,-77.0475
SISE COMAS,0.57,1669233,NUESTRA SE¥ORA DE MONSERRAT DE TOMAS VALLE,Privada,Privado,LIMA,SAN MARTIN DE PORRES,MZ C LOTE 9,-12.01231,-77.07556
SISE INDEPENDENCIA,3.02,1669233,NUESTRA SE¥ORA DE MONSERRAT DE TOMAS VALLE,Privada,Privado,LIMA,SAN MARTIN DE PORRES,MZ C LOTE 9,-12.01231,-77.07556
SISE INDEPENDENCIA,3.71,1669290,BAUTISTA FILADELFIA,Privada,Privado,LIMA,COMAS,JIRON COLMENA 313,-11.95907,-77.04737
SISE SAN JUAN DE MIRAFLORES,3.81,1669688,INNOVA SCHOOLS - CHORRILLOS LA CAMPI¥A,Privada,Privado,LIMA,CHORRILLOS,PASAJE VESTA 183,-12.17812,-77.00345
SISE SURCO,3.95,1669688,INNOVA SCHOOLS - CHORRILLOS LA CAMPI¥A,Privada,Privado,LIMA,CHORRILLOS,PASAJE VESTA 183,-12.17812,-77.00345
SISE COMAS,1.97,1669779,SAN CARLOS DE PALAO,Privada,Privado,LIMA,SAN MARTIN DE PORRES,JIRON SANTA MERCEDES 455,-12.02048,-77.06499
SISE INDEPENDENCIA,3.41,1669779,SAN CARLOS DE PALAO,Privada,Privado,LIMA,SAN MARTIN DE PORRES,JIRON SANTA MERCEDES 455,-12.02048,-77.06499
SISE SAN JUAN DE LURIGANCHO,2.79,1669902,FAMILIA UNIVERSAL SCHOOL,Privada,Privado,LIMA,RIMAC,AVENIDA LORENZO ENCALADA 182,-12.02645,-77.02818
SISE ATE,2.99,1670819,CESAR VALLEJO MENDOZA DE VITARTE,Privada,Privado,LIMA,ATE,MZ G LOTE 4 SECTOR SANTA CLARA,-12.02053,-76.87336
SISE VILLA EL SALVADOR,5.0,1671452,PASCAL BLAISE,Privada,Privado,LIMA,VILLA EL SALVADOR,MZ P LOTE 1 SECTOR 9,-12.23634,-76.94337
SISE SAN JUAN DE MIRAFLORES,3.3,1671486,SANTA CLARA,Privada,Privado,LIMA,VILLA MARIA DEL TRIUNFO,AVENIDA AMAZONAS 133 LOTE 11 ETAPA V,-12.14316,-76.94876
SISE SURCO,4.27,1671486,SANTA CLARA,Privada,Privado,LIMA,VILLA MARIA DEL TRIUNFO,AVENIDA AMAZONAS 133 LOTE 11 ETAPA V,-12.14316,-76.94876
SISE SAN JUAN DE MIRAFLORES,1.2,1671569,PROLOG DE SAN JUAN DE MIRAFLORES II,Privada,Privado,LIMA,SAN JUAN DE MIRAFLORES,AVENIDA VICTOR CASTRO IGLESIAS 879 MZ F-3 LOTE 26-25 ZONA C-1,-12.16939,-76.96706
SISE SURCO,3.45,1671569,PROLOG DE SAN JUAN DE MIRAFLORES II,Privada,Privado,LIMA,SAN JUAN DE MIRAFLORES,AVENIDA VICTOR CASTRO IGLESIAS 879 MZ F-3 LOTE 26-25 ZONA C-1,-12.16939,-76.96706
SISE VILLA EL SALVADOR,4.07,1671569,PROLOG DE SAN JUAN DE MIRAFLORES II,Privada,Privado,LIMA,SAN JUAN DE MIRAFLORES,AVENIDA VICTOR CASTRO IGLESIAS 879 MZ F-3 LOTE 26-25 ZONA C-1,-12.16939,-76.96706
SISE SAN JUAN DE LURIGANCHO,1.96,1671841,SAN JOSE I,Privada,Privado,LIMA,SAN JUAN DE LURIGANCHO,JIRON HARAVICU 333,-12.02518,-76.98823
SISE SAN JUAN DE LURIGANCHO,1.1,1671940,MI JARDIN ABC,Privada,Privado,LIMA,SAN JUAN DE LURIGANCHO,JIRON LAS CRUCINELAS 1377 MZ L LOTE 33,-12.0083,-77.00852
SISE SAN JUAN DE MIRAFLORES,1.06,1672278,LATINOAMERICA,Privada,Privado,LIMA,SAN JUAN DE MIRAFLORES,JIRON SAMUEL LUIS VILLARAN 299,-12.15165,-76.96981
SISE SURCO,2.07,1672278,LATINOAMERICA,Privada,Privado,LIMA,SAN JUAN DE MIRAFLORES,JIRON SAMUEL LUIS VILLARAN 299,-12.15165,-76.96981
SISE PUENTE PIEDRA,4.39,1672633,5135 LA SALLE,P£blica de gesti¢n directa,Público,CALLAO,MI PERU,AVENIDA VILLA MZ A-1 LOTE 1,-11.846952,-77.114048
SISE VENTANILLA,2.97,1672633,5135 LA SALLE,P£blica de gesti¢n directa,Público,CALLAO,MI PERU,AVENIDA VILLA MZ A-1 LOTE 1,-11.846952,-77.114048
SISE ATE,3.06,1673052,TECHNOLOGY SCHOOLS,Privada,Privado,LIMA,ATE,PARCELA 03 MZ B LOTE 3-4,-12.039564,-76.881137
SISE SAN JUAN DE MIRAFLORES,4.3,1673391,COOPERATIVA NUEVO MILENIO - EDUCCOP - 2,Privada,Privado,LIMA,VILLA MARIA DEL TRIUNFO,19 DE JULIO ETAPA VII ZONA NUEVO MILENIO,-12.17666,-76.93738
SISE VILLA EL SALVADOR,1.68,1673391,COOPERATIVA NUEVO MILENIO - EDUCCOP - 2,Privada,Privado,LIMA,VILLA MARIA DEL TRIUNFO,19 DE JULIO ETAPA VII ZONA NUEVO MILENIO,-12.17666,-76.93738
SISE COMAS,1.69,1677632,NORBERT WIENER DE SAN MARCOS,Privada,Privado,LIMA,SAN MARTIN DE PORRES,AVENIDA ANTUNEZ DE MAYOLO S/N MZ A LOTE 01,-12.00314,-77.09365
SISE INDEPENDENCIA,3.99,1677632,NORBERT WIENER DE SAN MARCOS,Privada,Privado,LIMA,SAN MARTIN DE PORRES,AVENIDA ANTUNEZ DE MAYOLO S/N MZ A LOTE 01,-12.00314,-77.09365
SISE INDEPENDENCIA,2.8,1691260,CESAR VALLEJO DE PAYET,Privada,Privado,LIMA,INDEPENDENCIA,JIRON HUAYTAPAMPA 541,-11.969776,-77.044329
SISE SAN JUAN DE MIRAFLORES,4.03,1691963,DEL VALLE,Privada,Privado,LIMA,VILLA MARIA DEL TRIUNFO,CALLE 2 DE MAYO 747,-12.14036,-76.94255
SISE SURCO,4.97,1691963,DEL VALLE,Privada,Privado,LIMA,VILLA MARIA DEL TRIUNFO,CALLE 2 DE MAYO 747,-12.14036,-76.94255
SISE VILLA EL SALVADOR,2.86,1691989,CONTINENTAL I,Privada,Privado,LIMA,VILLA MARIA DEL TRIUNFO,JIRON YAUCA 284,-12.17385,-76.91852
SISE INDEPENDENCIA,3.44,1694421,VISIONARIOS COLEGIO,Privada,Privado,LIMA,LOS OLIVOS,MZ D LOTE 17 ETAPA I,-11.96155,-77.07104
SISE INDEPENDENCIA,4.77,1696533,AL GORE,Privada,Privado,LIMA,COMAS,AVENIDA PERU 1179,-11.948187,-77.050972
SISE PUENTE PIEDRA,3.56,1697994,CRUZ SACO DE SAN ANTONIO,Privada,Privado,LIMA,CARABAYLLO,CALLE 14 S/N MZ M3 LOTE 15-22,-11.86263,-77.04522
SISE ATE,2.96,1698034,AMERICAN WHITMAN,Privada,Privado,LIMA,ATE,AVENIDA RAMIRO PRIALE PRIALE MZ F LOTE 1,-12.04488,-76.89147
SISE PUENTE PIEDRA,0.26,1698190,TECHNOLOGY SCHOOLS,Privada,Privado,LIMA,PUENTE PIEDRA,AVENIDA LA VICTORIA 716-720,-11.86461,-77.08026
SISE INDEPENDENCIA,2.81,1698463,ALFRED BINET MASTER,Privada,Privado,LIMA,INDEPENDENCIA,CALLE 33 199,-11.970176,-77.043646
SISE INDEPENDENCIA,4.33,1698950,INNOVA SCHOOLS - CANTA CALLAO,Privada,Privado,LIMA,SAN MARTIN DE PORRES,CALLE YURUMAYO S/N MZ E LOTE 2,-11.96122,-77.08584
SISE SAN JUAN DE MIRAFLORES,4.77,1699107,THOMAS ALVA EDISON,Privada,Privado,LIMA,SAN JUAN DE MIRAFLORES,CARRETERA PANAMERICANA SUR KM 17.5 LOTE 80,-12.20342,-76.97492
SISE VILLA EL SALVADOR,4.27,1699107,THOMAS ALVA EDISON,Privada,Privado,LIMA,SAN JUAN DE MIRAFLORES,CARRETERA PANAMERICANA SUR KM 17.5 LOTE 80,-12.20342,-76.97492
SISE SAN JUAN DE MIRAFLORES,4.6,1699149,SAN IGNACIO DE NUEVA ESPERANZA,Privada,Privado,LIMA,VILLA MARIA DEL TRIUNFO,JIRON LA LIBERTAD 196 MZ B LOTE 2,-12.17051,-76.9323
SISE VILLA EL SALVADOR,2.43,1699149,SAN IGNACIO DE NUEVA ESPERANZA,Privada,Privado,LIMA,VILLA MARIA DEL TRIUNFO,JIRON LA LIBERTAD 196 MZ B LOTE 2,-12.17051,-76.9323
SISE SAN JUAN DE LURIGANCHO,2.88,1699453,CRISTIAN HUYGENS,Privada,Privado,LIMA,SAN JUAN DE LURIGANCHO,JIRON LOS BADIANES 234,-11.99251,-77.01213
SISE COMAS,3.03,1699537,SAN FELIPE,Privada,Privado,LIMA,SAN MARTIN DE PORRES,MZ D LOTE 33-34-35,-11.9909,-77.0987
SISE INDEPENDENCIA,4.28,1699537,SAN FELIPE,Privada,Privado,LIMA,SAN MARTIN DE PORRES,MZ D LOTE 33-34-35,-11.9909,-77.0987
SISE VILLA EL SALVADOR,4.57,1699990,LOS ANGELES DE NUESTRA SE¥ORA DE GUADALUPE,Privada,Privado,LIMA,VILLA EL SALVADOR,MZ G LOTE 23-24 SECTOR 7,-12.23267,-76.94196
SISE VILLA EL SALVADOR,4.36,1700020,HIGH SCHOOL SANTA MARIA,Privada,Privado,LIMA,VILLA MARIA DEL TRIUNFO,LOTE 5 Y 7,-12.15949,-76.91467
SISE SAN JUAN DE MIRAFLORES,4.37,1700327,INTEGRA COLLEGE,Privada,Privado,LIMA,VILLA EL SALVADOR,MZ Q LOTE 6,-12.19733,-76.95925
SISE VILLA EL SALVADOR,2.45,1700327,INTEGRA COLLEGE,Privada,Privado,LIMA,VILLA EL SALVADOR,MZ Q LOTE 6,-12.19733,-76.95925
SISE INDEPENDENCIA,3.62,1700749,FEDERICO VILLARREAL - BILINGE,Privada,Privado,LIMA,COMAS,JIRON LIBERTAD 348 - 350,-11.95837,-77.05256
SISE VILLA EL SALVADOR,2.83,1700855,EL TRIUNFO DE CRISTO,Privada,Privado,LIMA,VILLA EL SALVADOR,MZ M-3 LOTE 05 SECTOR 3,-12.21726,-76.93711
SISE SAN JUAN DE MIRAFLORES,4.68,1700970,SACO OLIVEROS DE VILLA EL SALVADOR,Privada,Privado,LIMA,VILLA EL SALVADOR,AVENIDA REVOLUCION MZ J1 LOTE 1 SECTOR 1,-12.19486,-76.94847
SISE VILLA EL SALVADOR,1.25,1700970,SACO OLIVEROS DE VILLA EL SALVADOR,Privada,Privado,LIMA,VILLA EL SALVADOR,AVENIDA REVOLUCION MZ J1 LOTE 1 SECTOR 1,-12.19486,-76.94847
SISE SAN MIGUEL,4.84,1701002,INNOVA SCHOOLS - CERCADO,Privada,Privado,LIMA,LIMA,JIRON PACASMAYO 701,-12.04832,-77.0464
SISE SANTA BEATRIZ,3.46,1701002,INNOVA SCHOOLS - CERCADO,Privada,Privado,LIMA,LIMA,JIRON PACASMAYO 701,-12.04832,-77.0464
SISE VILLA EL SALVADOR,2.59,1701127,MARANATHA,Privada,Privado,LIMA,VILLA EL SALVADOR,AVENIDA EL SOL GR 1 MZ M LOTE 21,-12.20759,-76.95491
SISE COMAS,4.65,1701259,SACO OLIVEROS DE NARANJAL,Privada,Privado,LIMA,SAN MARTIN DE PORRES,CALLE LLATA S/N MZ A LOTE 9,-11.97055,-77.08832
SISE INDEPENDENCIA,3.84,1701259,SACO OLIVEROS DE NARANJAL,Privada,Privado,LIMA,SAN MARTIN DE PORRES,CALLE LLATA S/N MZ A LOTE 9,-11.97055,-77.08832
SISE PUENTE PIEDRA,4.48,1701275,PAMER PUENTE PIEDRA 2,Privada,Privado,LIMA,PUENTE PIEDRA,"MZ H LOTE 5,6,19-22",-11.90346,-77.06751
SISE VILLA EL SALVADOR,3.87,1701895,CALIFORNIA SCHOOL,Privada,Privado,LIMA,VILLA EL SALVADOR,MZ L LOTE 9-10 ETAPA 3,-12.20633,-76.96983
SISE VENTANILLA,2.01,1702687,TECNOLOGICO CONSTRUCTORES,Privada,Privado,CALLAO,VENTANILLA,AVENIDA CONSTRUCTORES MZ Y LOTE 10-12-13 SECTOR II,-11.855446,-77.140003
SISE PUENTE PIEDRA,3.88,1702711,SAN JOSE DE LAS LOMAS,Privada,Privado,LIMA,CARABAYLLO,"MZ S LOTE 13,14 Y 15",-11.83005,-77.08374
SISE SAN JUAN DE LURIGANCHO,3.24,1702604,COSMOS INGENIEROS,Privada,Privado,LIMA,EL AGUSTINO,AVENIDA RIVA AGUERO 1544,-12.04595,-76.9989
SISE PUENTE PIEDRA,4.73,1703453,INNOVA AMERICA HIGH SCHOOL,Privada,Privado,LIMA,CARABAYLLO,MZ F21 LOTE 1 AL 4 ETAPA II,-11.8393,-77.04283
SISE SAN JUAN DE MIRAFLORES,4.72,1704097,PROLOG DE NUEVA ESPERANZA,Privada,Privado,LIMA,VILLA MARIA DEL TRIUNFO,AVENIDA 26 DE NOVIEMBRE 1149 MZ 61 LOTE 05,-12.17129,-76.93134
SISE VILLA EL SALVADOR,2.37,1704097,PROLOG DE NUEVA ESPERANZA,Privada,Privado,LIMA,VILLA MARIA DEL TRIUNFO,AVENIDA 26 DE NOVIEMBRE 1149 MZ 61 LOTE 05,-12.17129,-76.93134
SISE SANTA BEATRIZ,3.09,1704147,SAN FRANCISCO DE ASIS,Privada,Privado,LIMA,LA VICTORIA,JIRON RODOLFO ESPINAR 116,-12.07059,-77.00841
SISE COMAS,4.97,1704329,SAINT PATRICK,Privada,Privado,LIMA,LIMA,JIRON TNTE ARISTIDES DEL CARPIO 1625,-12.05636,-77.07814
SISE SAN MIGUEL,2.59,1704329,SAINT PATRICK,Privada,Privado,LIMA,LIMA,JIRON TNTE ARISTIDES DEL CARPIO 1625,-12.05636,-77.07814
SISE VILLA EL SALVADOR,1.94,1704378,SCHOOL MAHATMA GANDHI,Privada,Privado,LIMA,VILLA EL SALVADOR,MZ K LOTE 5 SECTOR 2,-12.20705,-76.94603
SISE VENTANILLA,3.09,1705029,FE Y ALEGRIA 76,P£blica de gesti¢n privada,Privado,CALLAO,VENTANILLA,GRUPO RESIDENCIAL 5 SECTOR F,-11.84773,-77.145983
SISE VENTANILLA,4.73,1718055,5094 NACIONES UNIDAS,P£blica de gesti¢n directa,Público,CALLAO,VENTANILLA,AVENIDA PERU ALTURA KM 37.5,-11.827088,-77.129217
SISE CANTUARIAS,3.4,1719038,ALDEBARAN,Privada,Privado,LIMA,SANTIAGO DE SURCO,JIRON INTIHUATANA 459,-12.11487,-76.99504
SISE SURCO,3.55,1719038,ALDEBARAN,Privada,Privado,LIMA,SANTIAGO DE SURCO,JIRON INTIHUATANA 459,-12.11487,-76.99504
SISE SAN MIGUEL,1.78,1719855,ALBERT EINSTEIN - SAN MIGUEL,Privada,Privado,LIMA,SAN MIGUEL,AVENIDA LIBERTAD 1170,-12.08427,-77.09297
SISE SAN JUAN DE LURIGANCHO,3.99,1720184,JOSEPH NOVAK SCHOOL I,Privada,Privado,LIMA,SAN JUAN DE LURIGANCHO,AVENIDA CANTO GRANDE S/N MZ M LOTE 41,-11.9818,-77.0097
SISE SAN JUAN DE LURIGANCHO,4.67,1720192,ANGELO PATRI DE CAMPOY,Privada,Privado,LIMA,SAN JUAN DE LURIGANCHO,MZ V LOTE 34,-12.00923,-76.96217
SISE COMAS,2.17,1720275,SAN FRANCISCO DE CAYRAN,P£blica de gesti¢n directa,Público,LIMA,SAN MARTIN DE PORRES,CALLE 22 MZ L LOTE 2,-11.992562,-77.084822
SISE INDEPENDENCIA,2.78,1720275,SAN FRANCISCO DE CAYRAN,P£blica de gesti¢n directa,Público,LIMA,SAN MARTIN DE PORRES,CALLE 22 MZ L LOTE 2,-11.992562,-77.084822
SISE SAN JUAN DE MIRAFLORES,2.69,1720713,6056 SANTA ROSA ALTA,P£blica de gesti¢n directa,Público,LIMA,VILLA MARIA DEL TRIUNFO,JIRON SANTA ROSA 900,-12.15345,-76.9497
SISE SURCO,4.24,1720713,6056 SANTA ROSA ALTA,P£blica de gesti¢n directa,Público,LIMA,VILLA MARIA DEL TRIUNFO,JIRON SANTA ROSA 900,-12.15345,-76.9497
SISE VILLA EL SALVADOR,4.46,1720713,6056 SANTA ROSA ALTA,P£blica de gesti¢n directa,Público,LIMA,VILLA MARIA DEL TRIUNFO,JIRON SANTA ROSA 900,-12.15345,-76.9497
SISE SAN MIGUEL,4.35,1721372,5011 DARIO ARRUS CUESTAS,P£blica de gesti¢n directa,Público,CALLAO,BELLAVISTA,CALLE 72 S/N,-12.06287,-77.11342
SISE PUENTE PIEDRA,1.68,1721893,DANIEL ALCIDES CARRION,Privada,Privado,LIMA,PUENTE PIEDRA,"MZ L LOTE 07-10, 19",-11.8494,-77.07925
SISE SAN JUAN DE LURIGANCHO,1.82,1721919,SANTA GEMMA GALGANI,Privada,Privado,LIMA,SAN JUAN DE LURIGANCHO,AVENIDA LAS LOMAS 1049,-12.0151,-76.98772
SISE VENTANILLA,2.64,1722230,5148 LAS BRISAS DE PACHACUTEC,P£blica de gesti¢n directa,Público,CALLAO,VENTANILLA,MZ B LOTE 1,-11.84639,-77.123624
SISE VENTANILLA,1.11,1722750,SACO OLIVEROS SEDE VENTANILLA,Privada,Privado,CALLAO,VENTANILLA,MZ S LOTE 22-26,-11.879322,-77.1261
SISE PUENTE PIEDRA,4.73,1722883,MASHAL,Privada,Privado,LIMA,COMAS,CALLE 6 S/N MZ I LOTE 41,-11.90327,-77.06002
SISE COMAS,2.62,1723345,MARIA MONTESSORI STOPPANI,Privada,Privado,LIMA,SAN MARTIN DE PORRES,JIRON RIMAC 805,-12.0341,-77.0883
SISE SAN MIGUEL,2.5,1723378,INNOVA SCHOOLS - BERTELLO,Privada,Privado,LIMA,LIMA,SUB LOTE 5-B MZ C LOTE 3-4-5,-12.06259,-77.06233
SISE SANTA BEATRIZ,3.33,1723378,INNOVA SCHOOLS - BERTELLO,Privada,Privado,LIMA,LIMA,SUB LOTE 5-B MZ C LOTE 3-4-5,-12.06259,-77.06233
SISE SAN JUAN DE MIRAFLORES,2.92,1723642,INNOVA SCHOOLS - CHORRILLOS UNIVERSO 2,Privada,Privado,LIMA,CHORRILLOS,CALLE 17 MZ V LOTE 11 SECTOR 5,-12.17266,-76.99717
SISE SURCO,3.13,1723642,INNOVA SCHOOLS - CHORRILLOS UNIVERSO 2,Privada,Privado,LIMA,CHORRILLOS,CALLE 17 MZ V LOTE 11 SECTOR 5,-12.17266,-76.99717
SISE CANTUARIAS,1.86,1723741,INTERNATIONAL CHRISTIAN SCHOOL OF LIMA,Privada,Privado,LIMA,MIRAFLORES,AVENIDA ANGAMOS OESTE 1155,-12.11345,-77.04079
SISE SANTA BEATRIZ,4.01,1723741,INTERNATIONAL CHRISTIAN SCHOOL OF LIMA,Privada,Privado,LIMA,MIRAFLORES,AVENIDA ANGAMOS OESTE 1155,-12.11345,-77.04079
SISE SAN MIGUEL,3.53,1723873,INNOVA SCHOOLS - SAN MIGUEL 3 LA PAZ,Privada,Privado,LIMA,SAN MIGUEL,AVENIDA LA PAZ MZ 29 LOTE 423,-12.07699,-77.10963
SISE VILLA EL SALVADOR,4.43,1728617,MY HONE AND SCHOOL,Privada,Privado,LIMA,VILLA EL SALVADOR,MZ C LOTE 12 SECTOR 7,-12.2314,-76.94184
SISE COMAS,2.74,1728625,SANTA ANA DE LOS JARDINES II,Privada,Privado,LIMA,SAN MARTIN DE PORRES,JIRON TAMARINDOS 381-383,-12.01438,-77.05571
SISE INDEPENDENCIA,2.71,1728625,SANTA ANA DE LOS JARDINES II,Privada,Privado,LIMA,SAN MARTIN DE PORRES,JIRON TAMARINDOS 381-383,-12.01438,-77.05571
SISE PUENTE PIEDRA,2.68,1728674,FAMILY SCHOOL,Privada,Privado,LIMA,CARABAYLLO,MZ B LOTE 5-11 SECTOR SAN LORENZO,-11.8441,-77.06474
SISE PUENTE PIEDRA,4.48,1728690,HEINRICH PESTALOZZI COLLEGE,Privada,Privado,LIMA,CARABAYLLO,AVENIDA SANTA MARIA MZ B1 LOTE 11 -12 ETAPA VI,-11.844717,-77.04193
SISE PUENTE PIEDRA,1.12,1728724,MONSERRAT DE PUENTE PIEDRA,Privada,Privado,LIMA,PUENTE PIEDRA,PASAJE SANTA ROSA MZ B LOTE 2 - 3,-11.85874,-77.08635
SISE VENTANILLA,4.75,1728724,MONSERRAT DE PUENTE PIEDRA,Privada,Privado,LIMA,PUENTE PIEDRA,PASAJE SANTA ROSA MZ B LOTE 2 - 3,-11.85874,-77.08635
SISE ATE,1.4,1728757,COLEGIO MAYOR SISTEMA SAN MARCOS,Privada,Privado,LIMA,ATE,AVENIDA JOSE CARLOS MARIATEGUI,-12.02595,-76.91215
SISE CANTUARIAS,3.56,1728906,DAS GOETHEHAUS,Privada,Privado,LIMA,SANTIAGO DE SURCO,CALLE DO¥A MARIA 141,-12.14108,-77.0
SISE SAN JUAN DE MIRAFLORES,3.62,1728906,DAS GOETHEHAUS,Privada,Privado,LIMA,SANTIAGO DE SURCO,CALLE DO¥A MARIA 141,-12.14108,-77.0
SISE SURCO,1.42,1728906,DAS GOETHEHAUS,Privada,Privado,LIMA,SANTIAGO DE SURCO,CALLE DO¥A MARIA 141,-12.14108,-77.0
SISE INDEPENDENCIA,4.36,1730530,JOSE INGENIEROS I,Privada,Privado,LIMA,SAN JUAN DE LURIGANCHO,MZ F1 LOTE 1,-11.98736,-77.01938
SISE SAN JUAN DE LURIGANCHO,3.71,1730530,JOSE INGENIEROS I,Privada,Privado,LIMA,SAN JUAN DE LURIGANCHO,MZ F1 LOTE 1,-11.98736,-77.01938
SISE SAN JUAN DE MIRAFLORES,2.18,1730803,LINCOLN DEL TRIUNFO,Privada,Privado,LIMA,VILLA MARIA DEL TRIUNFO,AVENIDA JORGE CHAVEZ 281,-12.16146,-76.95329
SISE SURCO,4.14,1730803,LINCOLN DEL TRIUNFO,Privada,Privado,LIMA,VILLA MARIA DEL TRIUNFO,AVENIDA JORGE CHAVEZ 281,-12.16146,-76.95329
SISE VILLA EL SALVADOR,3.78,1730803,LINCOLN DEL TRIUNFO,Privada,Privado,LIMA,VILLA MARIA DEL TRIUNFO,AVENIDA JORGE CHAVEZ 281,-12.16146,-76.95329
SISE COMAS,4.05,1730829,BH SCHOOL S.M.P.,Privada,Privado,LIMA,SAN MARTIN DE PORRES,CALLE 3 MZ D LOTE 29-30-3,-11.97765,-77.09389
SISE INDEPENDENCIA,4.01,1730829,BH SCHOOL S.M.P.,Privada,Privado,LIMA,SAN MARTIN DE PORRES,CALLE 3 MZ D LOTE 29-30-3,-11.97765,-77.09389
SISE COMAS,3.98,1731363,NEIL ARMSTRONG COLLEGE,Privada,Privado,LIMA,SAN MARTIN DE PORRES,AVENIDA PROLONGACION PACASMAYO S/N MZ G LOTE 20 ETAPA I,-11.99305,-77.11199
SISE PUENTE PIEDRA,1.1,1731835,TECHNOLOGY SCHOOLS DE ZAPALLAL I,Privada,Privado,LIMA,PUENTE PIEDRA,AVENIDA SAN FRANCISCO S/N MZ G LOTE 89,-11.87271,-77.0722
SISE PUENTE PIEDRA,4.43,1731843,GOOD PEOPLE,Privada,Privado,LIMA,PUENTE PIEDRA,CALLE MARIANO MELGAR S/N MZ D4A LOTE 16,-11.83391,-77.10401
SISE VENTANILLA,4.78,1731843,GOOD PEOPLE,Privada,Privado,LIMA,PUENTE PIEDRA,CALLE MARIANO MELGAR S/N MZ D4A LOTE 16,-11.83391,-77.10401
SISE ATE,3.6,1732767,BOSTON HIGH SCHOOL,Privada,Privado,LIMA,ATE,"AVENIDA CHOSICA S/N MZ E LOTE 13,14,15,16",-11.98766,-76.89789
SISE ATE,3.99,1732775,SAN IGNACIO SCHOOL,Privada,Privado,LIMA,ATE,CALLE UCAYALI MZ A LOTE 9,-12.030403,-76.935874
SISE ATE,2.88,1732791,SANTIAGO ANTUNEZ DE MAYOLO,Privada,Privado,LIMA,LURIGANCHO,AVENIDA LAS TORRES LOTE 14-B,-12.00198,-76.91998
SISE SAN JUAN DE LURIGANCHO,1.82,1732932,INMACULADO CORAZON DE MARIA,Privada,Privado,LIMA,SAN JUAN DE LURIGANCHO,JIRON LAS MILENRAMAS 636,-12.003906,-77.013956
SISE SAN JUAN DE MIRAFLORES,3.37,1732957,SE¥OR DE LA JUSTICIA II,Privada,Privado,LIMA,SAN JUAN DE MIRAFLORES,CALLE LOS CIRUELOS MZ C LOTE 22,-12.18492,-76.95487
SISE VILLA EL SALVADOR,2.04,1732957,SE¥OR DE LA JUSTICIA II,Privada,Privado,LIMA,SAN JUAN DE MIRAFLORES,CALLE LOS CIRUELOS MZ C LOTE 22,-12.18492,-76.95487
SISE SAN JUAN DE LURIGANCHO,3.94,1733492,SANTA RITA DE CASIA,Privada,Privado,LIMA,SAN JUAN DE LURIGANCHO,AVENIDA EL SOL 138,-11.98277,-77.01256
SISE PUENTE PIEDRA,3.68,1734276,SAN FRANCISCO DE LAS LOMAS,Privada,Privado,LIMA,CARABAYLLO,MZ K LOTE 3,-11.83168,-77.07308
SISE ATE,2.76,1734425,SIN FRONTERAS DE SANTA CLARA,Privada,Privado,LIMA,ATE,AVENIDA B S/N MZ RI LOTE 4,-12.01413,-76.87609
SISE SAN JUAN DE MIRAFLORES,2.84,1734573,GRACIAS JESUS II,Privada,Privado,LIMA,CHORRILLOS,AVENIDA LOS ASTEROIDES 140-142,-12.16823,-76.99826
SISE SURCO,2.71,1734573,GRACIAS JESUS II,Privada,Privado,LIMA,CHORRILLOS,AVENIDA LOS ASTEROIDES 140-142,-12.16823,-76.99826
SISE SAN JUAN DE MIRAFLORES,1.19,1734938,JOHANNES GUTENBERG SCHOOL,Privada,Privado,LIMA,SAN JUAN DE MIRAFLORES,CALLE MARIANO CASANOVA 856-858 MZ J LOTE 5,-12.15482,-76.96414
SISE SURCO,2.76,1734938,JOHANNES GUTENBERG SCHOOL,Privada,Privado,LIMA,SAN JUAN DE MIRAFLORES,CALLE MARIANO CASANOVA 856-858 MZ J LOTE 5,-12.15482,-76.96414
SISE VILLA EL SALVADOR,1.64,1735042,VILLA DE CRISTO,Privada,Privado,LIMA,VILLA EL SALVADOR,MZ G LOTE 3-4 SECTOR 2,-12.20646,-76.93891
SISE INDEPENDENCIA,2.75,1735059,MONTESSORI SCHOOL,Privada,Privado,LIMA,INDEPENDENCIA,CALLE 32 175,-11.9709,-77.0436
SISE COMAS,3.17,1735216,SAN VICENTE DE NARANJAL,Privada,Privado,LIMA,SAN MARTIN DE PORRES,MZ A LOTE 8,-12.029867,-77.05831
SISE INDEPENDENCIA,4.41,1735216,SAN VICENTE DE NARANJAL,Privada,Privado,LIMA,SAN MARTIN DE PORRES,MZ A LOTE 8,-12.029867,-77.05831
SISE COMAS,4.0,1738889,STANFORD SUIZA PERUANA,Privada,Privado,LIMA,LOS OLIVOS,CALLE 6 MZ D LOTE 12-13-14,-11.97634,-77.07393
SISE INDEPENDENCIA,2.21,1738889,STANFORD SUIZA PERUANA,Privada,Privado,LIMA,LOS OLIVOS,CALLE 6 MZ D LOTE 12-13-14,-11.97634,-77.07393
SISE PUENTE PIEDRA,3.34,1748037,SANTA TERESA DE JESUS,Privada,Privado,LIMA,PUENTE PIEDRA,CARRETERA CARROZABLE EX CAT GALLINAZOS LTDA 54 S/N,-11.89068,-77.062851
SISE INDEPENDENCIA,4.83,1748185,SAN VICENTE,Privada,Privado,LIMA,SAN JUAN DE LURIGANCHO,AVENIDA CANTO GRANDE 2274,-11.99313,-77.01503
SISE SAN JUAN DE LURIGANCHO,2.93,1748185,SAN VICENTE,Privada,Privado,LIMA,SAN JUAN DE LURIGANCHO,AVENIDA CANTO GRANDE 2274,-11.99313,-77.01503
SISE SAN JUAN DE LURIGANCHO,3.25,1748730,SAN GABRIEL,P£blica de gesti¢n directa,Público,LIMA,SAN JUAN DE LURIGANCHO,MZ X LOTE 1,-11.98834,-77.00038
SISE COMAS,2.66,1749019,PEDRO ABRAHAM VALDELOMAR PINTO,P£blica de gesti¢n directa,Público,LIMA,SAN MARTIN DE PORRES,MZ O,-11.993979,-77.097176
SISE INDEPENDENCIA,4.13,1749019,PEDRO ABRAHAM VALDELOMAR PINTO,P£blica de gesti¢n directa,Público,LIMA,SAN MARTIN DE PORRES,MZ O,-11.993979,-77.097176
SISE SAN JUAN DE LURIGANCHO,1.32,1750033,NI¥O CHAPERITO,Privada,Privado,LIMA,SAN JUAN DE LURIGANCHO,AVENIDA SANTA ROSA DE LIMA 1475,-12.00756,-76.99745
SISE ATE,4.53,1750074,ERNST VON SIEMENS,Privada,Privado,HUAROCHIRI,SAN ANTONIO,AVENIDA PRINCIPAL G S/N MZ 12 LOTE 3,-11.97931,-76.904257
SISE ATE,4.5,1750082,UNITALENTOS,Privada,Privado,HUAROCHIRI,SAN ANTONIO,CALLE 11 S/N MZ G LOTE 8-9-30 ZONA ANEXO18,-11.997943,-76.866011
SISE PUENTE PIEDRA,0.68,1751593,SAN JOSE DE NAZARETH - LIMA NORTE,Privada,Privado,LIMA,PUENTE PIEDRA,JIRON MU¥OZ MZ J LOTE 1 SECTOR LOS GRAMADALES ZONA TACNA PARCELA 2,-11.863033,-77.083956
SISE VENTANILLA,4.91,1751593,SAN JOSE DE NAZARETH - LIMA NORTE,Privada,Privado,LIMA,PUENTE PIEDRA,JIRON MU¥OZ MZ J LOTE 1 SECTOR LOS GRAMADALES ZONA TACNA PARCELA 2,-11.863033,-77.083956
SISE INDEPENDENCIA,4.61,1751627,JESUS EL EDUCADOR,Privada,Privado,LIMA,SAN JUAN DE LURIGANCHO,JIRON GALAXIA 2721-2731,-11.98267,-77.01772
SISE SAN JUAN DE LURIGANCHO,4.12,1751627,JESUS EL EDUCADOR,Privada,Privado,LIMA,SAN JUAN DE LURIGANCHO,JIRON GALAXIA 2721-2731,-11.98267,-77.01772
SISE PUENTE PIEDRA,4.79,1751791,GENES DEL NORTE,Privada,Privado,LIMA,PUENTE PIEDRA,AVENIDA PANAMERICA NORTE MZ N LOTE 179,-11.83628,-77.11109
SISE VENTANILLA,4.16,1751791,GENES DEL NORTE,Privada,Privado,LIMA,PUENTE PIEDRA,AVENIDA PANAMERICA NORTE MZ N LOTE 179,-11.83628,-77.11109
SISE ATE,2.85,1752849,CIBERT VITARTE,Privada,Privado,LIMA,ATE,JIRON HUSARES DE JUNIN MZ C LOTE 5,-12.031046,-76.924433
SISE COMAS,3.74,1753458,ARQUITECTOS SCHOOL,Privada,Privado,LIMA,LOS OLIVOS,AVENIDA NARANJAL 829,-11.97888,-77.07328
SISE INDEPENDENCIA,1.97,1753458,ARQUITECTOS SCHOOL,Privada,Privado,LIMA,LOS OLIVOS,AVENIDA NARANJAL 829,-11.97888,-77.07328
SISE PUENTE PIEDRA,4.65,1753474,SACO OLIVEROS DE CARABAYLLO,Privada,Privado,LIMA,CARABAYLLO,JIRON JOSE DE SAN MARTIN MZ F LOTE 19,-11.85309,-77.03674
SISE ATE,0.36,1754118,MATER CRISTHIE,Privada,Privado,LIMA,ATE,CALLE HUANCHIHUAYLAS LOTE 68-C,-12.02307,-76.90034
SISE SAN JUAN DE MIRAFLORES,2.13,1754134,SANTISIMA VIRGEN DE CHAPI,Privada,Privado,LIMA,SANTIAGO DE SURCO,AVENIDA SANTIAGO DE SURCO 4955,-12.14687,-76.98711
SISE SURCO,0.13,1754134,SANTISIMA VIRGEN DE CHAPI,Privada,Privado,LIMA,SANTIAGO DE SURCO,AVENIDA SANTIAGO DE SURCO 4955,-12.14687,-76.98711
SISE CANTUARIAS,2.63,1754423,INNOVA SCHOOLS SURCO - AMBROSIO,Privada,Privado,LIMA,SANTIAGO DE SURCO,JIRON VENEGAS 896,-12.14131,-77.0129
SISE SAN JUAN DE MIRAFLORES,4.8,1754423,INNOVA SCHOOLS SURCO - AMBROSIO,Privada,Privado,LIMA,SANTIAGO DE SURCO,JIRON VENEGAS 896,-12.14131,-77.0129
SISE SURCO,2.77,1754423,INNOVA SCHOOLS SURCO - AMBROSIO,Privada,Privado,LIMA,SANTIAGO DE SURCO,JIRON VENEGAS 896,-12.14131,-77.0129
SISE PUENTE PIEDRA,2.23,1754639,EL DIVINO MAESTRO,Privada,Privado,LIMA,PUENTE PIEDRA,MZ E LOTE 1-2,-11.84823,-77.08988
SISE VENTANILLA,4.83,1754639,EL DIVINO MAESTRO,Privada,Privado,LIMA,PUENTE PIEDRA,MZ E LOTE 1-2,-11.84823,-77.08988
SISE ATE,3.18,1755131,CRISTO REY SALVADOR DE SANTA CLARA,Privada,Privado,LIMA,ATE,AVENIDA DANIEL ALCIDES CARRION MZ C LOTE 1-2,-12.02053,-76.87161
SISE SAN JUAN DE LURIGANCHO,1.45,1755156,WIESSE SCHOOL,Privada,Privado,LIMA,SAN JUAN DE LURIGANCHO,JIRON LA CANTUTA 225,-12.02543,-76.99397
SISE VILLA EL SALVADOR,3.93,1755453,SANTA ANA,Privada,Privado,LIMA,VILLA MARIA DEL TRIUNFO,CALLE 13 MZ J SECTOR 2,-12.22188,-76.91854
SISE SAN JUAN DE MIRAFLORES,4.23,1755800,JUAN GUTENBERG,Privada,Privado,LIMA,CHORRILLOS,AVENIDA MONITOR HUASCAR S/N MZ 44 LOTE 14,-12.18849,-76.99973
SISE SURCO,4.89,1755800,JUAN GUTENBERG,Privada,Privado,LIMA,CHORRILLOS,AVENIDA MONITOR HUASCAR S/N MZ 44 LOTE 14,-12.18849,-76.99973
SISE VILLA EL SALVADOR,3.82,1756170,AVANTGARD COLLEGE,Privada,Privado,LIMA,VILLA EL SALVADOR,AVENIDA JUAN VELASCO ALVARADO LOTE 29,-12.2193,-76.95842
SISE INDEPENDENCIA,4.15,1756360,CRISTO RAMOS,Privada,Privado,LIMA,COMAS,MZ E LOTE 17 SECTOR LA BALANZA,-11.95741,-77.04122
SISE COMAS,1.63,1756717,CHRISTIAN SCHOOL EL ELYON,Privada,Privado,LIMA,SAN MARTIN DE PORRES,AVENIDA MONTERREY MZ G LOTE 1,-12.005489,-77.09437
SISE INDEPENDENCIA,4.17,1756717,CHRISTIAN SCHOOL EL ELYON,Privada,Privado,LIMA,SAN MARTIN DE PORRES,AVENIDA MONTERREY MZ G LOTE 1,-12.005489,-77.09437
SISE ATE,1.91,1757061,FRATERNIDAD AMERICANA,Privada,Privado,LIMA,ATE,AVENIDA JORGE CHAVEZ S/N MZ V LOTE 17,-12.03092,-76.88732
SISE ATE,2.06,1757079,MASTER CIENCIAS,Privada,Privado,LIMA,ATE,AVENIDA MELITON CARBAJAL MZ K LOTE 11-12,-12.025933,-76.918729
SISE SAN MIGUEL,0.88,1757608,SANTISIMA MADRE MARIA,Privada,Privado,LIMA,SAN MIGUEL,CALLE MARIANA ECHEVARRIA 111,-12.08474,-77.08351
SISE SAN JUAN DE LURIGANCHO,4.15,1758507,MENTOR DE CANTO GRANDE,Privada,Privado,LIMA,SAN JUAN DE LURIGANCHO,JIRON LOS NARANJOS MZ A LOTE 11 SECTOR DE PARCELA. SEM RUSTI,-11.98047,-77.01063
SISE PUENTE PIEDRA,1.38,1758796,8180 CELSO LINO RICALDI,P£blica de gesti¢n directa,Público,LIMA,PUENTE PIEDRA,CALLE SAN MARTIN MZ K LOTE 34,-11.86002,-77.08967
SISE VENTANILLA,4.36,1758796,8180 CELSO LINO RICALDI,P£blica de gesti¢n directa,Público,LIMA,PUENTE PIEDRA,CALLE SAN MARTIN MZ K LOTE 34,-11.86002,-77.08967
SISE SAN JUAN DE MIRAFLORES,2.99,1758838,HORST KIEHN,Privada,Privado,LIMA,SAN JUAN DE MIRAFLORES,CALLE PIURA S/N MZ V5 LOTE 19 SECTOR LEONCIO PRADO,-12.13729,-76.9596
SISE SURCO,3.23,1758838,HORST KIEHN,Privada,Privado,LIMA,SAN JUAN DE MIRAFLORES,CALLE PIURA S/N MZ V5 LOTE 19 SECTOR LEONCIO PRADO,-12.13729,-76.9596
SISE PUENTE PIEDRA,2.51,1759513,HONORES HELICE,Privada,Privado,LIMA,PUENTE PIEDRA,MZ W LOTE 04,-11.88327,-77.06512
SISE PUENTE PIEDRA,1.91,1760271,CORAZON DE JESUS LAS CASUARINAS,Privada,Privado,LIMA,PUENTE PIEDRA,MZ F LOTE 13,-11.86628,-77.06041
SISE PUENTE PIEDRA,1.44,1760719,MARIA MONTESSORI DE COPACABANA,Privada,Privado,LIMA,PUENTE PIEDRA,MZ G LOTE 1 - 16,-11.85157,-77.07725
SISE PUENTE PIEDRA,2.04,1760925,JUAN PABLO II DE COPACABANA,Privada,Privado,LIMA,PUENTE PIEDRA,MZ C LOTE 01,-11.84742,-77.08472
SISE ATE,2.06,1761907,SE¥OR DE LOS MILAGROS,Privada,Privado,LIMA,ATE,MZ B LOTE 09-12,-12.025933,-76.918729
SISE COMAS,4.38,1762483,SAN ANTONIO DE PADUA DE INDEPENDENCIA,Privada,Privado,LIMA,INDEPENDENCIA,AVENIDA INDOAMERICA 510 MZ E-10 LOTE 7,-11.9826,-77.053595
SISE INDEPENDENCIA,1.06,1762483,SAN ANTONIO DE PADUA DE INDEPENDENCIA,Privada,Privado,LIMA,INDEPENDENCIA,AVENIDA INDOAMERICA 510 MZ E-10 LOTE 7,-11.9826,-77.053595
SISE INDEPENDENCIA,4.81,1762517,INNOVA SCHOOLS - LOS OLIVOS SANTA ANA,Privada,Privado,LIMA,LOS OLIVOS,CALLE 14,-11.951,-77.07792
SISE SAN MIGUEL,2.75,1762533,COLEGIO PAMER LA LIBERTAD,Privada,Privado,LIMA,SAN MIGUEL,AVENIDA ELMER FAUCETT 381,-12.074885,-77.102084
SISE PUENTE PIEDRA,3.1,1762590,INNOVA SCHOOLS - CARABAYLLO SAN ANTONIO,Privada,Privado,LIMA,CARABAYLLO,JIRON LOS EUCALIPTOS,-11.86253,-77.04947
SISE SAN JUAN DE LURIGANCHO,0.3,1762723,INNOVA SCHOOLS - SJL ARABISCOS,Privada,Privado,LIMA,SAN JUAN DE LURIGANCHO,JIRON ARABISCO - SUB LOTE 6-2,-12.01486,-77.00548
SISE SAN JUAN DE LURIGANCHO,3.69,1762731,SAN CARLOS DE LA CORPORACION,Privada,Privado,LIMA,EL AGUSTINO,JIRON QUI¥ONES 345 MZ M LOTE 27,-12.05011,-76.99931
SISE SAN JUAN DE LURIGANCHO,4.01,1762772,INNOVA SCHOOLS - SJL EL SOL,Privada,Privado,LIMA,SAN JUAN DE LURIGANCHO,AVENIDA 2 S/N MZ H LOTE 4-5,-11.98165,-77.01019
SISE SAN JUAN DE LURIGANCHO,3.96,1763101,PAMER LOS DURAZNOS,Privada,Privado,LIMA,SAN JUAN DE LURIGANCHO,CALLE LOS DURAZNOS MZ C LOTE 29 ETAPA III,-11.98166,-77.00431
SISE COMAS,4.43,1763762,INNOVA SCHOOLS - CALLAO LEMOS,Privada,Privado,CALLAO,CALLAO,AVENIDA VIRREY CONDE LEMOS 327-333,-12.04917,-77.09473
SISE SAN MIGUEL,3.89,1763762,INNOVA SCHOOLS - CALLAO LEMOS,Privada,Privado,CALLAO,CALLAO,AVENIDA VIRREY CONDE LEMOS 327-333,-12.04917,-77.09473
SISE PUENTE PIEDRA,4.56,1764687,LOS INGENIEROS DE ZAPALLAL,Privada,Privado,LIMA,PUENTE PIEDRA,AVENIDA SAN FRANCISCO S/N MZ G LOTE 89 Y 89-A,-11.838703,-77.11041
SISE VENTANILLA,3.96,1764687,LOS INGENIEROS DE ZAPALLAL,Privada,Privado,LIMA,PUENTE PIEDRA,AVENIDA SAN FRANCISCO S/N MZ G LOTE 89 Y 89-A,-11.838703,-77.11041
SISE PUENTE PIEDRA,2.65,1764943,TESLA SCHOOL,Privada,Privado,LIMA,PUENTE PIEDRA,CALLE LOS NARANJOS S/N LOTE 197-F,-11.85136,-77.09816
SISE VENTANILLA,3.88,1764943,TESLA SCHOOL,Privada,Privado,LIMA,PUENTE PIEDRA,CALLE LOS NARANJOS S/N LOTE 197-F,-11.85136,-77.09816
SISE COMAS,2.0,1765437,SKHOLE PAIDEA,Privada,Privado,LIMA,LOS OLIVOS,JIRON ARIES 923 - 927,-11.99595,-77.07196
SISE INDEPENDENCIA,1.51,1765437,SKHOLE PAIDEA,Privada,Privado,LIMA,LOS OLIVOS,JIRON ARIES 923 - 927,-11.99595,-77.07196
SISE COMAS,3.93,1765734,HONORES DE BERTELLO,Privada,Privado,LIMA,SAN MARTIN DE PORRES,"AVENIDA CARLOS IZAGUIRRE S/N MZ B LOTE 11,12,13 Y 14",-11.988423,-77.107988
SISE INDEPENDENCIA,4.83,1765916,JOSE MARIA ESCRIVA DE BALAGUER,Privada,Privado,LIMA,LOS OLIVOS,MZ E LOTE 9-10,-11.9526,-77.0815
SISE SANTA BEATRIZ,3.53,1766377,SE¥OR DE GUALAMITA,Privada,Privado,LIMA,LA VICTORIA,PASAJE LAS COLLAS 641,-12.06611,-77.00563
SISE ATE,4.14,1766906,FRANCOIS VIETE,Privada,Privado,LIMA,LURIGANCHO,CALLE PARINACOCHAS MZ Z LOTE 16,-12.001755,-76.867586
SISE COMAS,2.96,1767250,HONORES DE LOS OLIVOS,Privada,Privado,LIMA,LOS OLIVOS,JIRON CARLOS MONGE 230,-11.98949,-77.06573
SISE INDEPENDENCIA,0.7,1767250,HONORES DE LOS OLIVOS,Privada,Privado,LIMA,LOS OLIVOS,JIRON CARLOS MONGE 230,-11.98949,-77.06573
SISE COMAS,3.01,1767524,ASOCIACION EDUCATIVA PRIVADA ENCINAS SCHOOL,Privada,Privado,LIMA,SAN MARTIN DE PORRES,CALLE LOS GIRASOLES Y LAS VIOLETAS S/N MZ D LOTE 3,-11.99093,-77.09854
SISE INDEPENDENCIA,4.26,1767524,ASOCIACION EDUCATIVA PRIVADA ENCINAS SCHOOL,Privada,Privado,LIMA,SAN MARTIN DE PORRES,CALLE LOS GIRASOLES Y LAS VIOLETAS S/N MZ D LOTE 3,-11.99093,-77.09854
SISE INDEPENDENCIA,4.47,1767938,LORIS MALAGUZZI SCHOOL,Privada,Privado,LIMA,SAN JUAN DE LURIGANCHO,JIRON NEVADO HUASCARAN 385-387,-11.980761,-77.019462
SISE SAN JUAN DE LURIGANCHO,4.38,1767938,LORIS MALAGUZZI SCHOOL,Privada,Privado,LIMA,SAN JUAN DE LURIGANCHO,JIRON NEVADO HUASCARAN 385-387,-11.980761,-77.019462
SISE SAN JUAN DE MIRAFLORES,3.56,1768456,SCHOOLS CENTER,Privada,Privado,LIMA,VILLA MARIA DEL TRIUNFO,CALLE INDEPENDENCIA 270,-12.14913,-76.94271
SISE SURCO,4.93,1768456,SCHOOLS CENTER,Privada,Privado,LIMA,VILLA MARIA DEL TRIUNFO,CALLE INDEPENDENCIA 270,-12.14913,-76.94271
SISE VILLA EL SALVADOR,4.78,1768456,SCHOOLS CENTER,Privada,Privado,LIMA,VILLA MARIA DEL TRIUNFO,CALLE INDEPENDENCIA 270,-12.14913,-76.94271
SISE COMAS,3.0,1768571,CIENCIAS NEWTON,Privada,Privado,LIMA,SAN MARTIN DE PORRES,MZ B LOTE 9-10,-11.985448,-77.086976
SISE INDEPENDENCIA,3.05,1768571,CIENCIAS NEWTON,Privada,Privado,LIMA,SAN MARTIN DE PORRES,MZ B LOTE 9-10,-11.985448,-77.086976
SISE SAN JUAN DE MIRAFLORES,2.17,1768894,AVANZANDO LA LUZ,Privada,Privado,LIMA,SAN JUAN DE MIRAFLORES,AVENIDA SOLIDARIDAD,-12.14143,-76.96933
SISE SURCO,2.09,1768894,AVANZANDO LA LUZ,Privada,Privado,LIMA,SAN JUAN DE MIRAFLORES,AVENIDA SOLIDARIDAD,-12.14143,-76.96933
SISE VENTANILLA,3.66,1769637,ESCRITOR CESAR VALLEJO II,Privada,Privado,CALLAO,VENTANILLA,"MZ B LOTE 2,3 SECTOR G",-11.8386,-77.1398
SISE INDEPENDENCIA,4.82,1770536,ESCUELA EUROPEA DEL PERU,Privada,Privado,LIMA,SAN MARTIN DE PORRES,AVENIDA TANTAMAYO MZ A LOTE 6-9,-11.9629,-77.09369
SISE VENTANILLA,3.19,1770726,SAN JUAN DE DIOS TODOPODEROSO,Privada,Privado,CALLAO,VENTANILLA,"MZ D1 LOTE 1-3,14-16",-11.84131,-77.123539
SISE VILLA EL SALVADOR,1.4,1770809,JOSE DE ARIMATEA II,Privada,Privado,LIMA,VILLA EL SALVADOR,MZ C LOTE 2 SECTOR 2,-12.20358,-76.94196
SISE CANTUARIAS,4.48,1771377,EDUCARE SCHOOL,Privada,Privado,LIMA,LINCE,AVENIDA CANEVARO 1049,-12.0849,-77.04362
SISE SAN MIGUEL,3.71,1771377,EDUCARE SCHOOL,Privada,Privado,LIMA,LINCE,AVENIDA CANEVARO 1049,-12.0849,-77.04362
SISE SANTA BEATRIZ,1.16,1771377,EDUCARE SCHOOL,Privada,Privado,LIMA,LINCE,AVENIDA CANEVARO 1049,-12.0849,-77.04362
SISE PUENTE PIEDRA,4.08,1771591,4020 JOSE SANTOS CHOCANO,P£blica de gesti¢n directa,Público,CALLAO,VENTANILLA,AVENIDA LOS GERANIOS S/N,-11.8709,-77.1148
SISE VENTANILLA,1.5,1771591,4020 JOSE SANTOS CHOCANO,P£blica de gesti¢n directa,Público,CALLAO,VENTANILLA,AVENIDA LOS GERANIOS S/N,-11.8709,-77.1148
SISE SAN JUAN DE LURIGANCHO,2.08,1771948,CRISTO NAZARENO,Privada,Privado,LIMA,SAN JUAN DE LURIGANCHO,JIRON LAS MARGARITAS 1790,-12.00001,-76.997
SISE SAN JUAN DE LURIGANCHO,4.09,1771963,ERMINIA SIRTORI,Privada,Privado,LIMA,SAN JUAN DE LURIGANCHO,MZ G LOTE 24,-11.98059,-77.00184
SISE SAN MIGUEL,1.43,1772169,SANTA MARIA DE LA GRACIA DE MAGDALENA,Privada,Privado,LIMA,MAGDALENA DEL MAR,JIRON TACNA 787,-12.09128,-77.07162
SISE SANTA BEATRIZ,4.17,1772169,SANTA MARIA DE LA GRACIA DE MAGDALENA,Privada,Privado,LIMA,MAGDALENA DEL MAR,JIRON TACNA 787,-12.09128,-77.07162
SISE ATE,2.41,1772219,THALES DE SANTA CLARA,Privada,Privado,LIMA,ATE,CALLE LAS CUCARDAS S/N MZ B LOTE 6 - 7,-12.01337,-76.87966
SISE COMAS,3.38,1773068,REINO DE LOS CIELOS SEDE GARLAND,Privada,Privado,LIMA,SAN MARTIN DE PORRES,JIRON ANTONIO GARLAND 506-510,-12.02154,-77.05132
SISE INDEPENDENCIA,3.59,1773068,REINO DE LOS CIELOS SEDE GARLAND,Privada,Privado,LIMA,SAN MARTIN DE PORRES,JIRON ANTONIO GARLAND 506-510,-12.02154,-77.05132
SISE COMAS,3.24,1773084,LAS GARDENIAS DE SANTA ROSA,Privada,Privado,LIMA,SAN MARTIN DE PORRES,MZ F LOTE 20,-11.99812,-77.10712
SISE SAN JUAN DE LURIGANCHO,4.65,1773100,SACO OLIVEROS - SEDE EL ROSARIO,Privada,Privado,LIMA,SAN JUAN DE LURIGANCHO,JIRON EL ROSARIO 670 MZ H LOTE 6,-11.97702,-76.99269
SISE VENTANILLA,4.06,1773365,SANTA MARIA REYNA,Privada,Privado,CALLAO,VENTANILLA,MZ F LOTE 4 SECTOR D,-11.8433,-77.1544
SISE CANTUARIAS,4.87,1774439,TRILCE SANTA BEATRIZ,Privada,Privado,LIMA,LIMA,AVENIDA AREQUIPA 1381,-12.07837,-77.03519
SISE SAN MIGUEL,4.58,1774439,TRILCE SANTA BEATRIZ,Privada,Privado,LIMA,LIMA,AVENIDA AREQUIPA 1381,-12.07837,-77.03519
SISE SANTA BEATRIZ,0.11,1774439,TRILCE SANTA BEATRIZ,Privada,Privado,LIMA,LIMA,AVENIDA AREQUIPA 1381,-12.07837,-77.03519
SISE PUENTE PIEDRA,4.86,1775659,NUEVA GENERACION DEL NORTE,Privada,Privado,LIMA,CARABAYLLO,"MZ A LOTE 7-11, 30-32",-11.87015,-77.03354
SISE PUENTE PIEDRA,4.88,1775667,SANTA ANA DE CARABAYLLO,Privada,Privado,LIMA,CARABAYLLO,JIRON SAN JUDAS TADEO 312 MZ E LOTE 27-A ETAPA I,-11.883754,-77.037617
SISE PUENTE PIEDRA,4.56,1775675,VIRGEN DE GUADALUPE,Privada,Privado,LIMA,PUENTE PIEDRA,AVENIDA SAN FRANCISCO S/N MZ G LOTE 3-4,-11.83946,-77.11107
SISE VENTANILLA,3.85,1775675,VIRGEN DE GUADALUPE,Privada,Privado,LIMA,PUENTE PIEDRA,AVENIDA SAN FRANCISCO S/N MZ G LOTE 3-4,-11.83946,-77.11107
SISE VILLA EL SALVADOR,1.22,1775931,COLEGIO CRISTIANO JESUS MI REDENTOR,Privada,Privado,LIMA,VILLA MARIA DEL TRIUNFO,AVENIDA FRANCISCO DE ZELA 415-417-419 MZ 2H LOTE 5 SECTOR 1,-12.198596,-76.92862
SISE VENTANILLA,4.72,1776202,SANTA MARIA SCHOOL,Privada,Privado,CALLAO,VENTANILLA,MZ Y LOTE 9-11 AA.HH.,-11.834616,-77.153074
SISE ATE,3.57,1776327,DIVINO SAN PEDRO,Privada,Privado,LIMA,LURIGANCHO,"AVENIDA 2 S/N MZ H2 LOTE 19 AL 22,",-12.00271,-76.87312
SISE SAN MIGUEL,2.26,1776798,HAPPY CHILDREN SCHOOL,Privada,Privado,LIMA,SAN MIGUEL,CALLE LOS NAZCAS 135,-12.08122,-77.09805
SISE PUENTE PIEDRA,2.44,1777325,DESPERTAR,Privada,Privado,LIMA,PUENTE PIEDRA,MZ X LOTE 14,-11.88204,-77.06448
SISE SAN JUAN DE LURIGANCHO,1.88,1777341,LEONARD EULER III,Privada,Privado,LIMA,SAN JUAN DE LURIGANCHO,AVENIDA JUAN VELASCO ALVARADO MZ S-V LOTE 4-5-6 ETAPA III,-12.00407,-76.9935
SISE ATE,4.09,1777366,JOSE OLAYA,Privada,Privado,LIMA,ATE,MZ J LOTE 5 SECTOR F,-12.03621,-76.93454
SISE COMAS,4.13,1778224,MATER DEI,Privada,Privado,LIMA,SAN MARTIN DE PORRES,AVENIDA BERTELLO S/N MZ J LOTE 14-15 ETAPA II,-11.99369,-77.11401
SISE SAN JUAN DE LURIGANCHO,2.93,1778232,SANTA CECILIA,Privada,Privado,LIMA,RIMAC,CALLE SAN FRANCISCO SOLANO 294,-12.034,-77.02518
SISE SANTA BEATRIZ,5.0,1778232,SANTA CECILIA,Privada,Privado,LIMA,RIMAC,CALLE SAN FRANCISCO SOLANO 294,-12.034,-77.02518
SISE ATE,3.61,1778281,UNI SCHOOL,Privada,Privado,LIMA,ATE,AVENIDA 26 DE MAYO MZ A LOTE 4 - 5,-12.0272,-76.93317
SISE COMAS,2.97,1778380,MI BUEN JESUS,Privada,Privado,LIMA,SAN MARTIN DE PORRES,JIRON LORETO 3898,-12.03549,-77.09314
SISE ATE,4.43,1778398,MARIA REINA MARIANISTA,Privada,Privado,LIMA,ATE,CALLE CRUZ DEL SUR 359-361,-12.03518,-76.9384
SISE COMAS,2.78,1778786,SAN PIO X,Privada,Privado,LIMA,SAN MARTIN DE PORRES,JIRON NICOLAS ARANIBAR 107 - 123,-12.0257,-77.0596
SISE INDEPENDENCIA,3.94,1778786,SAN PIO X,Privada,Privado,LIMA,SAN MARTIN DE PORRES,JIRON NICOLAS ARANIBAR 107 - 123,-12.0257,-77.0596
SISE SAN JUAN DE MIRAFLORES,1.76,1778893,SACO OLIVEROS HELICOIDAL I,Privada,Privado,LIMA,SAN JUAN DE MIRAFLORES,MZ F LOTE 11-12-1,-12.17166,-76.96186
SISE SURCO,4.02,1778893,SACO OLIVEROS HELICOIDAL I,Privada,Privado,LIMA,SAN JUAN DE MIRAFLORES,MZ F LOTE 11-12-1,-12.17166,-76.96186
SISE VILLA EL SALVADOR,3.47,1778893,SACO OLIVEROS HELICOIDAL I,Privada,Privado,LIMA,SAN JUAN DE MIRAFLORES,MZ F LOTE 11-12-1,-12.17166,-76.96186
SISE SAN JUAN DE MIRAFLORES,2.18,1778935,VIRGEN DE LA ASUNCION,Privada,Privado,LIMA,SAN JUAN DE MIRAFLORES,AVENIDA PROLONGACION SAN JUAN CUADRA 11 S/N MZ S1A LOTE 01,-12.1429,-76.96468
SISE SURCO,2.55,1778935,VIRGEN DE LA ASUNCION,Privada,Privado,LIMA,SAN JUAN DE MIRAFLORES,AVENIDA PROLONGACION SAN JUAN CUADRA 11 S/N MZ S1A LOTE 01,-12.1429,-76.96468
SISE INDEPENDENCIA,4.31,1779115,CORAZON DE JESUS PIONERO DE LA CIENCIA - SEDE SANTA LUISA,Privada,Privado,LIMA,LOS OLIVOS,JIRON SAN ERNESTO 324,-11.953566,-77.072009
SISE SAN JUAN DE LURIGANCHO,1.72,1779131,ALBERT EINSTEIN SCHOOL,Privada,Privado,LIMA,SAN JUAN DE LURIGANCHO,AVENIDA JARDINES ESTE 673 - 679 - 683 MZ A LOTE 2,-12.00261,-76.99942
SISE VENTANILLA,4.14,1779412,VIRGEN MARIA DE LOS ANGELES,Privada,Privado,CALLAO,VENTANILLA,"MZ U-1 LOTE 12,13",-11.832463,-77.13156
SISE VENTANILLA,4.89,1779420,INGENIERIA DE VENTANILLA,Privada,Privado,CALLAO,VENTANILLA,MZ N3 LOTE 19 SECTOR E,-11.838281,-77.160125
SISE VENTANILLA,3.91,1779446,LATINO AMERICANO,Privada,Privado,CALLAO,VENTANILLA,MZ I-2 LOTE 16-19 SECTOR D ZONA GRUPO RESIDENCI BARRIO IX,-11.845557,-77.154781
SISE PUENTE PIEDRA,1.29,1779883,BARTON,Privada,Privado,LIMA,PUENTE PIEDRA,CALLE LOS CASTA¥OS S/N MZ H LOTE 35-38,-11.85297,-77.07937
SISE PUENTE PIEDRA,1.3,1780097,TERESITA GONZALES DE FANNING,Privada,Privado,LIMA,PUENTE PIEDRA,JIRON JOSE BALTA 280,-11.87506,-77.0828
SISE PUENTE PIEDRA,0.57,1780691,CRISTO REY EL SALVADOR,Privada,Privado,LIMA,PUENTE PIEDRA,MZ C LOTE 1,-11.86092,-77.07408
SISE PUENTE PIEDRA,4.18,1780725,MACKAY PERU,Privada,Privado,LIMA,PUENTE PIEDRA,AVENIDA LEONCIO PARDO MZ B LOTE 12,-11.839637,-77.106734
SISE VENTANILLA,4.09,1780725,MACKAY PERU,Privada,Privado,LIMA,PUENTE PIEDRA,AVENIDA LEONCIO PARDO MZ B LOTE 12,-11.839637,-77.106734
SISE PUENTE PIEDRA,3.7,1780733,VIRGEN DEL CARMEN DE LUMBRERAS,Privada,Privado,LIMA,CARABAYLLO,CALLE 06 MZ G LOTE 26-27,-11.83151,-77.08233
SISE VILLA EL SALVADOR,4.73,1781533,RICARDO PALMA,Privada,Privado,LIMA,SAN JUAN DE MIRAFLORES,CARRETERA PANAMERICANA SUR KM 18 5 MZ A LOTE B2,-12.21132,-76.97606
SISE SAN JUAN DE LURIGANCHO,3.2,1781558,SAN MIGUEL EMPRENDEDOR,Privada,Privado,LIMA,EL AGUSTINO,PASAJE SAN MIGUEL 119 MZ R LOTE 37 ZONA 4,-12.04564,-76.99931
SISE SAN JUAN DE LURIGANCHO,3.49,1781574,COLEGIOS AD CRISTONY,Privada,Privado,LIMA,SAN JUAN DE LURIGANCHO,AVENIDA EL SOL 650,-11.98599,-77.00255
SISE SAN JUAN DE MIRAFLORES,3.85,1781723,EL MUNDO DEL DIVINO NI¥O,Privada,Privado,LIMA,SAN JUAN DE MIRAFLORES,SUBLOTE 20-A1 LOTE 08,-12.13196,-76.95331
SISE SURCO,4.08,1781723,EL MUNDO DEL DIVINO NI¥O,Privada,Privado,LIMA,SAN JUAN DE MIRAFLORES,SUBLOTE 20-A1 LOTE 08,-12.13196,-76.95331
SISE PUENTE PIEDRA,3.6,1782341,SCHOOL KING,Privada,Privado,LIMA,CARABAYLLO,"AVENIDA LAS LOMAS DE CARABAYLLO S/N MZ G LOTE 1,2,3 Y 34",-11.832168,-77.075729
SISE ATE,4.75,1782408,MONTESSORI DE CARAPONGO,Privada,Privado,LIMA,LURIGANCHO,CALLE LAS CRUCES MZ T LOTE 3,-11.999863,-76.862231
SISE CANTUARIAS,4.51,1782895,MARGARET MEAD,Privada,Privado,LIMA,MAGDALENA DEL MAR,CALLE FLORA TRISTAN 510,-12.095885,-77.058124
SISE SAN MIGUEL,2.76,1782895,MARGARET MEAD,Privada,Privado,LIMA,MAGDALENA DEL MAR,CALLE FLORA TRISTAN 510,-12.095885,-77.058124
SISE SANTA BEATRIZ,3.15,1782895,MARGARET MEAD,Privada,Privado,LIMA,MAGDALENA DEL MAR,CALLE FLORA TRISTAN 510,-12.095885,-77.058124
SISE SAN JUAN DE LURIGANCHO,1.55,1783356,SANTISIMA TRINIDAD,Privada,Privado,LIMA,SAN JUAN DE LURIGANCHO,CALLE 4 MZ G LOTE 11,-12.01382,-76.9905
SISE SAN JUAN DE LURIGANCHO,3.54,1783398,GRUPO EDUCATIVO BRITANICO,Privada,Privado,LIMA,SAN JUAN DE LURIGANCHO,JIRON JUPITER 122,-11.98568,-77.00827
SISE SAN JUAN DE MIRAFLORES,0.61,1783620,LA CASA DE ROSITA,Privada,Privado,LIMA,SAN JUAN DE MIRAFLORES,JIRON VIVIANO PAREDES 1005 ZONA D,-12.15875,-76.968
SISE SURCO,2.59,1783620,LA CASA DE ROSITA,Privada,Privado,LIMA,SAN JUAN DE MIRAFLORES,JIRON VIVIANO PAREDES 1005 ZONA D,-12.15875,-76.968
SISE VILLA EL SALVADOR,4.95,1783620,LA CASA DE ROSITA,Privada,Privado,LIMA,SAN JUAN DE MIRAFLORES,JIRON VIVIANO PAREDES 1005 ZONA D,-12.15875,-76.968
SISE SAN JUAN DE MIRAFLORES,3.07,1783687,SEMILLITAS DE JESUS,Privada,Privado,LIMA,SAN JUAN DE MIRAFLORES,MZ K3 LOTE 33,-12.13548,-76.96143
SISE SURCO,3.11,1783687,SEMILLITAS DE JESUS,Privada,Privado,LIMA,SAN JUAN DE MIRAFLORES,MZ K3 LOTE 33,-12.13548,-76.96143
SISE SAN JUAN DE LURIGANCHO,0.52,1783695,PAMER D'MERICI,Privada,Privado,LIMA,SAN JUAN DE LURIGANCHO,CALLE SAN ENRIQUE 951 MZ C LOTE 5,-12.01827,-76.99965
SISE SAN JUAN DE LURIGANCHO,4.6,1783745,CRECIENDO CON AMOR,Privada,Privado,LIMA,SAN JUAN DE LURIGANCHO,AVENIDA LOS EUCALIPTOS 313,-11.97728,-77.01511
SISE SAN JUAN DE LURIGANCHO,2.39,1783752,UNICIENCIA,Privada,Privado,LIMA,SAN JUAN DE LURIGANCHO,JIRON LOS GRAFITOS 805 MZ T-IV LOTE 9,-11.99644,-76.99884
SISE SAN JUAN DE LURIGANCHO,1.26,1784248,RIOS DE AGUA VIVA,Privada,Privado,LIMA,SAN JUAN DE LURIGANCHO,JIRON LOS YUPANQUIS 486,-12.02291,-76.9943
SISE VENTANILLA,4.27,1785740,GOZO ETERNO INCAWASI,Privada,Privado,CALLAO,VENTANILLA,MZ U LOTE 1 AA.HH.,-11.84386,-77.157607
SISE COMAS,2.18,1785815,NUEVO MUNDO,Privada,Privado,LIMA,SAN MARTIN DE PORRES,"CALLE 9 S/N LOTE 29,30 Y 31",-11.992345,-77.083852
SISE INDEPENDENCIA,2.67,1785815,NUEVO MUNDO,Privada,Privado,LIMA,SAN MARTIN DE PORRES,"CALLE 9 S/N LOTE 29,30 Y 31",-11.992345,-77.083852
SISE COMAS,4.47,1785831,SACO OLIVEROS DE ELIO,Privada,Privado,LIMA,LIMA,CALLE EUGENIO PAREDES 2448-2450,-12.05118,-77.07284
SISE SAN MIGUEL,3.2,1785831,SACO OLIVEROS DE ELIO,Privada,Privado,LIMA,LIMA,CALLE EUGENIO PAREDES 2448-2450,-12.05118,-77.07284
SISE SANTA BEATRIZ,4.98,1785831,SACO OLIVEROS DE ELIO,Privada,Privado,LIMA,LIMA,CALLE EUGENIO PAREDES 2448-2450,-12.05118,-77.07284
SISE SAN JUAN DE MIRAFLORES,3.68,1785856,SANTA RITA DE CASIA DE CHORRILLOS,Privada,Privado,LIMA,CHORRILLOS,CALLE LOS GORRIONES S/N MZ I LOTE 5F,-12.17534,-77.00363
SISE SURCO,3.68,1785856,SANTA RITA DE CASIA DE CHORRILLOS,Privada,Privado,LIMA,CHORRILLOS,CALLE LOS GORRIONES S/N MZ I LOTE 5F,-12.17534,-77.00363
SISE PUENTE PIEDRA,1.25,1786268,UNIVERSITY COPACABANA,Privada,Privado,LIMA,PUENTE PIEDRA,CALLE EL PALOMINO MZ B LOTE 31,-11.85595,-77.07037
SISE VENTANILLA,4.84,1786854,LOS INGENIEROS,Privada,Privado,CALLAO,VENTANILLA,MZ X LOTE 17 AL 21,-11.8345,-77.1548
SISE SAN JUAN DE MIRAFLORES,1.58,1787241,INNOVA SCHOOLS - SAN JUAN DE MIRAFLORES,Privada,Privado,LIMA,SAN JUAN DE MIRAFLORES,"AVENIDA PEDRO MIOTTA S/N SECTOR IV, V",-12.17444,-76.9765
SISE SURCO,3.39,1787241,INNOVA SCHOOLS - SAN JUAN DE MIRAFLORES,Privada,Privado,LIMA,SAN JUAN DE MIRAFLORES,"AVENIDA PEDRO MIOTTA S/N SECTOR IV, V",-12.17444,-76.9765
SISE VILLA EL SALVADOR,4.66,1787241,INNOVA SCHOOLS - SAN JUAN DE MIRAFLORES,Privada,Privado,LIMA,SAN JUAN DE MIRAFLORES,"AVENIDA PEDRO MIOTTA S/N SECTOR IV, V",-12.17444,-76.9765
SISE VILLA EL SALVADOR,3.99,1787456,INNOVA SCHOOLS - VES VALLEJO,Privada,Privado,LIMA,VILLA EL SALVADOR,PROL JORGE CHAVEZ ESQUINA CALLE 6 LOTE 38 ZONA AGROPECUARIA,-12.22237,-76.9567
SISE COMAS,2.71,1787498,INNOVA SCHOOLS - CALLAO SANTA ROSA,Privada,Privado,CALLAO,CALLAO,AVENIDA BERTELLO S/N MZ A LOTE Z,-12.01167,-77.10567
SISE ATE,4.36,1787654,INNOVA SCHOOLS - ATE MAYORAZGO,Privada,Privado,LIMA,ATE,"AVENIDA JAVIER PRADO PARCELA M2 DEL LOTE 6, SUB 1 S/N MZ B LOTE A",-12.0432,-76.93305
SISE INDEPENDENCIA,4.8,1787811,MI SEGUNDO HOGAR,Privada,Privado,LIMA,SAN JUAN DE LURIGANCHO,AVENIDA CANTO GRANDE MZ U,-11.9949,-77.0155
SISE SAN JUAN DE LURIGANCHO,2.77,1787811,MI SEGUNDO HOGAR,Privada,Privado,LIMA,SAN JUAN DE LURIGANCHO,AVENIDA CANTO GRANDE MZ U,-11.9949,-77.0155
SISE SAN JUAN DE LURIGANCHO,4.8,1788371,STAR,Privada,Privado,LIMA,SAN JUAN DE LURIGANCHO,AVENIDA PROCERES DE LA INDEPENDENCIA 3448 -3450,-11.97445,-76.99906
SISE COMAS,4.95,1788496,SAN JUAN BAUTISTA,Privada,Privado,LIMA,LOS OLIVOS,JIRON MIRAFLORES MZ J LOTE 1 ETAPA II,-11.9672,-77.082
SISE INDEPENDENCIA,3.55,1788496,SAN JUAN BAUTISTA,Privada,Privado,LIMA,LOS OLIVOS,JIRON MIRAFLORES MZ J LOTE 1 ETAPA II,-11.9672,-77.082
SISE COMAS,2.46,1789130,MASTER CIENCIAS I,Privada,Privado,LIMA,SAN MARTIN DE PORRES,JIRON EL CHACO 2251,-12.0307,-77.0692
SISE INDEPENDENCIA,4.62,1789130,MASTER CIENCIAS I,Privada,Privado,LIMA,SAN MARTIN DE PORRES,JIRON EL CHACO 2251,-12.0307,-77.0692
SISE VENTANILLA,4.85,1789155,SAN LUIS GONZAGA,Privada,Privado,CALLAO,VENTANILLA,AVENIDA PACHACUTEC CUADRA 2,-11.826084,-77.131374
SISE VENTANILLA,3.65,1789163,AMIGOS DE JESUS,Privada,Privado,CALLAO,VENTANILLA,AVENIDA BOLIVIA S/N MZ L LOTE 12-13,-11.83698,-77.124879
SISE PUENTE PIEDRA,2.92,1789304,CIENTIFICO EL AMAUTA,Privada,Privado,CALLAO,VENTANILLA,AVENIDA C MZ IV-IX LOTE 5-24,-11.880469,-77.099108
SISE VENTANILLA,3.42,1789304,CIENTIFICO EL AMAUTA,Privada,Privado,CALLAO,VENTANILLA,AVENIDA C MZ IV-IX LOTE 5-24,-11.880469,-77.099108
SISE PUENTE PIEDRA,2.65,1789593,MARIO BENEDETTI,Privada,Privado,LIMA,CARABAYLLO,"MZ D LOTE 2, 3, 4",-11.842036,-77.069602
SISE ATE,1.5,1789635,INNOVA SCHOOLS - ATE SANTA MARIA,Privada,Privado,LIMA,ATE,AVENIDA FRANCISCO BOLOGNESI PARCELA D LOTE 17-20,-12.02748,-76.88939
SISE VENTANILLA,3.44,1789726,COLLEGE PASCAL,Privada,Privado,CALLAO,VENTANILLA,AVENIDA LOS PINOS MZ C LOTE 12 - 13 SECTOR PACHACUTEC,-11.83928,-77.12224
SISE SAN MIGUEL,3.33,1789742,SANTA TERESA DE AVILA,Privada,Privado,LIMA,LIMA,AVENIDA PROLONGACION ARICA 2048,-12.0542,-77.06119
SISE SANTA BEATRIZ,3.79,1789742,SANTA TERESA DE AVILA,Privada,Privado,LIMA,LIMA,AVENIDA PROLONGACION ARICA 2048,-12.0542,-77.06119
SISE SURCO,4.78,1789841,DE COLORES,Privada,Privado,LIMA,CHORRILLOS,JIRON MEXICO 278,-12.17403,-77.0213
SISE SAN JUAN DE MIRAFLORES,4.47,1789940,LIDER INGENIEROS UNI,Privada,Privado,LIMA,VILLA EL SALVADOR,CALLE 11 MZ 9 LOTE 23-24,-12.19761,-76.95753
SISE VILLA EL SALVADOR,2.28,1789940,LIDER INGENIEROS UNI,Privada,Privado,LIMA,VILLA EL SALVADOR,CALLE 11 MZ 9 LOTE 23-24,-12.19761,-76.95753
SISE VILLA EL SALVADOR,4.13,1790062,JUVENTUD CIENTIFICA - VMT,Privada,Privado,LIMA,VILLA MARIA DEL TRIUNFO,JIRON CAMANA MZ 147 LOTE 8,-12.21802,-76.9105
SISE PUENTE PIEDRA,1.6,1790179,EL ROBLE,Privada,Privado,LIMA,PUENTE PIEDRA,"MZ H1 LOTE 1,2",-11.853693,-77.06806
SISE COMAS,1.02,1790393,COLEGIO PERUANO DE CIENCIAS,Privada,Privado,LIMA,LOS OLIVOS,AVENIDA ANGELICA GAMARRA 909 MZ A LOTE 24 Y 25 ETAPA II,-12.00644,-77.07308
SISE INDEPENDENCIA,2.34,1790393,COLEGIO PERUANO DE CIENCIAS,Privada,Privado,LIMA,LOS OLIVOS,AVENIDA ANGELICA GAMARRA 909 MZ A LOTE 24 Y 25 ETAPA II,-12.00644,-77.07308
SISE SAN MIGUEL,2.61,1790435,CORAZON DE JESUS,Privada,Privado,LIMA,SAN MIGUEL,JIRON PASCUAL DE ANDAGOYA 265,-12.08004,-77.10132
SISE PUENTE PIEDRA,4.48,1790450,TECHNOLOGY SCHOOLS DE ZAPALLAL,Privada,Privado,LIMA,PUENTE PIEDRA,AVENIDA LAS CASCADAS S/N MZ D LOTE 3,-11.83948,-77.11017
SISE VENTANILLA,3.9,1790450,TECHNOLOGY SCHOOLS DE ZAPALLAL,Privada,Privado,LIMA,PUENTE PIEDRA,AVENIDA LAS CASCADAS S/N MZ D LOTE 3,-11.83948,-77.11017
SISE SAN JUAN DE MIRAFLORES,2.91,1790484,AVANZA,Privada,Privado,LIMA,SANTIAGO DE SURCO,JIRON MONTE ALAMO 256 MZ F LOTE 28,-12.13551,-76.9813
SISE SURCO,1.37,1790484,AVANZA,Privada,Privado,LIMA,SANTIAGO DE SURCO,JIRON MONTE ALAMO 256 MZ F LOTE 28,-12.13551,-76.9813
SISE VENTANILLA,3.25,1790583,GAMALIEL,Privada,Privado,CALLAO,VENTANILLA,MZ A LOTE 4,-11.844846,-77.144367
SISE COMAS,2.9,1790625,TECHNOLOGY SCHOOLS DE SAN MARTIN DE PORRES,Privada,Privado,LIMA,SAN MARTIN DE PORRES,MZ N LOTE 2,-11.99315,-77.09957
SISE INDEPENDENCIA,4.38,1790625,TECHNOLOGY SCHOOLS DE SAN MARTIN DE PORRES,Privada,Privado,LIMA,SAN MARTIN DE PORRES,MZ N LOTE 2,-11.99315,-77.09957
SISE INDEPENDENCIA,4.27,1790856,CARROUSEL,Privada,Privado,LIMA,COMAS,JIRON LA HABANA MZ G LOTE 16 ZONA L,-11.956699,-77.04027
SISE SAN JUAN DE LURIGANCHO,2.8,1790930,INGENIEROS UNI SCHOOL,Privada,Privado,LIMA,SAN JUAN DE LURIGANCHO,JIRON SILLUSTANI MZ A-3 LOTE 28,-12.01215,-76.97911
SISE VILLA EL SALVADOR,1.37,1791359,GABRIEL GARCIA MARQUEZ DE VILLA MARIA DEL TRIUNFO,Privada,Privado,LIMA,VILLA MARIA DEL TRIUNFO,AVENIDA FLORA TRISTAN 594,-12.19172,-76.92481
SISE INDEPENDENCIA,3.38,1791540,INNOVACION TECNOLOGICA DEL PERU,Privada,Privado,LIMA,COMAS,AVENIDA TUPAC AMARU 709,-11.96027,-77.05413
SISE COMAS,4.97,1792712,COPRODELI MONSE¥OR RICARDO DURAND,P£blica de gesti¢n privada,Privado,CALLAO,CALLAO,PARQUE 2 LAS 200 MILLAS S/N,-11.996618,-77.123783
SISE CANTUARIAS,4.55,1792985,KASNER,Privada,Privado,LIMA,LINCE,JIRON LEON VELARDE 765,-12.08363,-77.04237
SISE SAN MIGUEL,3.82,1792985,KASNER,Privada,Privado,LIMA,LINCE,JIRON LEON VELARDE 765,-12.08363,-77.04237
SISE SANTA BEATRIZ,0.97,1792985,KASNER,Privada,Privado,LIMA,LINCE,JIRON LEON VELARDE 765,-12.08363,-77.04237
SISE VENTANILLA,3.21,1793314,MATEMATICO HARRY SULLIVAN,Privada,Privado,CALLAO,VENTANILLA,MZ B LOTE 4-19 SECTOR 2,-11.842948,-77.139951
SISE VENTANILLA,2.36,1793355,MI PEQUE¥O ARQUITECTO,Privada,Privado,CALLAO,VENTANILLA,"SECTOR II S/N MZ K-7 LOTE 27, 10 Y 11",-11.890742,-77.126352
SISE VENTANILLA,2.96,1793413,MI DULCE JESUS,Privada,Privado,CALLAO,VENTANILLA,AVENIDA 200 MILLAS S/N MZ A LOTE 21-22,-11.8451,-77.1392
SISE PUENTE PIEDRA,3.05,1794379,JUAN PABLO II DIVINO SCHOOL,Privada,Privado,LIMA,PUENTE PIEDRA,CARRETERA PANAMERICANA NORTE KM. 26.50 MZ 01 LOTE 01,-11.888302,-77.063969
SISE VENTANILLA,4.1,3007002,5156 ELIAS AGUIRRE ROMERO,P£blica de gesti¢n directa,Público,CALLAO,VENTANILLA,PARCELA NUEVO PACHACUTEC MZ G4 LOTE 8,-11.847064,-77.158367
SISE SAN JUAN DE MIRAFLORES,4.33,1794825,SIERVOS DE JESUS,Privada,Privado,LIMA,VILLA MARIA DEL TRIUNFO,MZ C LOTE 8-9,-12.14635,-76.93624
SISE SAN JUAN DE MIRAFLORES,2.71,3007838,SOR MARIA DE LOS ANGELES II,Privada,Privado,LIMA,SAN JUAN DE MIRAFLORES,AVENIDA SOLIDARIDAD MZ F4 LOTE 18,-12.136996,-76.967061
SISE SURCO,2.48,3007838,SOR MARIA DE LOS ANGELES II,Privada,Privado,LIMA,SAN JUAN DE MIRAFLORES,AVENIDA SOLIDARIDAD MZ F4 LOTE 18,-12.136996,-76.967061
SISE SAN JUAN DE LURIGANCHO,4.46,1796366,MAHANAIM,Privada,Privado,LIMA,SANTA ANITA,CALLE LOS QUIPUS 275-277,-12.03702,-76.96868
SISE SAN JUAN DE MIRAFLORES,3.86,1796861,PAMPLONA COLLEGE,Privada,Privado,LIMA,SAN JUAN DE MIRAFLORES,AVENIDA CAMINO REAL S/N LOTE 3A ZONA A,-12.13118,-76.95434
SISE SURCO,4.01,1796861,PAMPLONA COLLEGE,Privada,Privado,LIMA,SAN JUAN DE MIRAFLORES,AVENIDA CAMINO REAL S/N LOTE 3A ZONA A,-12.13118,-76.95434
SISE PUENTE PIEDRA,4.99,1797984,EL SALVADOR,Privada,Privado,LIMA,PUENTE PIEDRA,CALLE 1 S/N MZ M LOTE 27-28,-11.82384,-77.09739
SISE COMAS,1.34,1798149,STAR TALENT PERU SCHOOL,Privada,Privado,CALLAO,CALLAO,AVENIDA LAS CASTA¥AS 191 - 195,-12.017783,-77.09138
SISE INDEPENDENCIA,4.64,1798149,STAR TALENT PERU SCHOOL,Privada,Privado,CALLAO,CALLAO,AVENIDA LAS CASTA¥AS 191 - 195,-12.017783,-77.09138
SISE ATE,3.53,1798834,1205 ABELARDO QUI¥ONES,P£blica de gesti¢n directa,Público,LIMA,LURIGANCHO,PLAZA PRINCIPAL S/N,-11.99263,-76.91756
SISE COMAS,1.86,1799188,UNIVERSIA DEL CALLAO,Privada,Privado,CALLAO,CALLAO,CALLE 1 MZ A LOTE 28 Y 1E,-12.00607,-77.09687
SISE INDEPENDENCIA,4.44,1799188,UNIVERSIA DEL CALLAO,Privada,Privado,CALLAO,CALLAO,CALLE 1 MZ A LOTE 28 Y 1E,-12.00607,-77.09687
SISE ATE,4.0,1799477,1223,P£blica de gesti¢n directa,Público,LIMA,LURIGANCHO,SANTA CRUZ DE HUACHIPA S/N,-12.00154,-76.93246
SISE SAN JUAN DE MIRAFLORES,4.4,3022183,PROLOG DE DELICIAS,Privada,Privado,LIMA,CHORRILLOS,AVENIDA CORDILLERA VILCANOTA S/N MZ F-14 LOTE 10,-12.198064,-76.98633
SISE ATE,4.62,1800457,CRISTO DE LA PAZ DE CAJAMARQUILLA,Privada,Privado,HUAROCHIRI,SAN ANTONIO,AVENIDA UNION S/N MZ I1 LOTE 17,-11.979027,-76.908502
SISE VENTANILLA,4.02,3024726,JESUCRISTO MI PASTOR,Privada,Privado,CALLAO,VENTANILLA,MZ I LOTE 01 Y 02,-11.844779,-77.155433
SISE PUENTE PIEDRA,3.8,3026291,ALBERT EINSTEIN III,Privada,Privado,CALLAO,VENTANILLA,MZ U LOTE 15-26-27,-11.862258,-77.112724
SISE VENTANILLA,1.9,3026291,ALBERT EINSTEIN III,Privada,Privado,CALLAO,VENTANILLA,MZ U LOTE 15-26-27,-11.862258,-77.112724
SISE VENTANILLA,4.84,3028362,5129 VENCEDORES DE PACHACUTEC,P£blica de gesti¢n directa,Público,CALLAO,VENTANILLA,MZ Z'1 LOTE 2 SECTOR D,-11.832688,-77.152132
SISE COMAS,4.27,3029733,EXCELLENCE SCHOOL,Privada,Privado,CALLAO,CALLAO,"CALLE LOS ROSALES S/N MZ C LOTE 1,2,3,8,9,10",-11.983016,-77.106922
SISE PUENTE PIEDRA,2.87,3030277,AUGUSTO WIESE,Privada,Privado,LIMA,CARABAYLLO,"CALLE UNO S/N MZ C LOTE 1, 2 Y 3",-11.83871,-77.07982
SISE VENTANILLA,3.52,3038718,JOHN DEWEY,Privada,Privado,CALLAO,VENTANILLA,MZ E LOTE 30 SECTOR F,-11.841569,-77.143524
SISE SAN MIGUEL,1.1,3039310,BRITISH INTERNATIONAL SCHOOL,Privada,Privado,LIMA,MAGDALENA DEL MAR,AVENIDA SALAVERRY 3030,-12.074719,-77.068542
SISE SANTA BEATRIZ,3.56,3039310,BRITISH INTERNATIONAL SCHOOL,Privada,Privado,LIMA,MAGDALENA DEL MAR,AVENIDA SALAVERRY 3030,-12.074719,-77.068542
SISE SANTA BEATRIZ,2.78,3039237,SAN JOSE MARELLO,Privada,Privado,LIMA,LA VICTORIA,JIRON TEOFILO CASTILLO 257,-12.073247,-77.010781
SISE PUENTE PIEDRA,4.17,3046182,PROLOG DE CARABAYLLO,Privada,Privado,LIMA,CARABAYLLO,AVENIDA TRES MZ B LOTE 22,-11.860021,-77.039775
SISE SAN MIGUEL,2.9,3047255,LOBACHEVSKY,Privada,Privado,CALLAO,BELLAVISTA,CALLE PERALTA 225,-12.056744,-77.08997
SISE COMAS,4.49,3047743,SANTISIMO NOMBRE DE MARIA,Privada,Privado,CALLAO,CALLAO,MZ C LOTE 19,-11.9955,-77.11855
SISE CANTUARIAS,0.38,0329268,ALEXANDER VON HUMBOLDT,Privada,Privado,LIMA,MIRAFLORES,AVENIDA BENAVIDES 3572,-12.121701,-77.029137
SISE SANTA BEATRIZ,4.95,0329268,ALEXANDER VON HUMBOLDT,Privada,Privado,LIMA,MIRAFLORES,AVENIDA BENAVIDES 3572,-12.121701,-77.029137
SISE SURCO,4.58,0522961,CAMBRIDGE COLLEGE LIMA,Privada,Privado,LIMA,CHORRILLOS,"SUB-SECCION D-1-A Y LOTE 1,2 Y 3",-12.171079,-77.021351
SISE SAN JUAN DE MIRAFLORES,4.4,0872671,INGENIERIA DE CARMELITAS,Privada,Privado,LIMA,VILLA MARIA DEL TRIUNFO,AVENIDA 26 DE NOVIEMBRE S/N MZ 17 LOTE 15,-12.174306,-76.93537
SISE VILLA EL SALVADOR,1.95,0872671,INGENIERIA DE CARMELITAS,Privada,Privado,LIMA,VILLA MARIA DEL TRIUNFO,AVENIDA 26 DE NOVIEMBRE S/N MZ 17 LOTE 15,-12.174306,-76.93537
SISE SANTA BEATRIZ,4.56,1008002,SACO OLIVEROS DE SAN LUIS,Privada,Privado,LIMA,SAN LUIS,JIRON BADAJOS 246 ETAPA V,-12.073456,-76.994234
SISE VENTANILLA,1.16,1097567,SAN PEDRO NOLASCO,Privada,Privado,CALLAO,VENTANILLA,MZ W3 LOTE 15-16-17,-11.878645,-77.13383
SISE PUENTE PIEDRA,1.02,1245604,CIENCIAS Y HUMANIDADES,Privada,Privado,LIMA,PUENTE PIEDRA,AVENIDA COPACABANA S/N MZ B LOTE 06,-11.856673,-77.072933
SISE COMAS,3.17,1261908,SE¥OR DE LA SOLEDAD,Privada,Privado,LIMA,SAN MARTIN DE PORRES,JIRON FRANCISCO DE MIRANDA 173,-12.029867,-77.05831
SISE INDEPENDENCIA,4.41,1261908,SE¥OR DE LA SOLEDAD,Privada,Privado,LIMA,SAN MARTIN DE PORRES,JIRON FRANCISCO DE MIRANDA 173,-12.029867,-77.05831
SISE SAN JUAN DE MIRAFLORES,2.71,1274034,ANGELES DE JESUS,Privada,Privado,LIMA,VILLA MARIA DEL TRIUNFO,AVENIDA MAYTA CAPAC 317,-12.172243,-76.951463
SISE SURCO,4.92,1274034,ANGELES DE JESUS,Privada,Privado,LIMA,VILLA MARIA DEL TRIUNFO,AVENIDA MAYTA CAPAC 317,-12.172243,-76.951463
SISE VILLA EL SALVADOR,2.65,1274034,ANGELES DE JESUS,Privada,Privado,LIMA,VILLA MARIA DEL TRIUNFO,AVENIDA MAYTA CAPAC 317,-12.172243,-76.951463
SISE SAN JUAN DE LURIGANCHO,4.52,1278787,NI¥O DE JESUS,Privada,Privado,LIMA,SAN JUAN DE LURIGANCHO,AVENIDA PROLONGACION SAN MARTIN S/N MZ L LOTE 5-6-7,-11.980913,-76.985729
SISE COMAS,2.67,1330315,TECHNOLOGY SCHOOLS CAYETANO,Privada,Privado,LIMA,SAN MARTIN DE PORRES,JIRON SAN JUAN BAUTISTA 300 MZ A-22 LOTE 14,-12.016253,-77.05667
SISE INDEPENDENCIA,2.9,1330315,TECHNOLOGY SCHOOLS CAYETANO,Privada,Privado,LIMA,SAN MARTIN DE PORRES,JIRON SAN JUAN BAUTISTA 300 MZ A-22 LOTE 14,-12.016253,-77.05667
SISE SAN JUAN DE MIRAFLORES,2.28,1475961,TALENTUS V.E.S.,Privada,Privado,LIMA,VILLA EL SALVADOR,CALLE HORACIO ZEVALLOS CON AV. ANDRES AVELINO CACERES S/N MZ Z LOTE 4-8,-12.178917,-76.964106
SISE SURCO,4.48,1475961,TALENTUS V.E.S.,Privada,Privado,LIMA,VILLA EL SALVADOR,CALLE HORACIO ZEVALLOS CON AV. ANDRES AVELINO CACERES S/N MZ Z LOTE 4-8,-12.178917,-76.964106
SISE VILLA EL SALVADOR,3.23,1475961,TALENTUS V.E.S.,Privada,Privado,LIMA,VILLA EL SALVADOR,CALLE HORACIO ZEVALLOS CON AV. ANDRES AVELINO CACERES S/N MZ Z LOTE 4-8,-12.178917,-76.964106
SISE SAN JUAN DE MIRAFLORES,0.34,1481621,SACO OLIVEROS HELICOIDAL,Privada,Privado,LIMA,SAN JUAN DE MIRAFLORES,JIRON JULIO BELLIDO 3ER PISO S/N MZ O LOTE 21,-12.158854,-76.97077
SISE SURCO,2.35,1481621,SACO OLIVEROS HELICOIDAL,Privada,Privado,LIMA,SAN JUAN DE MIRAFLORES,JIRON JULIO BELLIDO 3ER PISO S/N MZ O LOTE 21,-12.158854,-76.97077
SISE PUENTE PIEDRA,0.51,1500644,JESUS SUBLIME MAESTRO,Privada,Privado,LIMA,CARABAYLLO,"JIRON JOSE MARIA EGUREN S/N MZ T LOTE 2,3,4",-11.8684,-77.07537
SISE SAN JUAN DE MIRAFLORES,3.09,1510841,LE D'ALEMBERT,Privada,Privado,LIMA,CHORRILLOS,JIRON LOS METEOROS ESQUINA CON JR. MURILLO S/N MZ O-1 LOTE 8,-12.173076,-76.99877
SISE SURCO,3.23,1510841,LE D'ALEMBERT,Privada,Privado,LIMA,CHORRILLOS,JIRON LOS METEOROS ESQUINA CON JR. MURILLO S/N MZ O-1 LOTE 8,-12.173076,-76.99877
SISE COMAS,3.17,1645076,GENES DE SAN MARTIN DE PORRES,Privada,Privado,LIMA,SAN MARTIN DE PORRES,MZ A LOTE 3-A1,-12.029867,-77.05831
SISE INDEPENDENCIA,4.41,1645076,GENES DE SAN MARTIN DE PORRES,Privada,Privado,LIMA,SAN MARTIN DE PORRES,MZ A LOTE 3-A1,-12.029867,-77.05831
SISE SAN JUAN DE LURIGANCHO,4.62,1720184,JOSEPH NOVAK SCHOOL I,Privada,Privado,LIMA,SAN JUAN DE LURIGANCHO,CALLE LOS CIRUELOS 232-A MZ M LOTE 41,-11.97612,-77.010348
SISE PUENTE PIEDRA,0.26,1790179,EL ROBLE,Privada,Privado,LIMA,PUENTE PIEDRA,"MZ C LOTE 2,3,4,5 Y 15",-11.86678,-77.077715
SISE SAN JUAN DE MIRAFLORES,3.03,1085950,CRUZ SACO CHORRILLOS,Privada,Privado,LIMA,CHORRILLOS,AVENIDA LAS GAVIOTAS 931-935,-12.169442,-76.999687
SISE SURCO,2.9,1085950,CRUZ SACO CHORRILLOS,Privada,Privado,LIMA,CHORRILLOS,AVENIDA LAS GAVIOTAS 931-935,-12.169442,-76.999687
SISE SAN JUAN DE MIRAFLORES,1.78,3050986,NORBERT WIENER I,Privada,Privado,LIMA,VILLA MARIA DEL TRIUNFO,AVENIDA JULIO C. TELLO 287 ETAPA I,-12.15472,-76.958091
SISE SURCO,3.38,3050986,NORBERT WIENER I,Privada,Privado,LIMA,VILLA MARIA DEL TRIUNFO,AVENIDA JULIO C. TELLO 287 ETAPA I,-12.15472,-76.958091
SISE VILLA EL SALVADOR,4.69,3050986,NORBERT WIENER I,Privada,Privado,LIMA,VILLA MARIA DEL TRIUNFO,AVENIDA JULIO C. TELLO 287 ETAPA I,-12.15472,-76.958091
SISE PUENTE PIEDRA,3.71,1497668,JESUS AMIGO,Privada,Privado,LIMA,PUENTE PIEDRA,JIRON ZAPALLAL S/N MZ R1 LOTE 9,-11.840861,-77.101991
SISE VENTANILLA,4.31,1497668,JESUS AMIGO,Privada,Privado,LIMA,PUENTE PIEDRA,JIRON ZAPALLAL S/N MZ R1 LOTE 9,-11.840861,-77.101991
SISE COMAS,4.79,1574177,TECHNOLOGY SCHOOLS DE INDEPENDENCIA,Privada,Privado,LIMA,INDEPENDENCIA,JIRON HUATANAY 305 MZ A4 LOTE 32,-11.981943,-77.0489
SISE INDEPENDENCIA,1.47,1574177,TECHNOLOGY SCHOOLS DE INDEPENDENCIA,Privada,Privado,LIMA,INDEPENDENCIA,JIRON HUATANAY 305 MZ A4 LOTE 32,-11.981943,-77.0489
SISE SAN JUAN DE LURIGANCHO,4.71,1788371,STAR,Privada,Privado,LIMA,SAN JUAN DE LURIGANCHO,AVENIDA LOS CIRUELOS 1068-1072,-11.975934,-76.994998
SISE SAN JUAN DE LURIGANCHO,4.8,1788371,STAR,Privada,Privado,LIMA,SAN JUAN DE LURIGANCHO,CALLE 8 104,-11.97445,-76.99906
SISE SAN JUAN DE LURIGANCHO,4.89,1734300,TRILCE WISSE,Privada,Privado,LIMA,SAN JUAN DE LURIGANCHO,CALLE EL ROSARIO 530,-11.974518,-76.994011
SISE SAN JUAN DE MIRAFLORES,2.52,3055704,TRILCE VILLA MARIA I,Privada,Privado,LIMA,VILLA MARIA DEL TRIUNFO,AVENIDA EL TRIUNFO SUB-LOTE 10-A S/N MZ 17 LOTE 14-15,-12.166993,-76.951138
SISE SURCO,4.63,3055704,TRILCE VILLA MARIA I,Privada,Privado,LIMA,VILLA MARIA DEL TRIUNFO,AVENIDA EL TRIUNFO SUB-LOTE 10-A S/N MZ 17 LOTE 14-15,-12.166993,-76.951138
SISE VILLA EL SALVADOR,3.13,3055704,TRILCE VILLA MARIA I,Privada,Privado,LIMA,VILLA MARIA DEL TRIUNFO,AVENIDA EL TRIUNFO SUB-LOTE 10-A S/N MZ 17 LOTE 14-15,-12.166993,-76.951138
SISE SAN JUAN DE MIRAFLORES,1.64,1423607,SCHILLER GOETHE,Privada,Privado,LIMA,SAN JUAN DE MIRAFLORES,AVENIDA PROLONGACION PEDRO MIOTTA 313 - 315 MZ 6 LOTE 14 ZONA B,-12.175061,-76.975901
SISE SURCO,3.48,1423607,SCHILLER GOETHE,Privada,Privado,LIMA,SAN JUAN DE MIRAFLORES,AVENIDA PROLONGACION PEDRO MIOTTA 313 - 315 MZ 6 LOTE 14 ZONA B,-12.175061,-76.975901
SISE VILLA EL SALVADOR,4.57,1423607,SCHILLER GOETHE,Privada,Privado,LIMA,SAN JUAN DE MIRAFLORES,AVENIDA PROLONGACION PEDRO MIOTTA 313 - 315 MZ 6 LOTE 14 ZONA B,-12.175061,-76.975901
SISE INDEPENDENCIA,2.75,1496512,CANTOR COLLEGE,Privada,Privado,LIMA,COMAS,"AVENIDA METROPOLITANA 630 MZ G LOTE 21,22 Y 23",-11.96556,-77.06124
SISE INDEPENDENCIA,3.22,3056694,COLEGIO MAYOR SISTEMA SAN MARCOS SEDE COMAS,Privada,Privado,LIMA,COMAS,AVENIDA UNIVERSITARIA 5338 MZ B LOTE 29,-11.961394,-77.061551
SISE VENTANILLA,1.12,3056710,GENIUS KIDS,Privada,Privado,CALLAO,MI PERU,AVENIDA TACNA MZ C-5 LOTE 4-5,-11.85952,-77.12782
SISE SAN JUAN DE LURIGANCHO,4.27,3056868,INNOVA SCHOOLS CERCADO SAN RAFAEL,Privada,Privado,LIMA,LIMA,AVENIDA TINGO MARIA 814,-12.04592,-77.030496
SISE SANTA BEATRIZ,3.58,3056868,INNOVA SCHOOLS CERCADO SAN RAFAEL,Privada,Privado,LIMA,LIMA,AVENIDA TINGO MARIA 814,-12.04592,-77.030496
SISE PUENTE PIEDRA,0.8,1579267,CESAR VALLEJO DE LA RIVERA NORTE,Privada,Privado,LIMA,PUENTE PIEDRA,CALLE ANCASH 136 MZ Q LOTE 10-11,-11.859084,-77.08268
SISE PUENTE PIEDRA,3.16,3057866,"ASOCIACION EDUCATIVA SANTO DOMINGO, EL LIDER",Privada,Privado,LIMA,CARABAYLLO,MZ N LOTE 1-13-25-37 SECTOR LOMAS DE CARABAYLLO,-11.850707,-77.052419
SISE COMAS,2.47,3059078,INNOVA SCHOOLS - LOS OLIVOS MENDIOLA,Privada,Privado,LIMA,LOS OLIVOS,AVENIDA ALFREDO MENDIOLA 6068 MZ C LOTE 12,-11.991662,-77.070904
SISE INDEPENDENCIA,1.26,3059078,INNOVA SCHOOLS - LOS OLIVOS MENDIOLA,Privada,Privado,LIMA,LOS OLIVOS,AVENIDA ALFREDO MENDIOLA 6068 MZ C LOTE 12,-11.991662,-77.070904
SISE SAN JUAN DE LURIGANCHO,2.69,3060894,20955-32 PEDRO RECUAY SANCHEZ,P£blica de gesti¢n directa,Público,HUAROCHIRI,SAN ANTONIO,CALLE LOS EUCALIPTOS CON AV. ROSALES S/N SECTOR ANEXO 21,-12.000697,-76.986287
SISE ATE,4.5,3061223,1276,P£blica de gesti¢n directa,Público,LIMA,LURIGANCHO,AVENIDA EL PARAISO DE CAJAMARQUILLA MZ L LOTE 18,-11.98006,-76.90824
SISE COMAS,2.88,3061405,SAN LUIS GONZAGA DEL CALLAO,Privada,Privado,CALLAO,CALLAO,AVENIDA QUILCA S/N MZ A LOTE 11,-12.032885,-77.096055
SISE COMAS,3.65,3062544,NI¥O CHAPERITO II,Privada,Privado,LIMA,SAN MARTIN DE PORRES,CALLE ENRIQUE LA ROSA 250 - 252,-12.02433,-77.049759
SISE INDEPENDENCIA,3.93,3062544,NI¥O CHAPERITO II,Privada,Privado,LIMA,SAN MARTIN DE PORRES,CALLE ENRIQUE LA ROSA 250 - 252,-12.02433,-77.049759
SISE SAN JUAN DE LURIGANCHO,2.37,3063591,SAN GERARDO,Privada,Privado,LIMA,SAN JUAN DE LURIGANCHO,AVENIDA TEMPLO DEL ASPERO S/N,-12.01773,-76.98256
SISE SAN JUAN DE LURIGANCHO,4.23,3063765,LOGICAL SJL.,Privada,Privado,LIMA,SAN JUAN DE LURIGANCHO,AVENIDA EL BOSQUE 338,-11.97926,-77.005978
